#{"t_start": 1787330953.0356958, "env_id": "HandManipulateBlockRotateZ-v1"}
r,l,t
-100.0,100,3.614336
-100.0,100,4.082543
-100.0,100,4.547548
-100.0,100,5.009886
-100.0,100,5.474043
-100.0,100,5.940053
-100.0,100,6.459857
-100.0,100,6.920141
-100.0,100,7.390316
-100.0,100,7.852584
-100.0,100,8.315151
-100.0,100,8.79483
-100.0,100,9.264188
-96.0,100,9.741732
-100.0,100,10.235744
-100.0,100,10.78034
-100.0,100,11.340245
-100.0,100,11.919758
-100.0,100,12.490132
-100.0,100,13.059175
-100.0,100,13.657067
-100.0,100,14.322689
-100.0,100,14.930038
-100.0,100,15.536376
-100.0,100,16.139338
-100.0,100,16.747054
-100.0,100,17.344235
-100.0,100,17.958135
-100.0,100,18.561527
-100.0,100,19.165868
-100.0,100,19.745108
-100.0,100,20.346268
-100.0,100,20.941922
-100.0,100,21.617391
-100.0,100,22.215584
-100.0,100,22.828413
-100.0,100,23.440417
-95.0,100,24.048389
-100.0,100,24.64908
-100.0,100,25.32147
-100.0,100,27.736564
-100.0,100,28.23235
-100.0,100,28.772212
-100.0,100,29.316797
-100.0,100,29.891452
-100.0,100,30.48964
-100.0,100,31.075125
-100.0,100,31.68525
-100.0,100,32.378822
-100.0,100,33.020331
-100.0,100,33.685236
-100.0,100,34.27974
-93.0,100,34.981237
-100.0,100,35.591923
-100.0,100,36.209679
-100.0,100,36.824325
-100.0,100,37.431341
-98.0,100,38.045271
-100.0,100,38.685852
-100.0,100,39.314296
-100.0,100,39.990579
-100.0,100,40.573086
-98.0,100,41.196468
-96.0,100,41.813755
-100.0,100,42.440933
-100.0,100,43.065927
-100.0,100,43.652106
-100.0,100,44.324682
-100.0,100,44.923035
-97.0,100,45.532301
-100.0,100,46.143666
-100.0,100,46.751984
-100.0,100,47.443115
-100.0,100,48.055885
-100.0,100,48.652415
-100.0,100,49.256078
-100.0,100,49.880235
-100.0,100,50.480074
-100.0,100,51.081137
-100.0,100,51.724798
-100.0,100,52.378493
-100.0,100,54.535395
-100.0,100,55.039543
-100.0,100,55.575794
-100.0,100,56.126673
-100.0,100,56.692736
-100.0,100,57.262424
-98.0,100,57.843565
-100.0,100,58.420475
-99.0,100,59.015889
-100.0,100,59.606958
-100.0,100,60.362352
-100.0,100,60.947954
-100.0,100,61.512809
-100.0,100,62.127477
-100.0,100,62.692977
-100.0,100,63.343262
-100.0,100,63.964979
-100.0,100,64.531548
-100.0,100,65.108702
-100.0,100,65.73777
-100.0,100,66.332586
-100.0,100,66.933127
-100.0,100,67.648095
-100.0,100,68.281265
-100.0,100,68.898303
-100.0,100,69.503497
-88.0,100,70.100115
-100.0,100,70.744133
-100.0,100,71.363699
-100.0,100,71.951913
-100.0,100,72.548283
-100.0,100,73.153062
-100.0,100,73.836665
-100.0,100,74.546021
-100.0,100,75.180121
-100.0,100,75.809844
-100.0,100,76.445359
-100.0,100,77.102374
-99.0,100,77.685632
-100.0,100,78.276139
-100.0,100,78.874797
-100.0,100,80.978076
-100.0,100,81.457256
-100.0,100,81.984145
-100.0,100,82.558367
-100.0,100,83.145732
-100.0,100,83.719222
-100.0,100,84.307585
-100.0,100,84.917841
-100.0,100,85.57489
-100.0,100,86.180945
-100.0,100,86.820721
-100.0,100,87.482076
-100.0,100,88.023437
-100.0,100,88.590362
-100.0,100,89.126357
-100.0,100,89.69241
-100.0,100,90.286894
-100.0,100,90.886964
-100.0,100,91.520937
-98.0,100,92.121017
-100.0,100,92.711674
-100.0,100,93.318106
-100.0,100,93.991573
-100.0,100,94.586231
-100.0,100,95.174769
-100.0,100,95.781888
-100.0,100,96.382621
-100.0,100,96.967557
-100.0,100,97.560083
-100.0,100,98.151547
-100.0,100,98.819841
-89.0,100,99.397924
-100.0,100,99.994871
-99.0,100,100.603106
-100.0,100,101.19649
-100.0,100,101.793263
-100.0,100,102.38635
-100.0,100,102.987558
-97.0,100,103.653672
-100.0,100,104.336832
-100.0,100,104.938137
-100.0,100,107.037412
-100.0,100,107.523726
-100.0,100,108.042061
-100.0,100,108.57391
-100.0,100,109.147373
-100.0,100,109.7181
-100.0,100,110.284327
-100.0,100,110.857347
-99.0,100,111.447488
-100.0,100,112.10329
-100.0,100,112.707317
-95.0,100,113.308398
-100.0,100,113.907288
-100.0,100,114.513434
-100.0,100,115.093225
-100.0,100,115.671847
-100.0,100,116.257616
-100.0,100,116.852553
-100.0,100,117.455215
-100.0,100,118.10761
-100.0,100,118.50657
-100.0,100,118.873204
-100.0,100,119.245409
-100.0,100,119.543672
-100.0,100,119.85806
-100.0,100,120.175361
-100.0,100,120.498522
-100.0,100,120.798005
-100.0,100,121.106114
-100.0,100,121.414925
-93.0,100,121.727818
-100.0,100,122.029706
-100.0,100,122.343563
-100.0,100,122.663243
-100.0,100,122.979198
-100.0,100,123.299197
-100.0,100,123.612978
-100.0,100,123.929773
-100.0,100,124.282013
-100.0,100,124.5948
-100.0,100,124.915191
-100.0,100,126.350656
-100.0,100,126.618512
-100.0,100,126.86961
-100.0,100,127.113421
-100.0,100,127.360284
-100.0,100,127.617105
-100.0,100,127.869609
-100.0,100,128.170733
-100.0,100,128.492772
-100.0,100,128.793878
-100.0,100,129.078244
-100.0,100,129.36141
-100.0,100,129.65339
-100.0,100,129.955579
-100.0,100,130.280257
-100.0,100,130.604565
-97.0,100,130.920146
-100.0,100,131.209691
-100.0,100,131.511735
-100.0,100,131.81467
-100.0,100,132.220186
-100.0,100,132.583793
-100.0,100,132.939067
-100.0,100,133.274739
-100.0,100,133.62673
-100.0,100,133.932346
-100.0,100,134.241244
-100.0,100,134.541135
-100.0,100,134.885331
-100.0,100,135.175825
-100.0,100,135.519145
-100.0,100,135.852531
-100.0,100,136.172665
-100.0,100,136.518717
-100.0,100,136.8364
-100.0,100,137.164211
-100.0,100,137.499891
-100.0,100,138.009677
-100.0,100,138.694272
-100.0,100,139.273414
-100.0,100,139.838492
-100.0,100,141.838047
-100.0,100,142.328467
-100.0,100,142.840405
-100.0,100,143.484325
-100.0,100,144.049198
-100.0,100,145.035014
-100.0,100,145.653061
-100.0,100,146.256676
-100.0,100,146.879788
-100.0,100,147.500498
-100.0,100,148.089465
-95.0,100,148.696042
-100.0,100,149.290019
-100.0,100,149.956125
-100.0,100,150.556813
-100.0,100,151.172189
-100.0,100,151.805952
-100.0,100,152.413539
-100.0,100,153.013717
-100.0,100,153.634029
-100.0,100,154.233597
-100.0,100,154.86925
-100.0,100,155.473998
-100.0,100,156.089622
-100.0,100,156.712106
-100.0,100,157.376028
-100.0,100,157.99666
-100.0,100,158.583506
-100.0,100,159.183567
-100.0,100,159.774084
-100.0,100,160.366507
-100.0,100,160.950689
-100.0,100,161.544903
-100.0,100,162.217714
-100.0,100,162.831961
-100.0,100,163.428192
-100.0,100,164.028436
-100.0,100,164.64592
-100.0,100,165.239429
-100.0,100,165.836181
-100.0,100,166.419348
-100.0,100,168.516153
-100.0,100,169.014035
-100.0,100,169.544343
-100.0,100,170.111904
-100.0,100,170.673607
-100.0,100,171.255119
-100.0,100,171.838511
-100.0,100,172.441017
-100.0,100,173.040692
-100.0,100,173.677091
-100.0,100,174.287088
-100.0,100,174.951001
-100.0,100,175.530966
-100.0,100,176.131087
-100.0,100,176.743975
-100.0,100,177.347809
-100.0,100,177.953192
-100.0,100,178.555986
-100.0,100,179.157671
-100.0,100,179.755063
-100.0,100,180.358361
-91.0,100,180.954998
-100.0,100,181.569872
-100.0,100,182.220065
-100.0,100,182.841494
-100.0,100,183.444026
-100.0,100,184.044782
-100.0,100,184.650322
-100.0,100,185.272907
-95.0,100,185.896764
-100.0,100,186.507781
-100.0,100,187.118427
-100.0,100,187.737725
-100.0,100,188.33964
-100.0,100,188.950713
-100.0,100,189.601542
-100.0,100,190.201278
-100.0,100,190.816298
-100.0,100,191.45638
-97.0,100,192.081433
-100.0,100,192.689172
-100.0,100,194.758496
-100.0,100,195.338178
-100.0,100,195.882746
-100.0,100,196.446969
-100.0,100,197.04337
-100.0,100,197.62454
-100.0,100,198.19716
-100.0,100,198.791235
-95.0,100,199.406024
-100.0,100,200.003596
-100.0,100,200.616041
-100.0,100,201.249193
-100.0,100,201.855744
-100.0,100,202.508723
-100.0,100,203.120123
-100.0,100,203.732826
-100.0,100,204.350855
-100.0,100,204.961591
-97.0,100,205.566339
-100.0,100,206.165435
-100.0,100,206.777602
-100.0,100,207.39309
-100.0,100,207.993861
-100.0,100,208.58322
-100.0,100,209.188216
-100.0,100,209.845342
-100.0,100,210.453009
-100.0,100,211.064459
-100.0,100,211.665592
-100.0,100,212.266958
-100.0,100,212.859231
-100.0,100,213.460348
-100.0,100,214.08726
-100.0,100,214.709899
-100.0,100,215.310807
-100.0,100,215.907028
-100.0,100,216.559064
-100.0,100,217.258493
-100.0,100,217.870018
-100.0,100,218.519066
-100.0,100,219.165797
-100.0,100,221.206857
-100.0,100,221.787808
-100.0,100,222.342261
-100.0,100,222.969106
-100.0,100,223.534932
-100.0,100,224.10148
-100.0,100,224.670268
-100.0,100,225.28145
-100.0,100,225.900892
-100.0,100,226.487301
-100.0,100,227.095825
-100.0,100,227.686091
-100.0,100,228.297493
-100.0,100,228.980642
-100.0,100,229.581168
-100.0,100,230.197851
-100.0,100,230.819977
-100.0,100,231.447742
-100.0,100,232.05414
-100.0,100,232.663767
-100.0,100,233.263765
-100.0,100,233.914989
-100.0,100,234.526571
-100.0,100,235.120819
-100.0,100,235.701329
-100.0,100,236.363678
-100.0,100,236.964174
-100.0,100,237.553621
-100.0,100,238.158206
-100.0,100,238.750593
-100.0,100,239.324111
-100.0,100,239.988896
-100.0,100,240.574842
-100.0,100,241.183032
-100.0,100,241.792732
-100.0,100,242.39806
-97.0,100,243.002129
-100.0,100,243.736789
-100.0,100,244.306408
-100.0,100,244.925217
-100.0,100,245.536537
-100.0,100,247.452341
-100.0,100,247.916471
-100.0,100,248.398586
-100.0,100,248.890798
-100.0,100,249.473931
-100.0,100,250.016437
-96.0,100,250.579618
-100.0,100,251.158078
-100.0,100,251.759868
-100.0,100,252.356929
-100.0,100,252.952662
-100.0,100,253.555863
-100.0,100,254.152278
-100.0,100,254.758261
-100.0,100,255.36095
-100.0,100,255.963942
-100.0,100,256.578704
-100.0,100,257.246989
-100.0,100,257.87688
-100.0,100,258.485346
-100.0,100,259.106797
-100.0,100,259.718695
-100.0,100,260.331153
-100.0,100,260.928871
-100.0,100,261.530894
-100.0,100,262.116223
-100.0,100,262.738662
-100.0,100,263.316518
-100.0,100,263.914436
-99.0,100,264.583756
-100.0,100,265.198283
-100.0,100,265.791903
-100.0,100,266.395347
-100.0,100,267.02054
-100.0,100,267.612715
-100.0,100,268.253711
-100.0,100,268.860975
-89.0,100,269.488793
-100.0,100,270.10585
-100.0,100,270.73559
-100.0,100,271.351659
-100.0,100,273.45431
-100.0,100,273.950368
-100.0,100,274.483352
-100.0,100,275.033719
-100.0,100,275.613356
-100.0,100,276.216528
-100.0,100,276.852713
-100.0,100,277.516709
-100.0,100,278.179553
-100.0,100,278.775766
-100.0,100,279.36975
-100.0,100,280.002412
-100.0,100,280.669374
-100.0,100,281.29327
-100.0,100,281.923304
-100.0,100,282.553584
-100.0,100,283.180434
-100.0,100,283.815349
-100.0,100,284.517056
-100.0,100,285.178461
-100.0,100,285.836561
-100.0,100,286.440697
-100.0,100,287.050129
-100.0,100,287.667303
-100.0,100,288.273412
-100.0,100,288.85149
-100.0,100,289.449826
-100.0,100,290.051457
-100.0,100,290.639427
-100.0,100,291.24507
-100.0,100,291.932495
-90.0,100,292.569432
-94.0,100,293.211372
-100.0,100,293.835359
-100.0,100,294.429438
-100.0,100,295.024919
-100.0,100,295.63756
-100.0,100,296.253139
-100.0,100,296.862093
-94.0,100,297.46715
-100.0,100,298.069105
-100.0,100,300.148627
-100.0,100,300.65434
-100.0,100,301.196263
-100.0,100,301.76766
-100.0,100,302.357536
-97.0,100,302.961066
-100.0,100,303.554092
-100.0,100,304.17522
-100.0,100,304.814934
-100.0,100,305.668666
-100.0,100,306.066719
-100.0,100,306.463045
-100.0,100,306.868027
-100.0,100,307.217134
-100.0,100,307.52724
-100.0,100,307.840604
-100.0,100,308.151677
-100.0,100,308.448132
-100.0,100,308.770013
-100.0,100,309.099328
-100.0,100,309.419985
-100.0,100,309.815383
-100.0,100,310.153039
-100.0,100,310.656827
-100.0,100,311.203167
-100.0,100,311.867878
-100.0,100,312.47582
-100.0,100,313.090606
-100.0,100,313.718864
-100.0,100,314.324107
-93.0,100,314.921844
-100.0,100,315.521773
-100.0,100,316.118078
-100.0,100,316.724665
-100.0,100,317.369632
-100.0,100,318.04598
-100.0,100,318.688739
-100.0,100,319.318139
-100.0,100,319.927758
-100.0,100,320.550749
-100.0,100,321.227947
-100.0,100,323.327514
-100.0,100,323.82821
-100.0,100,324.366298
-100.0,100,324.941681
-100.0,100,325.513943
-100.0,100,326.097164
-100.0,100,326.670895
-100.0,100,327.258362
-100.0,100,327.863091
-100.0,100,328.46033
-88.0,100,329.065701
-100.0,100,329.681922
-100.0,100,330.297743
-100.0,100,331.010151
-100.0,100,331.586252
-100.0,100,332.170027
-100.0,100,332.749424
-100.0,100,333.343862
-100.0,100,334.036022
-100.0,100,334.64467
-87.0,100,335.293975
-100.0,100,335.897998
-100.0,100,336.546719
-100.0,100,337.178159
-100.0,100,337.896103
-96.0,100,338.508415
-100.0,100,339.109691
-100.0,100,339.702254
-100.0,100,340.339746
-100.0,100,340.971611
-100.0,100,341.642805
-100.0,100,342.297558
-100.0,100,342.949094
-100.0,100,343.582755
-100.0,100,344.2331
-100.0,100,344.9636
-100.0,100,345.647466
-100.0,100,346.269531
-100.0,100,346.863327
-100.0,100,347.454671
-100.0,100,348.110552
-100.0,100,350.197125
-100.0,100,350.769136
-100.0,100,351.303183
-100.0,100,351.882113
-100.0,100,352.443031
-100.0,100,353.016334
-100.0,100,353.598403
-100.0,100,354.177434
-100.0,100,354.74155
-100.0,100,355.342318
-100.0,100,355.9489
-100.0,100,356.542507
-100.0,100,357.140937
-100.0,100,357.865608
-100.0,100,358.53453
-96.0,100,359.203307
-100.0,100,359.877764
-100.0,100,360.51632
-100.0,100,361.188247
-100.0,100,361.809857
-100.0,100,362.414446
-100.0,100,363.020597
-100.0,100,363.599098
-100.0,100,364.200475
-100.0,100,364.820143
-100.0,100,365.485474
-100.0,100,366.084845
-100.0,100,366.712916
-100.0,100,367.352742
-100.0,100,368.012174
-100.0,100,368.693912
-100.0,100,369.343309
-100.0,100,369.957706
-100.0,100,370.598665
-100.0,100,371.242676
-96.0,100,371.898319
-100.0,100,372.600227
-100.0,100,373.224573
-100.0,100,373.819928
-100.0,100,374.413374
-100.0,100,375.004038
-100.0,100,377.076532
-100.0,100,377.570981
-100.0,100,378.166505
-100.0,100,378.725638
-100.0,100,379.320276
-100.0,100,379.910253
-98.0,100,380.523481
-100.0,100,381.1478
-100.0,100,381.798117
-100.0,100,382.433141
-100.0,100,383.014325
-100.0,100,383.630837
-100.0,100,384.246389
-100.0,100,384.881311
-100.0,100,385.549772
-100.0,100,386.15529
-100.0,100,386.786401
-100.0,100,387.420586
-100.0,100,388.069562
-100.0,100,388.733793
-100.0,100,389.41859
-100.0,100,390.083081
-100.0,100,390.68469
-100.0,100,391.343983
-100.0,100,391.935143
-100.0,100,392.527707
-98.0,100,393.139452
-100.0,100,393.780052
-100.0,100,394.387761
-100.0,100,395.004143
-100.0,100,395.63672
-93.0,100,396.299055
-100.0,100,396.940566
-100.0,100,397.540408
-100.0,100,398.225957
-100.0,100,398.820309
-99.0,100,399.443865
-100.0,100,400.099731
-100.0,100,400.807589
-100.0,100,401.441704
-94.0,100,402.0938
-100.0,100,404.206025
-100.0,100,404.723093
-97.0,100,405.278439
-100.0,100,405.828899
-100.0,100,406.402231
-100.0,100,406.984294
-100.0,100,407.589639
-100.0,100,408.216133
-100.0,100,408.848729
-100.0,100,409.48491
-100.0,100,410.145028
-100.0,100,410.78165
-100.0,100,411.35141
-100.0,100,411.932611
-100.0,100,412.528196
-100.0,100,413.127149
-97.0,100,413.720118
-100.0,100,414.307799
-100.0,100,414.974685
-100.0,100,415.61381
-100.0,100,416.241368
-100.0,100,416.927591
-100.0,100,417.584285
-100.0,100,418.333424
-100.0,100,418.994034
-100.0,100,419.668437
-100.0,100,420.345954
-100.0,100,420.995409
-100.0,100,421.618946
-100.0,100,422.242944
-100.0,100,422.913392
-100.0,100,423.575204
-98.0,100,424.23839
-100.0,100,424.927669
-91.0,100,425.597329
-100.0,100,426.245467
-100.0,100,426.914131
-100.0,100,427.515493
-100.0,100,428.095975
-100.0,100,428.734391
-100.0,100,429.425269
-100.0,100,431.504063
-100.0,100,432.015339
-100.0,100,432.567597
-96.0,100,433.133037
-100.0,100,433.714173
-100.0,100,434.318732
-100.0,100,434.92108
-100.0,100,435.536931
-100.0,100,436.124379
-97.0,100,436.728466
-100.0,100,437.374114
-100.0,100,437.985325
-100.0,100,438.71218
-100.0,100,439.360368
-100.0,100,440.051278
-100.0,100,440.713381
-100.0,100,441.386457
-100.0,100,442.02665
-100.0,100,442.677522
-100.0,100,443.341486
-100.0,100,443.947271
-100.0,100,444.551644
-100.0,100,445.182522
-100.0,100,445.88144
-100.0,100,446.534549
-100.0,100,447.212974
-100.0,100,447.869847
-100.0,100,448.509692
-100.0,100,449.148964
-100.0,100,449.839115
-100.0,100,450.491979
-100.0,100,451.147928
-100.0,100,451.808828
-100.0,100,452.412673
-100.0,100,453.09527
-100.0,100,453.656336
-100.0,100,454.252037
-100.0,100,454.828162
-100.0,100,455.412755
-100.0,100,456.006477
-100.0,100,456.585181
-100.0,100,458.463447
-100.0,100,458.936528
-100.0,100,459.462214
-99.0,100,460.011206
-100.0,100,460.577304
-100.0,100,461.143319
-100.0,100,461.713908
-100.0,100,462.31274
-100.0,100,462.917696
-100.0,100,463.556147
-100.0,100,464.222558
-100.0,100,464.905737
-100.0,100,465.498266
-100.0,100,466.502262
-100.0,100,467.139558
-100.0,100,467.737501
-100.0,100,468.400171
-100.0,100,468.994237
-100.0,100,469.604501
-100.0,100,470.262232
-100.0,100,470.96413
-100.0,100,471.621687
-97.0,100,472.243376
-100.0,100,472.894221
-100.0,100,473.544674
-100.0,100,474.19377
-100.0,100,474.786519
-100.0,100,475.373361
-99.0,100,475.954282
-99.0,100,476.553174
-100.0,100,477.150975
-100.0,100,477.824153
-100.0,100,478.411529
-100.0,100,479.028682
-100.0,100,479.692194
-96.0,100,480.31921
-100.0,100,480.959841
-100.0,100,481.571991
-100.0,100,482.227488
-100.0,100,482.909723
-100.0,100,483.590485
-100.0,100,485.707924
-100.0,100,486.233186
-100.0,100,486.779927
-100.0,100,487.359361
-100.0,100,487.938203
-100.0,100,488.505912
-100.0,100,489.12104
-100.0,100,489.74281
-100.0,100,490.406529
-100.0,100,491.174381
-100.0,100,491.867243
-100.0,100,492.453937
-100.0,100,493.026129
-100.0,100,493.588066
-100.0,100,494.169055
-100.0,100,494.761738
-100.0,100,495.36702
-100.0,100,495.956486
-100.0,100,496.565414
-100.0,100,497.165411
-100.0,100,497.785153
-100.0,100,498.454897
-100.0,100,499.093147
-100.0,100,499.83523
-100.0,100,500.47289
-100.0,100,501.099444
-100.0,100,501.729515
-100.0,100,502.315885
-100.0,100,502.892869
-100.0,100,503.489347
-100.0,100,504.139774
-100.0,100,504.750645
-100.0,100,505.342841
-100.0,100,506.021654
-100.0,100,506.635628
-100.0,100,507.244189
-100.0,100,507.887482
-100.0,100,508.492191
-100.0,100,509.15528
-100.0,100,509.825069
-100.0,100,510.495448
-100.0,100,512.593303
-99.0,100,513.103925
-100.0,100,513.670228
-100.0,100,514.238988
-100.0,100,514.811412
-100.0,100,515.370804
-100.0,100,515.948798
-100.0,100,516.538882
-100.0,100,517.237115
-100.0,100,517.837898
-98.0,100,518.505039
-100.0,100,519.17699
-100.0,100,519.821497
-100.0,100,520.431745
-100.0,100,521.018
-100.0,100,521.614121
-100.0,100,522.231626
-100.0,100,522.898721
-100.0,100,523.49946
-100.0,100,524.175
-100.0,100,524.851407
-100.0,100,525.46274
-100.0,100,526.064117
-100.0,100,526.693755
-100.0,100,527.35795
-100.0,100,527.947297
-100.0,100,528.579015
-100.0,100,529.191903
-100.0,100,529.83965
-100.0,100,530.458154
-100.0,100,531.060398
-100.0,100,531.664312
-100.0,100,532.31465
-100.0,100,532.908567
-100.0,100,533.506449
-100.0,100,534.11078
-100.0,100,534.746169
-100.0,100,535.373349
-100.0,100,535.97464
-100.0,100,536.655092
-100.0,100,537.322465
-100.0,100,539.364431
-100.0,100,539.87669
-100.0,100,540.424346
-100.0,100,540.991761
-98.0,100,541.57758
-100.0,100,542.136324
-100.0,100,542.702085
-100.0,100,543.273205
-100.0,100,543.863049
-100.0,100,544.436194
-100.0,100,545.030849
-100.0,100,545.675085
-100.0,100,546.268313
-98.0,100,546.871705
-100.0,100,547.472478
-98.0,100,548.159554
-100.0,100,548.825926
-100.0,100,549.410415
-100.0,100,549.985799
-100.0,100,550.577365
-100.0,100,551.203002
-100.0,100,551.811739
-100.0,100,552.47197
-100.0,100,553.092744
-100.0,100,553.744965
-100.0,100,554.370648
-100.0,100,554.95837
-100.0,100,555.563797
-100.0,100,556.16151
-100.0,100,556.758
-100.0,100,557.453218
-100.0,100,558.069631
-100.0,100,558.708709
-100.0,100,559.356682
-100.0,100,560.018927
-95.0,100,560.661837
-100.0,100,561.315904
-100.0,100,561.970447
-100.0,100,562.605455
-100.0,100,563.236207
-100.0,100,563.902792
-100.0,100,566.004598
-100.0,100,566.532367
-100.0,100,567.087678
-100.0,100,567.693564
-100.0,100,568.31937
-100.0,100,568.934802
-100.0,100,569.521369
-96.0,100,570.137079
-100.0,100,570.735094
-98.0,100,571.377017
-100.0,100,571.981974
-100.0,100,572.579101
-97.0,100,573.286445
-100.0,100,573.891525
-100.0,100,574.521176
-100.0,100,575.166584
-100.0,100,575.79677
-100.0,100,576.405546
-100.0,100,577.008098
-100.0,100,577.599269
-100.0,100,578.26388
-100.0,100,578.861995
-100.0,100,579.507936
-100.0,100,580.131377
-100.0,100,580.762665
-100.0,100,581.401699
-100.0,100,582.028696
-100.0,100,582.616309
-100.0,100,583.201521
-100.0,100,583.794611
-100.0,100,584.426148
-100.0,100,585.113961
-100.0,100,585.726785
-100.0,100,586.38646
-100.0,100,587.025268
-100.0,100,587.6748
-100.0,100,588.301581
-100.0,100,588.877929
-100.0,100,589.455008
-100.0,100,590.06848
-100.0,100,590.670453
-100.0,100,592.755577
-100.0,100,593.266998
-100.0,100,593.809265
-100.0,100,594.358833
-100.0,100,594.932064
-100.0,100,595.532266
-100.0,100,596.139038
-100.0,100,596.731706
-100.0,100,597.331065
-100.0,100,597.92068
-100.0,100,598.572809
-100.0,100,599.191295
-100.0,100,599.777663
-100.0,100,600.438759
-100.0,100,601.023151
-100.0,100,601.606913
-100.0,100,602.188818
-100.0,100,602.789216
-95.0,100,603.406779
-100.0,100,603.990149
-100.0,100,604.656497
-100.0,100,605.301035
-100.0,100,605.968324
-100.0,100,606.604261
-100.0,100,607.20558
-100.0,100,607.790302
-100.0,100,608.372273
-100.0,100,608.960747
-100.0,100,609.554942
-100.0,100,610.150489
-100.0,100,610.743922
-100.0,100,611.407342
-96.0,100,612.006852
-100.0,100,612.582942
-100.0,100,613.17065
-100.0,100,613.823662
-100.0,100,614.468737
-100.0,100,615.104274
-100.0,100,615.725807
-100.0,100,616.316117
-100.0,100,616.90245
-100.0,100,618.883071
-100.0,100,619.486407
-100.0,100,620.053157
-75.0,100,620.627106
-100.0,100,621.200353
-100.0,100,621.805204
-100.0,100,622.400641
-100.0,100,623.005259
-100.0,100,623.646096
-100.0,100,624.297581
-100.0,100,624.923427
-100.0,100,625.597003
-100.0,100,626.269185
-100.0,100,626.951066
-100.0,100,627.550174
-100.0,100,628.143687
-100.0,100,628.787487
-100.0,100,629.734322
-100.0,100,630.36112
-100.0,100,630.991274
-100.0,100,631.704814
-100.0,100,632.381441
-100.0,100,633.040874
-100.0,100,633.702147
-100.0,100,634.355464
-100.0,100,634.968796
-100.0,100,635.566696
-100.0,100,636.205178
-100.0,100,636.840821
-100.0,100,637.461598
-100.0,100,638.113363
-100.0,100,638.817758
-100.0,100,639.470927
-100.0,100,640.087003
-100.0,100,640.704056
-100.0,100,641.346946
-100.0,100,641.967242
-100.0,100,642.6228
-100.0,100,643.250398
-100.0,100,643.859712
-100.0,100,644.473817
-100.0,100,646.513384
-100.0,100,647.014008
-100.0,100,647.552521
-97.0,100,648.124292
-100.0,100,648.690006
-100.0,100,649.269366
-100.0,100,649.860018
-100.0,100,650.484493
-100.0,100,651.109561
-100.0,100,651.749508
-100.0,100,652.389117
-100.0,100,652.976894
-100.0,100,653.566292
-100.0,100,654.167061
-100.0,100,654.782983
-100.0,100,655.408752
-100.0,100,656.029858
-99.0,100,656.621196
-100.0,100,657.215237
-100.0,100,657.812606
-100.0,100,658.408517
-100.0,100,659.072587
-100.0,100,659.680026
-95.0,100,660.279408
-100.0,100,660.888544
-96.0,100,661.503359
-100.0,100,662.125762
-100.0,100,662.7221
-100.0,100,663.33953
-100.0,100,663.969812
-100.0,100,664.611279
-100.0,100,665.259507
-100.0,100,665.982175
-100.0,100,666.70109
-100.0,100,667.331258
-100.0,100,667.928661
-100.0,100,668.532218
-100.0,100,669.158743
-100.0,100,669.768632
-100.0,100,670.390559
-100.0,100,672.519797
-100.0,100,673.016415
-100.0,100,673.537683
-100.0,100,674.084743
-100.0,100,674.680376
-100.0,100,675.264994
-100.0,100,675.86358
-100.0,100,676.46195
-100.0,100,677.052262
-100.0,100,677.666023
-100.0,100,678.285933
-100.0,100,678.905274
-100.0,100,679.596446
-100.0,100,680.218822
-100.0,100,680.808103
-100.0,100,681.421798
-100.0,100,682.023667
-100.0,100,682.616009
-100.0,100,683.217787
-97.0,100,683.8409
-100.0,100,684.467796
-100.0,100,685.066865
-100.0,100,685.668543
-100.0,100,686.273698
-100.0,100,686.97844
-100.0,100,687.611863
-97.0,100,688.232988
-100.0,100,688.840231
-100.0,100,689.442251
-100.0,100,690.111334
-100.0,100,690.747011
-100.0,100,691.352088
-100.0,100,692.002083
-100.0,100,692.68908
-100.0,100,693.346828
-100.0,100,693.974743
-100.0,100,694.588622
-100.0,100,695.246361
-100.0,100,695.901896
-100.0,100,696.527814
-99.0,100,697.144332
-100.0,100,699.266398
-100.0,100,699.772762
-99.0,100,700.289313
-100.0,100,700.839787
-100.0,100,701.433248
-100.0,100,702.02795
-100.0,100,702.629245
-100.0,100,703.226682
-100.0,100,703.806922
-100.0,100,704.401255
-99.0,100,705.081411
-100.0,100,705.702451
-100.0,100,706.338043
-100.0,100,706.987003
-100.0,100,707.595284
-100.0,100,708.223539
-100.0,100,708.82314
-100.0,100,709.4453
-100.0,100,710.094242
-100.0,100,710.730784
-93.0,100,711.341134
-100.0,100,712.008584
-100.0,100,712.675347
-100.0,100,713.310148
-100.0,100,713.946427
-100.0,100,714.601423
-100.0,100,715.246974
-100.0,100,715.886722
-94.0,100,716.481184
-100.0,100,717.086316
-100.0,100,717.703172
-100.0,100,718.333215
-100.0,100,718.973524
-100.0,100,719.635421
-100.0,100,720.262204
-100.0,100,720.860145
-100.0,100,721.468941
-100.0,100,722.101557
-100.0,100,722.718549
-100.0,100,723.338512
-100.0,100,723.984877
-100.0,100,725.924169
-100.0,100,726.379548
-100.0,100,726.849456
-100.0,100,727.354144
-100.0,100,727.888667
-100.0,100,728.424468
-100.0,100,728.978946
-100.0,100,729.57456
-100.0,100,730.128162
-100.0,100,730.723953
-100.0,100,731.312825
-100.0,100,731.900363
-100.0,100,732.568238
-100.0,100,733.179678
-100.0,100,733.783028
-100.0,100,734.3833
-100.0,100,735.020719
-100.0,100,735.64944
-100.0,100,736.313019
-100.0,100,736.915131
-100.0,100,737.535201
-100.0,100,738.167635
-100.0,100,738.803906
-99.0,100,739.397074
-100.0,100,740.072395
-100.0,100,740.706603
-100.0,100,741.344075
-100.0,100,741.957012
-100.0,100,742.556915
-100.0,100,743.156548
-100.0,100,743.801912
-100.0,100,744.404414
-100.0,100,745.006006
-93.0,100,745.611513
-100.0,100,746.21455
-100.0,100,746.814932
-100.0,100,747.477475
-100.0,100,748.111586
-100.0,100,748.716451
-100.0,100,749.309212
-100.0,100,749.904965
-100.0,100,751.962204
-100.0,100,752.461645
-100.0,100,753.077754
-100.0,100,753.623509
-100.0,100,754.195379
-100.0,100,754.785982
-100.0,100,755.381239
-100.0,100,755.994333
-100.0,100,756.616774
-100.0,100,757.232671
-100.0,100,757.842566
-100.0,100,758.561027
-100.0,100,759.214439
-100.0,100,759.803677
-100.0,100,760.450648
-100.0,100,761.093022
-100.0,100,761.766087
-100.0,100,762.390569
-100.0,100,763.002081
-100.0,100,763.625235
-100.0,100,764.248978
-100.0,100,764.842043
-100.0,100,765.528497
-100.0,100,766.148146
-100.0,100,766.761131
-100.0,100,767.361307
-100.0,100,767.954149
-100.0,100,768.573849
-99.0,100,769.167941
-100.0,100,769.824979
-100.0,100,770.417208
-100.0,100,771.017308
-100.0,100,771.622487
-100.0,100,772.267349
-100.0,100,772.943727
-100.0,100,773.563033
-100.0,100,774.166171
-100.0,100,774.817275
-100.0,100,775.418163
-100.0,100,776.028023
-100.0,100,776.630109
-100.0,100,778.778683
-100.0,100,779.325697
-100.0,100,779.885047
-100.0,100,780.445552
-100.0,100,781.046416
-100.0,100,781.636902
-100.0,100,782.242058
-100.0,100,782.836775
-100.0,100,783.409762
-100.0,100,784.015253
-100.0,100,784.624544
-89.0,100,785.249209
-100.0,100,785.935635
-100.0,100,786.526343
-100.0,100,787.141736
-100.0,100,787.786755
-100.0,100,788.432552
-100.0,100,789.050081
-100.0,100,789.657854
-100.0,100,790.263674
-100.0,100,790.846044
-100.0,100,791.433692
-100.0,100,792.570959
-100.0,100,793.16017
-100.0,100,793.75955
-100.0,100,794.347933
-100.0,100,794.979045
-100.0,100,795.626987
-100.0,100,796.247966
-100.0,100,796.861569
-100.0,100,797.545113
-100.0,100,798.171332
-100.0,100,798.843693
-100.0,100,799.459798
-100.0,100,800.062832
-100.0,100,800.691228
-100.0,100,801.277391
-100.0,100,801.891021
-100.0,100,802.487499
-100.0,100,803.120416
-100.0,100,803.762774
-100.0,100,805.965812
-100.0,100,806.457872
-100.0,100,806.995048
-100.0,100,807.53508
-100.0,100,808.100489
-96.0,100,808.697326
-100.0,100,809.296926
-100.0,100,809.894831
-97.0,100,810.504352
-100.0,100,811.121515
-100.0,100,811.846907
-100.0,100,812.507488
-100.0,100,813.178876
-100.0,100,813.768272
-100.0,100,814.423142
-100.0,100,815.07133
-100.0,100,815.667431
-100.0,100,816.297747
-98.0,100,816.914276
-98.0,100,817.529884
-100.0,100,818.199974
-100.0,100,818.846545
-100.0,100,819.430775
-100.0,100,820.017459
-100.0,100,820.608152
-100.0,100,821.332254
-100.0,100,821.920656
-100.0,100,822.519094
-100.0,100,823.092098
-100.0,100,823.669356
-100.0,100,824.253678
-100.0,100,824.861295
-100.0,100,825.528663
-100.0,100,826.149952
-100.0,100,826.77134
-100.0,100,827.372856
-100.0,100,827.993194
-100.0,100,828.593783
-100.0,100,829.223401
-100.0,100,829.841981
-100.0,100,830.46008
-100.0,100,832.564399
-100.0,100,833.074661
-100.0,100,833.609502
-100.0,100,834.196802
-100.0,100,834.804863
-100.0,100,835.383761
-96.0,100,835.968419
-100.0,100,836.558573
-100.0,100,837.157922
-100.0,100,837.795333
-100.0,100,838.42998
-100.0,100,839.14938
-100.0,100,839.787184
-100.0,100,840.387863
-100.0,100,841.030644
-100.0,100,841.633241
-100.0,100,842.233638
-100.0,100,842.840846
-100.0,100,843.435959
-100.0,100,844.052178
-100.0,100,844.704969
-100.0,100,845.336019
-100.0,100,845.96525
-100.0,100,846.680577
-100.0,100,847.313065
-100.0,100,847.946485
-100.0,100,848.56846
-100.0,100,849.190672
-100.0,100,849.829931
-100.0,100,850.476758
-100.0,100,851.129569
-100.0,100,851.766384
-100.0,100,852.408574
-100.0,100,853.078358
-100.0,100,853.797046
-100.0,100,854.440702
-100.0,100,855.057605
-100.0,100,855.732421
-100.0,100,856.344217
-100.0,100,857.036711
-100.0,100,857.690851
-96.0,100,859.822216
-100.0,100,860.37821
-100.0,100,860.933289
-100.0,100,861.503807
-100.0,100,862.122139
-100.0,100,862.733572
-100.0,100,863.342604
-100.0,100,863.940638
-100.0,100,864.55501
-100.0,100,865.15844
-100.0,100,865.797016
-100.0,100,866.453621
-100.0,100,867.160218
-100.0,100,867.773799
-100.0,100,868.404935
-100.0,100,869.058521
-100.0,100,869.697115
-100.0,100,870.358776
-95.0,100,870.991145
-100.0,100,871.638862
-100.0,100,872.272879
-93.0,100,872.959742
-100.0,100,873.605212
-100.0,100,874.325859
-100.0,100,874.994566
-100.0,100,875.610874
-100.0,100,876.235305
-100.0,100,876.881475
-100.0,100,877.506292
-100.0,100,878.154219
-100.0,100,878.827034
-100.0,100,879.512791
-98.0,100,880.133538
-100.0,100,880.755359
-100.0,100,881.413597
-100.0,100,882.057767
-100.0,100,882.694707
-100.0,100,883.325569
-100.0,100,883.942571
-100.0,100,884.577384
-100.0,100,885.203488
-100.0,100,887.359682
-100.0,100,887.854156
-100.0,100,888.406724
-100.0,100,888.964303
-100.0,100,889.537047
-100.0,100,890.140274
-100.0,100,890.733332
-100.0,100,891.328141
-100.0,100,891.923002
-100.0,100,892.535573
-100.0,100,893.250257
-100.0,100,893.887939
-100.0,100,894.528426
-100.0,100,895.156192
-100.0,100,895.766778
-100.0,100,896.393421
-100.0,100,897.013968
-100.0,100,897.620563
-100.0,100,898.238913
-100.0,100,898.889884
-100.0,100,899.522279
-100.0,100,900.150182
-100.0,100,900.830476
-100.0,100,901.444151
-100.0,100,902.079707
-100.0,100,902.72418
-100.0,100,903.374733
-100.0,100,904.056983
-100.0,100,904.683685
-100.0,100,905.268282
-100.0,100,905.879456
-100.0,100,906.497953
-100.0,100,907.133924
-100.0,100,907.828246
-100.0,100,908.444304
-100.0,100,909.067384
-100.0,100,909.673072
-100.0,100,910.277389
-100.0,100,910.88962
-96.0,100,911.528299
-100.0,100,912.130154
-100.0,100,914.289382
-100.0,100,914.817431
-100.0,100,915.35913
-100.0,100,915.899512
-100.0,100,916.47101
-100.0,100,917.055186
-100.0,100,917.652606
-100.0,100,918.235841
-100.0,100,918.865832
-100.0,100,919.481808
-100.0,100,920.083223
-100.0,100,920.69919
-100.0,100,921.413335
-100.0,100,922.03331
-100.0,100,922.644191
-100.0,100,923.294484
-100.0,100,923.913975
-100.0,100,924.55929
-100.0,100,925.181435
-100.0,100,925.783633
-100.0,100,926.43678
-100.0,100,927.072778
-98.0,100,927.743297
-100.0,100,928.404542
-100.0,100,929.017906
-100.0,100,929.649545
-100.0,100,930.279438
-100.0,100,930.905138
-100.0,100,931.526615
-100.0,100,932.123197
-100.0,100,932.747834
-100.0,100,933.353
-100.0,100,933.948627
-96.0,100,934.549466
-100.0,100,935.135229
-100.0,100,935.788773
-100.0,100,936.433032
-100.0,100,937.071683
-100.0,100,937.660071
-100.0,100,938.33824
-100.0,100,938.963511
-100.0,100,940.903784
-100.0,100,941.370862
-100.0,100,941.857474
-100.0,100,942.364628
-98.0,100,942.907041
-100.0,100,943.467968
-100.0,100,944.044564
-100.0,100,944.626627
-100.0,100,945.206958
-100.0,100,945.812632
-100.0,100,946.403471
-100.0,100,947.07144
-99.0,100,947.663477
-100.0,100,948.263363
-100.0,100,948.879482
-100.0,100,949.507896
-100.0,100,950.140309
-100.0,100,950.772407
-100.0,100,951.374893
-100.0,100,951.961912
-100.0,100,952.588756
-100.0,100,953.213826
-100.0,100,953.851936
-100.0,100,954.515502
-100.0,100,955.140836
-100.0,100,955.774065
-100.0,100,956.747239
-100.0,100,957.379677
-100.0,100,958.026522
-100.0,100,958.636041
-100.0,100,959.309678
-100.0,100,959.927515
-100.0,100,960.538966
-100.0,100,961.173585
-100.0,100,961.794443
-100.0,100,962.384297
-100.0,100,962.986817
-100.0,100,963.609154
-100.0,100,964.226601
-100.0,100,964.854217
-100.0,100,965.476999
-96.0,100,967.590222
-100.0,100,968.090463
-100.0,100,968.604788
-100.0,100,969.156485
-100.0,100,969.738934
-100.0,100,970.324433
-100.0,100,970.924015
-98.0,100,971.533927
-100.0,100,972.147904
-100.0,100,972.796974
-100.0,100,973.398242
-100.0,100,974.018814
-100.0,100,974.6337
-100.0,100,975.253926
-100.0,100,975.847907
-100.0,100,976.513759
-100.0,100,977.164381
-94.0,100,977.794643
-100.0,100,978.406719
-96.0,100,979.035319
-100.0,100,979.663289
-100.0,100,980.308622
-98.0,100,980.907694
-100.0,100,981.526056
-100.0,100,982.176686
-100.0,100,982.805722
-100.0,100,983.458352
-100.0,100,984.111638
-100.0,100,984.752683
-100.0,100,985.366763
-100.0,100,985.975426
-96.0,100,986.575375
-100.0,100,987.253717
-100.0,100,987.88786
-100.0,100,988.551131
-100.0,100,989.202646
-100.0,100,989.810191
-100.0,100,990.411119
-100.0,100,991.061048
-100.0,100,991.67308
-100.0,100,992.274622
-100.0,100,994.404698
-100.0,100,994.896984
-100.0,100,995.431309
-100.0,100,995.984795
-100.0,100,996.576566
-100.0,100,997.168355
-100.0,100,997.788018
-100.0,100,998.390836
-100.0,100,999.05792
-100.0,100,999.654008
-100.0,100,1000.252745
-100.0,100,1000.886134
-100.0,100,1001.504151
-100.0,100,1002.144094
-100.0,100,1002.820281
-100.0,100,1003.439632
-100.0,100,1004.040166
-100.0,100,1004.638397
-100.0,100,1005.251464
-100.0,100,1005.878546
-100.0,100,1006.559869
-100.0,100,1007.169127
-100.0,100,1007.802115
-100.0,100,1008.441618
-100.0,100,1009.086278
-100.0,100,1009.69316
-100.0,100,1010.315322
-100.0,100,1010.934257
-100.0,100,1011.572346
-100.0,100,1012.157006
-100.0,100,1012.775579
-100.0,100,1013.439996
-100.0,100,1014.039559
-100.0,100,1014.653584
-100.0,100,1015.260378
-100.0,100,1015.87948
-100.0,100,1016.507252
-100.0,100,1017.132437
-100.0,100,1017.751726
-100.0,100,1018.366242
-100.0,100,1019.001694
-100.0,100,1021.124079
-100.0,100,1021.613408
-100.0,100,1022.121025
-100.0,100,1022.673792
-100.0,100,1023.253504
-100.0,100,1023.829487
-100.0,100,1024.395492
-100.0,100,1024.96082
-100.0,100,1025.534559
-100.0,100,1026.124142
-100.0,100,1026.716532
-100.0,100,1027.354857
-100.0,100,1027.950059
-100.0,100,1028.547015
-100.0,100,1029.160688
-95.0,100,1029.751522
-100.0,100,1030.350514
-100.0,100,1030.936818
-100.0,100,1031.52143
-98.0,100,1032.169695
-100.0,100,1032.768626
-100.0,100,1033.368212
-100.0,100,1034.022091
-100.0,100,1034.622242
-100.0,100,1035.208441
-100.0,100,1035.808791
-100.0,100,1036.405958
-100.0,100,1037.01805
-100.0,100,1037.624966
-100.0,100,1038.230968
-100.0,100,1038.818965
-100.0,100,1039.391823
-100.0,100,1039.982593
-100.0,100,1040.591307
-100.0,100,1041.191407
-100.0,100,1041.857304
-100.0,100,1042.467091
-100.0,100,1043.138586
-100.0,100,1043.741241
-100.0,100,1044.368183
-100.0,100,1044.970782
-100.0,100,1047.017225
-100.0,100,1047.594887
-100.0,100,1048.143314
-100.0,100,1048.705433
-100.0,100,1049.275929
-100.0,100,1049.875206
-100.0,100,1050.459936
-100.0,100,1051.038416
-100.0,100,1051.653318
-100.0,100,1052.253497
-100.0,100,1052.894337
-100.0,100,1053.537491
-100.0,100,1054.170309
-100.0,100,1054.797919
-100.0,100,1055.504467
-100.0,100,1056.1473
-100.0,100,1056.76599
-100.0,100,1057.382895
-100.0,100,1058.006692
-100.0,100,1058.649111
-100.0,100,1059.29201
-100.0,100,1059.978764
-100.0,100,1060.604687
-100.0,100,1061.238822
-100.0,100,1061.898321
-100.0,100,1062.516839
-100.0,100,1063.148859
-100.0,100,1063.738726
-100.0,100,1064.354377
-100.0,100,1064.964119
-100.0,100,1065.649677
-100.0,100,1066.250789
-100.0,100,1066.867674
-100.0,100,1067.529036
-100.0,100,1068.165848
-100.0,100,1068.807994
-100.0,100,1069.476856
-100.0,100,1070.120503
-89.0,100,1070.744474
-100.0,100,1071.3816
-100.0,100,1072.010211
-100.0,100,1074.123777
-100.0,100,1074.623276
-100.0,100,1075.142093
-100.0,100,1075.705022
-100.0,100,1076.26745
-100.0,100,1076.844343
-100.0,100,1077.419164
-100.0,100,1077.997239
-100.0,100,1078.584574
-100.0,100,1079.216557
-100.0,100,1079.851589
-100.0,100,1080.517479
-100.0,100,1081.149191
-100.0,100,1081.777312
-100.0,100,1082.367574
-100.0,100,1083.01483
-100.0,100,1083.642388
-100.0,100,1084.269652
-100.0,100,1084.877383
-100.0,100,1085.51343
-100.0,100,1086.129923
-100.0,100,1086.739367
-100.0,100,1087.361989
-100.0,100,1087.990022
-100.0,100,1088.673872
-100.0,100,1089.252623
-100.0,100,1089.869635
-100.0,100,1090.456802
-100.0,100,1091.093969
-100.0,100,1091.755565
-100.0,100,1092.371399
-100.0,100,1092.998153
-100.0,100,1093.605125
-100.0,100,1094.219653
-100.0,100,1094.826941
-100.0,100,1095.443008
-100.0,100,1096.126721
-100.0,100,1096.738693
-100.0,100,1097.336739
-100.0,100,1097.981083
-100.0,100,1098.548834
-100.0,100,1100.542718
-100.0,100,1101.04863
-98.0,100,1101.653375
-100.0,100,1102.246424
-92.0,100,1102.842793
-100.0,100,1103.414266
-93.0,100,1103.996657
-100.0,100,1104.653519
-100.0,100,1105.259637
-98.0,100,1105.87749
-100.0,100,1106.483205
-100.0,100,1107.155717
-100.0,100,1107.81628
-100.0,100,1108.422374
-100.0,100,1109.095719
-100.0,100,1109.732257
-100.0,100,1110.336995
-100.0,100,1110.953346
-100.0,100,1111.614168
-100.0,100,1112.271969
-100.0,100,1112.896481
-100.0,100,1113.520509
-98.0,100,1114.114815
-100.0,100,1114.695488
-100.0,100,1115.284945
-100.0,100,1115.949589
-100.0,100,1116.62533
-100.0,100,1117.234068
-100.0,100,1117.855788
-100.0,100,1118.503189
-100.0,100,1119.425171
-100.0,100,1120.036916
-100.0,100,1120.721779
-100.0,100,1121.328607
-98.0,100,1121.928967
-100.0,100,1122.533636
-100.0,100,1123.1741
-100.0,100,1123.817348
-100.0,100,1124.458888
-100.0,100,1125.056188
-100.0,100,1125.66038
-100.0,100,1127.718735
-100.0,100,1128.217153
-100.0,100,1128.749999
-100.0,100,1129.320068
-100.0,100,1129.888829
-100.0,100,1130.479891
-100.0,100,1131.077071
-100.0,100,1131.686959
-100.0,100,1132.323315
-100.0,100,1132.928275
-100.0,100,1133.525288
-100.0,100,1134.200898
-100.0,100,1134.804777
-100.0,100,1135.395052
-100.0,100,1136.007318
-100.0,100,1136.697295
-100.0,100,1137.317209
-100.0,100,1137.981463
-100.0,100,1138.60281
-100.0,100,1139.242078
-100.0,100,1139.848433
-100.0,100,1140.451793
-100.0,100,1141.06973
-100.0,100,1141.782932
-100.0,100,1142.382293
-100.0,100,1142.98536
-100.0,100,1143.603841
-100.0,100,1144.21187
-100.0,100,1144.82092
-100.0,100,1145.433491
-100.0,100,1146.033778
-100.0,100,1146.639397
-100.0,100,1147.235889
-100.0,100,1147.840489
-100.0,100,1148.460826
-99.0,100,1149.132973
-100.0,100,1149.741501
-100.0,100,1150.368206
-98.0,100,1150.964764
-100.0,100,1151.58314
-100.0,100,1152.229811
-100.0,100,1154.238688
-100.0,100,1154.741847
-100.0,100,1155.365145
-100.0,100,1155.935924
-98.0,100,1156.521071
-100.0,100,1157.109277
-100.0,100,1157.740683
-100.0,100,1158.37014
-100.0,100,1158.979711
-100.0,100,1159.586733
-100.0,100,1160.209293
-100.0,100,1160.831051
-100.0,100,1161.445545
-100.0,100,1162.142426
-100.0,100,1162.752248
-100.0,100,1163.357152
-100.0,100,1163.974172
-100.0,100,1164.622266
-100.0,100,1165.191231
-100.0,100,1165.814085
-100.0,100,1166.42023
-100.0,100,1167.03292
-100.0,100,1167.699183
-100.0,100,1168.351452
-100.0,100,1168.983902
-100.0,100,1169.656632
-100.0,100,1170.303889
-100.0,100,1170.94525
-100.0,100,1171.612873
-100.0,100,1172.204302
-100.0,100,1172.814058
-95.0,100,1173.414886
-100.0,100,1174.034363
-100.0,100,1174.654273
-100.0,100,1175.250222
-100.0,100,1175.913142
-100.0,100,1176.532477
-100.0,100,1177.209459
-100.0,100,1177.823287
-100.0,100,1178.44408
-100.0,100,1179.065248
-100.0,100,1181.055432
-100.0,100,1181.659819
-100.0,100,1182.22245
-100.0,100,1182.800296
-100.0,100,1183.383197
-100.0,100,1183.964508
-100.0,100,1184.568605
-100.0,100,1185.177125
-100.0,100,1185.821656
-100.0,100,1186.437946
-100.0,100,1187.046039
-100.0,100,1187.670641
-100.0,100,1188.297797
-100.0,100,1188.969559
-100.0,100,1189.558702
-100.0,100,1190.1845
-99.0,100,1190.787317
-100.0,100,1191.397743
-97.0,100,1192.036847
-100.0,100,1192.659743
-100.0,100,1193.283617
-100.0,100,1193.89251
-100.0,100,1194.523307
-100.0,100,1195.153512
-100.0,100,1195.77008
-100.0,100,1196.466386
-100.0,100,1197.119893
-100.0,100,1197.787776
-94.0,100,1198.384937
-100.0,100,1198.974566
-100.0,100,1199.582916
-98.0,100,1200.195863
-100.0,100,1200.797594
-100.0,100,1201.382062
-100.0,100,1202.001844
-100.0,100,1202.618425
-100.0,100,1203.271389
-100.0,100,1203.982133
-49.0,100,1204.587741
-100.0,100,1205.193761
-100.0,100,1205.813364
-100.0,100,1207.838428
-100.0,100,1208.339364
-99.0,100,1208.886414
-100.0,100,1209.539081
-100.0,100,1210.116077
-100.0,100,1210.760906
-100.0,100,1211.339157
-100.0,100,1211.999693
-100.0,100,1212.60785
-100.0,100,1213.21023
-100.0,100,1213.814311
-100.0,100,1214.441504
-100.0,100,1215.11556
-100.0,100,1215.733902
-100.0,100,1216.36182
-100.0,100,1217.046511
-100.0,100,1217.64951
-100.0,100,1218.28834
-100.0,100,1218.91732
-100.0,100,1219.544741
-100.0,100,1220.169147
-100.0,100,1220.78914
-100.0,100,1221.393592
-100.0,100,1222.013994
-100.0,100,1222.635523
-100.0,100,1223.259772
-100.0,100,1223.859793
-100.0,100,1224.530897
-100.0,100,1225.146347
-100.0,100,1225.744277
-100.0,100,1226.347874
-100.0,100,1226.959806
-100.0,100,1227.563106
-100.0,100,1228.163792
-100.0,100,1228.782636
-100.0,100,1229.406834
-100.0,100,1230.022604
-100.0,100,1230.631341
-100.0,100,1231.229721
-100.0,100,1231.908914
-100.0,100,1232.541809
-100.0,100,1234.556971
-100.0,100,1235.068581
-100.0,100,1235.619821
-100.0,100,1236.190535
-98.0,100,1236.782078
-100.0,100,1237.36711
-100.0,100,1237.995299
-100.0,100,1238.608418
-96.0,100,1239.212014
-100.0,100,1239.826251
-100.0,100,1240.438793
-100.0,100,1241.045504
-100.0,100,1241.667181
-100.0,100,1242.280901
-100.0,100,1242.975276
-100.0,100,1243.609573
-100.0,100,1244.214686
-100.0,100,1244.819864
-100.0,100,1245.440362
-100.0,100,1246.051888
-100.0,100,1246.676743
-100.0,100,1247.289639
-100.0,100,1247.918669
-100.0,100,1248.532024
-100.0,100,1249.16397
-100.0,100,1249.783419
-100.0,100,1250.488839
-100.0,100,1251.108955
-100.0,100,1251.748811
-100.0,100,1252.409706
-100.0,100,1253.049613
-100.0,100,1253.693505
-100.0,100,1254.313476
-100.0,100,1254.928303
-100.0,100,1255.619764
-100.0,100,1256.225902
-100.0,100,1256.829887
-100.0,100,1257.431289
-100.0,100,1258.096121
-100.0,100,1258.736383
-100.0,100,1259.369271
-100.0,100,1261.332417
-100.0,100,1261.842627
-100.0,100,1262.389449
-100.0,100,1262.949363
-100.0,100,1263.511944
-100.0,100,1264.160978
-100.0,100,1264.763136
-100.0,100,1265.362146
-100.0,100,1266.016598
-100.0,100,1266.646531
-100.0,100,1267.276708
-100.0,100,1267.911028
-100.0,100,1268.520652
-100.0,100,1269.127113
-100.0,100,1269.759578
-100.0,100,1270.411151
-100.0,100,1271.135832
-100.0,100,1271.734231
-100.0,100,1272.445862
-100.0,100,1272.905867
-100.0,100,1273.379779
-100.0,100,1273.843999
-100.0,100,1274.306714
-100.0,100,1274.751494
-100.0,100,1275.211102
-100.0,100,1275.676316
-100.0,100,1276.179569
-100.0,100,1276.741493
-100.0,100,1277.307551
-94.0,100,1277.885882
-100.0,100,1278.530268
-100.0,100,1279.102035
-100.0,100,1279.698133
-100.0,100,1280.296754
-100.0,100,1281.216618
-100.0,100,1281.82501
-100.0,100,1282.435699
-100.0,100,1283.195827
-100.0,100,1283.789179
-100.0,100,1284.384269
-98.0,100,1285.008255
-98.0,100,1287.069338
-100.0,100,1287.6658
-100.0,100,1288.130365
-100.0,100,1288.592714
-100.0,100,1289.061153
-100.0,100,1289.54425
-100.0,100,1290.010529
-100.0,100,1290.483837
-98.0,100,1290.974737
-100.0,100,1291.443995
-100.0,100,1291.962862
-100.0,100,1292.512706
-100.0,100,1293.039814
-100.0,100,1293.539722
-100.0,100,1294.009281
-100.0,100,1294.4883
-100.0,100,1295.044029
-100.0,100,1295.530478
-100.0,100,1296.009887
-100.0,100,1296.49835
-100.0,100,1297.012152
-100.0,100,1297.555824
-100.0,100,1298.113912
-100.0,100,1298.753293
-100.0,100,1299.33861
-100.0,100,1300.026353
-100.0,100,1300.713227
-100.0,100,1301.345511
-100.0,100,1301.993973
-100.0,100,1302.495437
-100.0,100,1303.001481
-97.0,100,1303.484857
-100.0,100,1303.979999
-96.0,100,1304.484521
-100.0,100,1304.957439
-100.0,100,1305.443928
-100.0,100,1305.713769
-100.0,100,1305.992118
-100.0,100,1306.273311
-100.0,100,1306.549381
-100.0,100,1306.921808
-100.0,100,1308.052228
-100.0,100,1308.305304
-100.0,100,1308.550627
-100.0,100,1308.804728
-97.0,100,1309.05812
-100.0,100,1309.305491
-93.0,100,1309.579863
-100.0,100,1309.860084
-100.0,100,1310.118681
-100.0,100,1310.40594
-100.0,100,1310.693099
-100.0,100,1310.999479
-100.0,100,1311.26969
-100.0,100,1311.541891
-100.0,100,1311.839962
-100.0,100,1312.137511
-100.0,100,1312.420774
-100.0,100,1312.700456
-100.0,100,1312.984907
-100.0,100,1313.293909
-100.0,100,1313.5886
-100.0,100,1313.91525
-100.0,100,1314.221725
-97.0,100,1314.540251
-94.0,100,1314.89288
-100.0,100,1315.204959
-100.0,100,1315.568797
-100.0,100,1315.851135
-100.0,100,1316.135985
-100.0,100,1316.42376
-100.0,100,1316.668892
-100.0,100,1316.904339
-100.0,100,1317.145687
-100.0,100,1317.377666
-100.0,100,1317.621661
-100.0,100,1317.862595
-100.0,100,1318.0981
-100.0,100,1318.343455
-100.0,100,1318.599926
-100.0,100,1318.885596
-100.0,100,1319.930761
-100.0,100,1320.180938
-100.0,100,1320.427754
-99.0,100,1320.674138
-100.0,100,1320.910816
-100.0,100,1321.15002
-100.0,100,1321.381196
-100.0,100,1321.627234
-100.0,100,1321.908428
-100.0,100,1322.198001
-100.0,100,1322.49955
-100.0,100,1322.820109
-100.0,100,1323.098431
-100.0,100,1323.469825
-100.0,100,1323.798927
-100.0,100,1324.10721
-100.0,100,1324.427739
-100.0,100,1324.728887
-100.0,100,1325.097328
-100.0,100,1325.414051
-100.0,100,1325.701865
-100.0,100,1325.997976
-100.0,100,1326.28371
-100.0,100,1326.550854
-94.0,100,1326.825145
-100.0,100,1327.091038
-100.0,100,1327.380483
-100.0,100,1327.655747
-100.0,100,1327.934801
-100.0,100,1328.226792
-99.0,100,1328.593631
-100.0,100,1329.02287
-100.0,100,1329.342469
-100.0,100,1329.729392
-100.0,100,1330.027258
-100.0,100,1330.29145
-100.0,100,1330.671986
-100.0,100,1330.968887
-100.0,100,1331.292906
-100.0,100,1331.607526
-100.0,100,1332.066929
-100.0,100,1332.884331
-100.0,100,1333.119402
-100.0,100,1333.368115
-100.0,100,1333.613556
-100.0,100,1333.849273
-100.0,100,1334.076664
-100.0,100,1334.31705
-100.0,100,1334.551475
-97.0,100,1334.810796
-100.0,100,1335.064773
-100.0,100,1335.389071
-100.0,100,1335.675435
-100.0,100,1335.941305
-100.0,100,1336.194492
-100.0,100,1336.448179
-99.0,100,1336.725905
-100.0,100,1336.995265
-100.0,100,1337.262015
-100.0,100,1337.550958
-100.0,100,1337.827825
-100.0,100,1338.112663
-100.0,100,1338.402665
-100.0,100,1338.693573
-97.0,100,1338.972939
-100.0,100,1339.250038
-100.0,100,1339.535066
-100.0,100,1339.8325
-100.0,100,1340.115248
-100.0,100,1340.423343
-100.0,100,1340.750294
-93.0,100,1341.074362
-100.0,100,1341.407661
-100.0,100,1341.724166
-100.0,100,1342.047486
-100.0,100,1342.354324
-100.0,100,1342.706995
-100.0,100,1343.14004
-100.0,100,1343.416758
-100.0,100,1343.698871
-100.0,100,1343.98867
-100.0,100,1344.34562
-100.0,100,1345.511495
-100.0,100,1345.772769
-100.0,100,1346.013358
-100.0,100,1346.261923
-100.0,100,1346.507221
-100.0,100,1346.743501
-100.0,100,1346.993904
-100.0,100,1347.25426
-100.0,100,1347.522511
-100.0,100,1347.810926
-100.0,100,1348.061088
-96.0,100,1348.331345
-100.0,100,1348.612566
-98.0,100,1348.92216
-92.0,100,1349.221239
-95.0,100,1349.528382
-100.0,100,1349.801207
-100.0,100,1350.07722
-100.0,100,1350.363027
-94.0,100,1350.640709
-100.0,100,1350.926607
-100.0,100,1351.201399
-100.0,100,1351.478041
-100.0,100,1351.818302
-100.0,100,1352.113276
-100.0,100,1352.507368
-100.0,100,1352.888309
-100.0,100,1353.221961
-100.0,100,1353.549475
-100.0,100,1353.854571
-100.0,100,1354.1656
-100.0,100,1354.470351
-100.0,100,1354.860459
-100.0,100,1355.169109
-100.0,100,1355.484855
-100.0,100,1355.772338
-100.0,100,1356.067497
-100.0,100,1356.328315
-96.0,100,1356.609846
-100.0,100,1356.90569
-100.0,100,1357.235249
-100.0,100,1358.301593
-100.0,100,1358.560805
-100.0,100,1358.807698
-100.0,100,1359.040929
-100.0,100,1359.282416
-100.0,100,1359.538533
-100.0,100,1359.790216
-100.0,100,1360.046664
-100.0,100,1360.332366
-100.0,100,1360.62001
-100.0,100,1360.955305
-100.0,100,1361.256274
-100.0,100,1361.596948
-94.0,100,1361.885716
-100.0,100,1362.151126
-100.0,100,1362.457666
-100.0,100,1362.724133
-100.0,100,1363.0625
-100.0,100,1363.348932
-100.0,100,1363.651991
-100.0,100,1363.962878
-100.0,100,1364.253984
-100.0,100,1364.544907
-100.0,100,1364.835428
-100.0,100,1365.120828
-100.0,100,1365.426937
-100.0,100,1365.73097
-100.0,100,1366.036192
-100.0,100,1366.328096
-100.0,100,1366.627115
-100.0,100,1366.944608
-100.0,100,1367.241011
-100.0,100,1367.560435
-100.0,100,1367.896758
-100.0,100,1368.200665
-100.0,100,1368.514977
-100.0,100,1368.806396
-100.0,100,1369.109213
-100.0,100,1369.39784
-96.0,100,1369.848121
-100.0,100,1370.142524
-100.0,100,1371.432624
-100.0,100,1371.700692
-100.0,100,1371.953751
-97.0,100,1372.197917
-100.0,100,1372.458534
-100.0,100,1372.710092
-100.0,100,1372.938117
-100.0,100,1373.176685
-100.0,100,1373.445485
-100.0,100,1373.710758
-98.0,100,1373.972091
-100.0,100,1374.231358
-100.0,100,1374.500027
-100.0,100,1374.768726
-100.0,100,1375.042843
-100.0,100,1375.325183
-100.0,100,1375.611392
-100.0,100,1375.930966
-100.0,100,1376.249876
-89.0,100,1376.582157
-100.0,100,1376.881582
-100.0,100,1377.185266
-100.0,100,1377.509612
-100.0,100,1377.83167
-100.0,100,1378.149293
-100.0,100,1378.506231
-100.0,100,1378.819402
-100.0,100,1379.248712
-100.0,100,1379.571732
-98.0,100,1379.946981
-100.0,100,1380.276012
-100.0,100,1380.648697
-100.0,100,1380.964831
-100.0,100,1381.257244
-100.0,100,1381.618384
-100.0,100,1381.944495
-99.0,100,1382.23509
-100.0,100,1382.563339
-92.0,100,1382.877616
-100.0,100,1383.213938
-97.0,100,1383.504364
-100.0,100,1384.607009
-100.0,100,1384.854825
-100.0,100,1385.099928
-100.0,100,1385.36625
-91.0,100,1385.626611
-100.0,100,1385.887563
-100.0,100,1386.151544
-100.0,100,1386.444466
-100.0,100,1386.735722
-100.0,100,1387.031573
-100.0,100,1387.334352
-100.0,100,1387.6534
-100.0,100,1387.959847
-100.0,100,1388.266801
-100.0,100,1388.538586
-100.0,100,1388.857032
-100.0,100,1389.135273
-100.0,100,1389.428344
-100.0,100,1389.761949
-100.0,100,1390.088221
-100.0,100,1390.431691
-88.0,100,1390.770589
-100.0,100,1391.092997
-100.0,100,1391.392257
-100.0,100,1391.789716
-100.0,100,1392.118245
-100.0,100,1392.462668
-100.0,100,1392.838923
-100.0,100,1393.166417
-100.0,100,1393.462133
-100.0,100,1393.765354
-100.0,100,1394.054283
-90.0,100,1394.371252
-100.0,100,1394.670291
-100.0,100,1394.979341
-100.0,100,1395.311707
-100.0,100,1395.660047
-100.0,100,1396.000495
-100.0,100,1396.422786
-100.0,100,1396.739423
-100.0,100,1397.020921
-100.0,100,1398.173516
-100.0,100,1398.432316
-100.0,100,1398.705698
-100.0,100,1398.975934
-100.0,100,1399.244181
-100.0,100,1399.509494
-100.0,100,1399.748602
-100.0,100,1400.004831
-100.0,100,1400.272221
-100.0,100,1400.538591
-100.0,100,1400.833954
-100.0,100,1401.131877
-100.0,100,1401.43127
-100.0,100,1401.723105
-100.0,100,1402.028349
-100.0,100,1402.336606
-100.0,100,1402.648808
-100.0,100,1402.962761
-100.0,100,1403.276541
-95.0,100,1403.571088
-100.0,100,1403.858484
-98.0,100,1404.186477
-100.0,100,1404.569289
-100.0,100,1404.899508
-100.0,100,1405.223361
-100.0,100,1405.523205
-100.0,100,1405.801554
-100.0,100,1406.115758
-100.0,100,1406.444408
-100.0,100,1406.759697
-100.0,100,1407.054492
-100.0,100,1407.380125
-100.0,100,1407.677949
-100.0,100,1407.973759
-100.0,100,1408.289737
-100.0,100,1408.596303
-100.0,100,1408.920738
-100.0,100,1409.24298
-100.0,100,1409.568901
-100.0,100,1409.91228
-100.0,100,1410.247036
-100.0,100,1411.712119
-100.0,100,1411.977178
-100.0,100,1412.253958
-100.0,100,1412.522694
-100.0,100,1412.805715
-100.0,100,1413.086138
-96.0,100,1413.364964
-100.0,100,1413.617096
-100.0,100,1413.891579
-100.0,100,1414.200985
-100.0,100,1414.509633
-100.0,100,1414.815781
-100.0,100,1415.124323
-100.0,100,1415.433496
-100.0,100,1415.743528
-100.0,100,1416.042158
-100.0,100,1416.375501
-99.0,100,1416.716509
-99.0,100,1417.203363
-100.0,100,1417.502148
-100.0,100,1417.784713
-100.0,100,1418.069779
-100.0,100,1418.344043
-100.0,100,1418.612309
-100.0,100,1418.869628
-100.0,100,1419.185623
-100.0,100,1419.468728
-99.0,100,1419.770196
-100.0,100,1420.08657
-100.0,100,1420.416852
-100.0,100,1420.754181
-100.0,100,1421.090699
-100.0,100,1421.429943
-100.0,100,1421.75938
-99.0,100,1422.098811
-100.0,100,1422.429006
-100.0,100,1422.776518
-100.0,100,1423.140091
-100.0,100,1423.491935
-100.0,100,1423.804756
-100.0,100,1424.13304
-100.0,100,1425.371949
-100.0,100,1425.604718
-100.0,100,1425.845206
-100.0,100,1426.094994
-100.0,100,1426.329912
-100.0,100,1426.577186
-100.0,100,1426.818447
-98.0,100,1427.107717
-100.0,100,1427.409933
-100.0,100,1427.707758
-100.0,100,1427.990914
-100.0,100,1428.291912
-100.0,100,1428.585043
-100.0,100,1428.901924
-100.0,100,1429.208211
-100.0,100,1429.507693
-100.0,100,1429.800992
-100.0,100,1430.122523
-100.0,100,1430.428961
-100.0,100,1430.749475
-100.0,100,1431.046243
-100.0,100,1431.372168
-100.0,100,1431.678695
-100.0,100,1431.988118
-100.0,100,1432.297796
-100.0,100,1432.60836
-100.0,100,1432.92024
-100.0,100,1433.227304
-100.0,100,1433.534858
-100.0,100,1433.834671
-100.0,100,1434.140899
-94.0,100,1434.463741
-100.0,100,1434.783068
-100.0,100,1435.096225
-100.0,100,1435.433516
-100.0,100,1435.772653
-100.0,100,1436.120922
-100.0,100,1436.455461
-100.0,100,1436.781566
-100.0,100,1437.139327
-100.0,100,1437.484064
-100.0,100,1438.6617
-100.0,100,1438.924898
-100.0,100,1439.187242
-100.0,100,1439.457203
-100.0,100,1439.70558
-100.0,100,1439.971188
-100.0,100,1440.233583
-100.0,100,1440.513028
-100.0,100,1440.794174
-100.0,100,1441.082567
-100.0,100,1441.407698
-100.0,100,1441.692381
-100.0,100,1441.99543
-100.0,100,1442.283072
-93.0,100,1442.556383
-100.0,100,1442.837499
-94.0,100,1443.129065
-100.0,100,1443.413315
-100.0,100,1443.728857
-100.0,100,1444.028303
-100.0,100,1444.326098
-100.0,100,1444.636581
-100.0,100,1444.937751
-100.0,100,1445.245669
-100.0,100,1445.549934
-100.0,100,1445.871064
-100.0,100,1446.201622
-87.0,100,1446.552407
-100.0,100,1446.882504
-100.0,100,1447.212152
-100.0,100,1447.561006
-100.0,100,1447.906349
-95.0,100,1448.253265
-100.0,100,1448.614273
-100.0,100,1448.958684
-100.0,100,1449.308371
-100.0,100,1449.64747
-100.0,100,1449.98758
-100.0,100,1450.33266
-100.0,100,1450.675014
-100.0,100,1450.988069
-100.0,100,1452.216725
-100.0,100,1452.474976
-96.0,100,1452.915489
-100.0,100,1453.16513
-100.0,100,1453.406522
-100.0,100,1453.664047
-100.0,100,1453.949871
-100.0,100,1454.254864
-100.0,100,1454.558865
-100.0,100,1454.881818
-100.0,100,1455.168293
-100.0,100,1455.466544
-100.0,100,1455.77294
-100.0,100,1456.104669
-100.0,100,1456.436767
-100.0,100,1456.771748
-100.0,100,1457.088654
-100.0,100,1457.433916
-100.0,100,1457.76268
-93.0,100,1458.083657
-100.0,100,1458.384667
-100.0,100,1458.675398
-100.0,100,1458.975613
-100.0,100,1459.305909
-100.0,100,1459.631615
-100.0,100,1459.941357
-100.0,100,1460.267201
-100.0,100,1460.594573
-100.0,100,1460.922276
-100.0,100,1461.241204
-100.0,100,1461.584692
-100.0,100,1461.925328
-100.0,100,1462.24137
-100.0,100,1462.562551
-100.0,100,1462.885886
-100.0,100,1463.221309
-100.0,100,1463.533834
-100.0,100,1463.836821
-97.0,100,1464.172923
-99.0,100,1464.520607
-100.0,100,1464.868319
-100.0,100,1466.159173
-100.0,100,1466.442093
-100.0,100,1466.704175
-100.0,100,1466.953241
-100.0,100,1467.200396
-100.0,100,1467.451124
-100.0,100,1467.696884
-100.0,100,1467.995251
-100.0,100,1468.298248
-100.0,100,1468.599748
-100.0,100,1468.920364
-100.0,100,1469.235863
-100.0,100,1469.534192
-100.0,100,1469.84683
-100.0,100,1470.175019
-100.0,100,1470.503151
-100.0,100,1470.841789
-100.0,100,1471.178234
-100.0,100,1471.499639
-100.0,100,1471.854826
-100.0,100,1472.182718
-100.0,100,1472.52368
-100.0,100,1472.871278
-100.0,100,1473.213273
-100.0,100,1473.543433
-100.0,100,1473.891214
-100.0,100,1474.236497
-100.0,100,1474.587422
-100.0,100,1474.939535
-100.0,100,1475.284352
-100.0,100,1475.623853
-100.0,100,1475.948075
-100.0,100,1476.300393
-100.0,100,1476.648194
-100.0,100,1477.021574
-100.0,100,1477.340145
-100.0,100,1477.6639
-100.0,100,1478.002763
-100.0,100,1478.348206
-99.0,100,1478.69215
-81.0,100,1479.037509
-100.0,100,1480.365911
-94.0,100,1480.649906
-100.0,100,1480.900397
-100.0,100,1481.143109
-100.0,100,1481.383604
-100.0,100,1481.620084
-100.0,100,1481.86886
-100.0,100,1482.122461
-100.0,100,1482.400602
-100.0,100,1482.666019
-100.0,100,1482.943866
-100.0,100,1483.235999
-100.0,100,1483.529328
-100.0,100,1483.81764
-100.0,100,1484.098373
-100.0,100,1484.390615
-100.0,100,1484.690063
-100.0,100,1484.985228
-100.0,100,1485.286105
-99.0,100,1485.610838
-100.0,100,1485.933819
-100.0,100,1486.263751
-100.0,100,1486.5797
-100.0,100,1486.882167
-100.0,100,1487.175892
-100.0,100,1487.509529
-100.0,100,1487.810098
-98.0,100,1488.148072
-100.0,100,1488.489522
-100.0,100,1488.813099
-100.0,100,1489.12775
-100.0,100,1489.465894
-100.0,100,1489.800805
-100.0,100,1490.107538
-100.0,100,1490.452652
-100.0,100,1490.800236
-100.0,100,1491.143559
-100.0,100,1491.491775
-100.0,100,1491.839448
-100.0,100,1492.183253
-100.0,100,1492.521899
-100.0,100,1493.804128
-100.0,100,1494.078424
-100.0,100,1494.318085
-100.0,100,1494.553501
-100.0,100,1494.814669
-100.0,100,1495.081444
-97.0,100,1495.354804
-100.0,100,1495.653831
-100.0,100,1495.955712
-100.0,100,1496.251182
-100.0,100,1496.556934
-100.0,100,1496.851052
-100.0,100,1497.153242
-100.0,100,1497.472911
-100.0,100,1497.802374
-100.0,100,1498.130854
-99.0,100,1498.453869
-100.0,100,1498.787798
-100.0,100,1499.124553
-100.0,100,1499.451621
-100.0,100,1499.793396
-100.0,100,1500.134674
-100.0,100,1500.455415
-100.0,100,1500.787894
-100.0,100,1501.125862
-100.0,100,1501.476981
-100.0,100,1501.82209
-100.0,100,1502.169768
-100.0,100,1502.50876
-100.0,100,1502.85111
-100.0,100,1503.193527
-100.0,100,1503.53422
-100.0,100,1503.857718
-100.0,100,1504.184329
-100.0,100,1504.519196
-100.0,100,1504.868482
-100.0,100,1505.215522
-100.0,100,1505.572414
-100.0,100,1505.927305
-100.0,100,1506.277278
-100.0,100,1506.626086
-100.0,100,1508.099915
-97.0,100,1508.404156
-100.0,100,1508.684992
-100.0,100,1508.974947
-100.0,100,1509.262821
-100.0,100,1509.547767
-100.0,100,1509.841501
-100.0,100,1510.156846
-100.0,100,1510.480738
-100.0,100,1510.789022
-100.0,100,1511.118504
-100.0,100,1511.452477
-100.0,100,1511.788544
-100.0,100,1512.12117
-100.0,100,1512.4574
-100.0,100,1512.784031
-100.0,100,1513.111363
-100.0,100,1513.431102
-100.0,100,1513.764072
-100.0,100,1514.105602
-100.0,100,1514.453293
-100.0,100,1514.790812
-100.0,100,1515.143867
-100.0,100,1515.482634
-100.0,100,1515.833518
-100.0,100,1516.184246
-100.0,100,1516.522842
-100.0,100,1516.866542
-100.0,100,1517.210937
-100.0,100,1517.547687
-100.0,100,1517.889989
-100.0,100,1518.232976
-99.0,100,1518.575629
-100.0,100,1518.906874
-100.0,100,1519.252111
-100.0,100,1519.6002
-100.0,100,1519.946026
-100.0,100,1520.292404
-100.0,100,1520.641848
-100.0,100,1520.983255
-100.0,100,1521.321948
-100.0,100,1522.474762
-100.0,100,1522.742314
-100.0,100,1522.999975
-100.0,100,1523.245915
-100.0,100,1523.495294
-100.0,100,1523.756231
-100.0,100,1524.022159
-100.0,100,1524.3132
-100.0,100,1524.617664
-100.0,100,1524.92395
-100.0,100,1525.243283
-100.0,100,1525.566128
-89.0,100,1525.892287
-100.0,100,1526.217529
-100.0,100,1526.554702
-100.0,100,1526.886725
-100.0,100,1527.214327
-100.0,100,1527.552628
-100.0,100,1527.889275
-100.0,100,1528.223811
-100.0,100,1528.564451
-100.0,100,1528.906849
-100.0,100,1529.250563
-100.0,100,1529.59963
-100.0,100,1529.956483
-100.0,100,1530.30056
-90.0,100,1530.653515
-100.0,100,1531.004201
-100.0,100,1531.354528
-100.0,100,1531.691245
-100.0,100,1532.038369
-86.0,100,1532.384926
-100.0,100,1532.731588
-100.0,100,1533.085039
-100.0,100,1533.434397
-100.0,100,1533.771777
-100.0,100,1534.117004
-100.0,100,1534.466655
-100.0,100,1534.815363
-98.0,100,1535.165349
-98.0,100,1535.515346
-100.0,100,1536.974245
-100.0,100,1537.233388
-100.0,100,1537.497728
-100.0,100,1537.768268
-100.0,100,1538.020725
-100.0,100,1538.279466
-100.0,100,1538.729936
-100.0,100,1539.044319
-100.0,100,1539.366654
-100.0,100,1539.672298
-100.0,100,1539.988611
-100.0,100,1540.345782
-87.0,100,1540.652049
-100.0,100,1540.967567
-100.0,100,1541.302104
-95.0,100,1541.633623
-100.0,100,1541.983889
-100.0,100,1542.315763
-100.0,100,1542.667109
-100.0,100,1543.017273
-100.0,100,1543.357372
-100.0,100,1543.694313
-100.0,100,1544.036458
-100.0,100,1544.38165
-100.0,100,1544.75186
-100.0,100,1545.094003
-100.0,100,1545.428212
-100.0,100,1545.764057
-100.0,100,1546.096692
-100.0,100,1546.437378
-100.0,100,1546.775163
-100.0,100,1547.124321
-100.0,100,1547.478471
-100.0,100,1547.827266
-100.0,100,1548.163511
-100.0,100,1548.515638
-100.0,100,1548.875582
-100.0,100,1549.21894
-100.0,100,1549.553014
-100.0,100,1549.883452
-98.0,100,1550.211889
-99.0,100,1551.633161
-100.0,100,1551.918401
-100.0,100,1552.180271
-100.0,100,1552.450976
-100.0,100,1552.733092
-100.0,100,1553.008356
-100.0,100,1553.305559
-100.0,100,1553.600856
-100.0,100,1553.877263
-100.0,100,1554.167993
-100.0,100,1554.484393
-100.0,100,1554.770903
-100.0,100,1555.065587
-100.0,100,1555.339948
-100.0,100,1555.643825
-100.0,100,1555.930826
-100.0,100,1556.264141
-100.0,100,1556.587924
-100.0,100,1556.920327
-100.0,100,1557.258345
-100.0,100,1557.597186
-100.0,100,1557.939166
-100.0,100,1558.261187
-100.0,100,1558.565225
-100.0,100,1558.875739
-100.0,100,1559.190006
-100.0,100,1559.52134
-100.0,100,1559.86289
-100.0,100,1560.196231
-100.0,100,1560.516441
-100.0,100,1560.827632
-100.0,100,1561.141969
-100.0,100,1561.476501
-100.0,100,1561.830186
-100.0,100,1562.184871
-100.0,100,1562.517481
-100.0,100,1562.86653
-100.0,100,1563.21719
-100.0,100,1563.573146
-100.0,100,1563.884593
-100.0,100,1564.200869
-100.0,100,1565.386703
-100.0,100,1565.676482
-100.0,100,1565.926945
-100.0,100,1566.176406
-100.0,100,1566.422035
-100.0,100,1566.661666
-100.0,100,1566.906219
-100.0,100,1567.178924
-100.0,100,1567.443101
-100.0,100,1567.732487
-100.0,100,1568.044582
-100.0,100,1568.348087
-100.0,100,1568.636681
-94.0,100,1568.941125
-99.0,100,1569.268577
-96.0,100,1569.597251
-100.0,100,1569.929978
-100.0,100,1570.266977
-100.0,100,1570.551536
-100.0,100,1570.858007
-100.0,100,1571.178265
-100.0,100,1571.521676
-100.0,100,1571.857436
-100.0,100,1572.198399
-100.0,100,1572.508414
-100.0,100,1572.820724
-100.0,100,1573.131109
-100.0,100,1573.450452
-100.0,100,1573.786913
-100.0,100,1574.126714
-100.0,100,1574.47548
-100.0,100,1574.797374
-100.0,100,1575.123366
-100.0,100,1575.480874
-100.0,100,1575.826614
-100.0,100,1576.17039
-100.0,100,1576.519481
-100.0,100,1576.84813
-100.0,100,1577.162887
-100.0,100,1577.48319
-100.0,100,1577.801165
-100.0,100,1578.970943
-100.0,100,1579.225291
-100.0,100,1579.482227
-100.0,100,1579.744079
-100.0,100,1579.974392
-100.0,100,1580.221361
-100.0,100,1580.476176
-100.0,100,1580.765819
-100.0,100,1581.070292
-100.0,100,1581.365166
-100.0,100,1581.650602
-100.0,100,1581.937231
-98.0,100,1582.254485
-100.0,100,1582.530665
-100.0,100,1582.828963
-100.0,100,1583.129779
-100.0,100,1583.432441
-100.0,100,1583.750685
-100.0,100,1584.052254
-100.0,100,1584.370023
-100.0,100,1584.672813
-100.0,100,1584.969882
-100.0,100,1585.274327
-100.0,100,1585.568674
-100.0,100,1585.869944
-100.0,100,1586.186136
-100.0,100,1586.484438
-100.0,100,1586.806612
-100.0,100,1587.128329
-100.0,100,1587.44465
-100.0,100,1587.79533
-100.0,100,1588.100404
-100.0,100,1588.401219
-100.0,100,1588.715378
-100.0,100,1589.046464
-100.0,100,1589.342272
-100.0,100,1589.663735
-100.0,100,1589.982232
-100.0,100,1590.304564
-100.0,100,1590.630033
-100.0,100,1590.953136
-100.0,100,1591.959024
-100.0,100,1592.209927
-100.0,100,1592.465059
-100.0,100,1592.707519
-100.0,100,1592.937479
-100.0,100,1593.185801
-100.0,100,1593.44341
-100.0,100,1593.727325
-100.0,100,1594.010577
-100.0,100,1594.304744
-99.0,100,1594.604705
-100.0,100,1594.897907
-100.0,100,1595.184439
-100.0,100,1595.480581
-100.0,100,1595.785722
-100.0,100,1596.105925
-100.0,100,1596.423913
-100.0,100,1596.750226
-99.0,100,1597.095171
-100.0,100,1597.384568
-100.0,100,1597.679143
-100.0,100,1597.966607
-100.0,100,1598.260776
-100.0,100,1598.56882
-97.0,100,1598.870009
-100.0,100,1599.165203
-100.0,100,1599.468231
-100.0,100,1599.777822
-100.0,100,1600.112044
-100.0,100,1600.452377
-100.0,100,1600.795367
-100.0,100,1601.146912
-100.0,100,1601.486476
-100.0,100,1601.824209
-100.0,100,1602.173585
-100.0,100,1602.527688
-100.0,100,1602.876866
-100.0,100,1603.217582
-100.0,100,1603.541094
-100.0,100,1603.865296
-100.0,100,1604.196782
-100.0,100,1605.156686
-100.0,100,1605.403285
-100.0,100,1605.651023
-100.0,100,1605.894255
-98.0,100,1606.136663
-100.0,100,1606.375554
-100.0,100,1606.64282
-100.0,100,1606.89035
-100.0,100,1607.186877
-99.0,100,1607.446058
-100.0,100,1607.718732
-100.0,100,1607.99391
-100.0,100,1608.270879
-100.0,100,1608.569341
-99.0,100,1608.869014
-100.0,100,1609.174542
-100.0,100,1609.489101
-99.0,100,1609.784647
-100.0,100,1610.102229
-100.0,100,1610.422456
-100.0,100,1610.738003
-96.0,100,1611.066499
-100.0,100,1611.392486
-100.0,100,1611.738171
-100.0,100,1612.088908
-98.0,100,1612.445134
-100.0,100,1612.810051
-100.0,100,1613.147482
-100.0,100,1613.478516
-100.0,100,1613.801
-100.0,100,1614.111978
-100.0,100,1614.439097
-100.0,100,1614.777449
-100.0,100,1615.114745
-100.0,100,1615.45534
-100.0,100,1615.797064
-100.0,100,1616.132353
-100.0,100,1616.483508
-100.0,100,1616.831405
-100.0,100,1617.182283
-100.0,100,1617.521535
-100.0,100,1618.795536
-100.0,100,1619.053961
-100.0,100,1619.303531
-100.0,100,1619.550615
-100.0,100,1619.79954
-100.0,100,1620.0485
-100.0,100,1620.309048
-100.0,100,1620.597377
-97.0,100,1620.883974
-100.0,100,1621.176676
-100.0,100,1621.670924
-98.0,100,1622.036344
-100.0,100,1622.435233
-100.0,100,1622.808758
-100.0,100,1623.193149
-100.0,100,1623.57439
-100.0,100,1623.934875
-100.0,100,1624.265682
-100.0,100,1624.58343
-100.0,100,1624.932278
-100.0,100,1625.27943
-100.0,100,1625.622508
-100.0,100,1625.96771
-100.0,100,1626.303723
-100.0,100,1626.66791
-100.0,100,1627.017502
-100.0,100,1627.363277
-99.0,100,1627.712438
-100.0,100,1628.052304
-100.0,100,1628.386989
-100.0,100,1628.735519
-100.0,100,1629.069848
-100.0,100,1629.417766
-100.0,100,1629.757723
-100.0,100,1630.098033
-100.0,100,1630.416619
-100.0,100,1630.757298
-100.0,100,1631.100267
-100.0,100,1631.446668
-100.0,100,1631.790626
-100.0,100,1632.13641
-100.0,100,1633.572115
-100.0,100,1633.835397
-100.0,100,1634.114881
-100.0,100,1634.385336
-100.0,100,1634.643266
-100.0,100,1634.883362
-100.0,100,1635.166108
-100.0,100,1635.469505
-100.0,100,1635.783381
-100.0,100,1636.104109
-100.0,100,1636.445408
-100.0,100,1636.753403
-100.0,100,1637.032603
-100.0,100,1637.320248
-100.0,100,1637.618182
-100.0,100,1637.91403
-100.0,100,1638.218515
-100.0,100,1638.510281
-100.0,100,1638.807003
-100.0,100,1639.111754
-100.0,100,1639.400195
-100.0,100,1639.708527
-100.0,100,1640.04693
-100.0,100,1640.395037
-100.0,100,1640.710426
-100.0,100,1641.031301
-100.0,100,1641.348302
-83.0,100,1641.65697
-100.0,100,1641.972082
-100.0,100,1642.322358
-100.0,100,1642.660065
-100.0,100,1642.977039
-100.0,100,1643.294966
-100.0,100,1643.63941
-100.0,100,1643.966893
-100.0,100,1644.31341
-100.0,100,1644.650867
-100.0,100,1644.986333
-100.0,100,1645.325499
-100.0,100,1645.666074
-100.0,100,1646.004574
-100.0,100,1647.332608
-100.0,100,1647.625707
-100.0,100,1647.867023
-100.0,100,1648.131161
-100.0,100,1648.39298
-100.0,100,1648.65891
-100.0,100,1648.944303
-100.0,100,1649.231745
-100.0,100,1649.520464
-100.0,100,1649.807976
-100.0,100,1650.128101
-100.0,100,1650.459485
-100.0,100,1650.785233
-100.0,100,1651.081236
-100.0,100,1651.40377
-100.0,100,1651.735368
-100.0,100,1652.06992
-100.0,100,1652.411274
-100.0,100,1652.748327
-100.0,100,1653.052187
-100.0,100,1653.391671
-100.0,100,1653.717798
-100.0,100,1654.064234
-100.0,100,1654.405215
-100.0,100,1654.750009
-100.0,100,1655.079431
-100.0,100,1655.402704
-100.0,100,1655.699697
-100.0,100,1656.016533
-100.0,100,1656.339932
-100.0,100,1656.65419
-100.0,100,1656.988972
-100.0,100,1657.312607
-100.0,100,1657.649839
-100.0,100,1657.980591
-100.0,100,1658.299599
-98.0,100,1658.649761
-100.0,100,1658.976861
-100.0,100,1659.329727
-100.0,100,1659.676858
-100.0,100,1661.183778
-100.0,100,1661.447202
-100.0,100,1661.698306
-100.0,100,1661.992246
-100.0,100,1662.262791
-100.0,100,1662.5492
-100.0,100,1662.839241
-100.0,100,1663.140214
-100.0,100,1663.419818
-100.0,100,1663.7006
-100.0,100,1663.998083
-100.0,100,1664.302523
-100.0,100,1664.612577
-100.0,100,1664.920068
-100.0,100,1665.235157
-100.0,100,1665.521943
-100.0,100,1665.837895
-100.0,100,1666.175849
-100.0,100,1666.516981
-100.0,100,1666.851391
-100.0,100,1667.184421
-100.0,100,1667.480651
-100.0,100,1667.78194
-99.0,100,1668.091675
-100.0,100,1668.396
-94.0,100,1668.712807
-100.0,100,1669.03181
-100.0,100,1669.38802
-100.0,100,1669.726379
-100.0,100,1670.096619
-100.0,100,1670.46292
-100.0,100,1670.806233
-100.0,100,1671.152241
-100.0,100,1671.487638
-100.0,100,1671.794998
-100.0,100,1672.119458
-100.0,100,1672.427126
-100.0,100,1672.749415
-100.0,100,1673.092296
-100.0,100,1673.442793
-100.0,100,1673.779633
-100.0,100,1675.313829
-100.0,100,1675.592662
-100.0,100,1675.861776
-99.0,100,1676.120777
-100.0,100,1676.38435
-100.0,100,1676.646659
-100.0,100,1676.906271
-100.0,100,1677.162176
-100.0,100,1677.423694
-100.0,100,1677.704258
-100.0,100,1677.974308
-100.0,100,1678.232706
-100.0,100,1678.52509
-100.0,100,1678.828541
-100.0,100,1679.155664
-100.0,100,1679.451646
-100.0,100,1679.764878
-100.0,100,1680.036208
-100.0,100,1680.335084
-94.0,100,1680.633832
-100.0,100,1680.967681
-100.0,100,1681.299571
-100.0,100,1681.640949
-97.0,100,1681.937486
-100.0,100,1682.215141
-100.0,100,1682.554254
-100.0,100,1682.883358
-100.0,100,1683.22756
-100.0,100,1683.57467
-100.0,100,1683.907891
-100.0,100,1684.211285
-100.0,100,1684.530532
-100.0,100,1684.878628
-100.0,100,1685.231321
-100.0,100,1685.577563
-100.0,100,1685.90811
-100.0,100,1686.220182
-100.0,100,1686.572481
-100.0,100,1686.873349
-100.0,100,1687.176916
-100.0,100,1687.492673
-100.0,100,1688.552782
-100.0,100,1688.781132
-100.0,100,1689.037162
-100.0,100,1689.281929
-100.0,100,1689.556083
-100.0,100,1689.791547
-100.0,100,1690.045837
-100.0,100,1690.297111
-100.0,100,1690.557989
-100.0,100,1690.834577
-100.0,100,1691.122551
-100.0,100,1691.41978
-100.0,100,1691.715243
-100.0,100,1692.008785
-100.0,100,1692.270339
-100.0,100,1692.534528
-100.0,100,1692.838366
-100.0,100,1693.138342
-100.0,100,1693.43399
-100.0,100,1693.724455
-100.0,100,1694.006661
-100.0,100,1694.304955
-100.0,100,1694.606313
-100.0,100,1694.904943
-100.0,100,1695.233615
-100.0,100,1695.565794
-100.0,100,1695.903468
-100.0,100,1696.233267
-100.0,100,1696.56672
-100.0,100,1696.905349
-100.0,100,1697.242181
-100.0,100,1697.597773
-100.0,100,1697.942895
-100.0,100,1698.254034
-100.0,100,1698.57386
-100.0,100,1698.907977
-100.0,100,1699.225911
-100.0,100,1699.54345
-100.0,100,1699.880142
-100.0,100,1700.227771
-99.0,100,1700.552225
-100.0,100,1702.091054
-100.0,100,1702.347936
-100.0,100,1702.610085
-100.0,100,1702.891254
-100.0,100,1703.177972
-100.0,100,1703.459402
-100.0,100,1703.757499
-100.0,100,1704.048543
-100.0,100,1704.361545
-99.0,100,1704.662868
-100.0,100,1704.942742
-100.0,100,1705.243754
-100.0,100,1705.54349
-100.0,100,1705.829118
-100.0,100,1706.174724
-100.0,100,1706.640114
-100.0,100,1706.932039
-99.0,100,1707.236144
-100.0,100,1707.531283
-100.0,100,1707.841204
-100.0,100,1708.147183
-94.0,100,1708.440778
-100.0,100,1708.757584
-100.0,100,1709.058818
-100.0,100,1709.358852
-100.0,100,1709.666106
-100.0,100,1709.973725
-100.0,100,1710.290195
-100.0,100,1710.598636
-100.0,100,1710.907817
-100.0,100,1711.213577
-100.0,100,1711.522308
-100.0,100,1711.833259
-100.0,100,1712.137252
-85.0,100,1712.442055
-100.0,100,1712.761269
-100.0,100,1713.068676
-100.0,100,1713.380301
-100.0,100,1713.694508
-100.0,100,1714.011363
-100.0,100,1714.313235
-98.0,100,1715.600055
-100.0,100,1715.860307
-100.0,100,1716.103102
-100.0,100,1716.339033
-100.0,100,1716.575847
-100.0,100,1716.814912
-100.0,100,1717.044257
-100.0,100,1717.283691
-100.0,100,1717.539094
-100.0,100,1717.826715
-100.0,100,1718.09206
-100.0,100,1718.359721
-100.0,100,1718.63717
-100.0,100,1718.923864
-100.0,100,1719.205713
-100.0,100,1719.490636
-100.0,100,1719.767898
-100.0,100,1720.058361
-100.0,100,1720.338191
-100.0,100,1720.628369
-100.0,100,1720.922692
-100.0,100,1721.207237
-100.0,100,1721.4932
-100.0,100,1721.783343
-100.0,100,1722.07486
-100.0,100,1722.372724
-100.0,100,1722.667706
-100.0,100,1722.962581
-100.0,100,1723.262039
-100.0,100,1723.56564
-100.0,100,1723.865177
-100.0,100,1724.159515
-100.0,100,1724.471701
-100.0,100,1724.776634
-100.0,100,1725.103528
-100.0,100,1725.418571
-82.0,100,1725.732123
-100.0,100,1726.048618
-100.0,100,1726.360848
-100.0,100,1726.675512
-100.0,100,1726.99644
-100.0,100,1728.231307
-100.0,100,1728.484555
-100.0,100,1728.760708
-100.0,100,1728.99435
-100.0,100,1729.228666
-100.0,100,1729.463505
-100.0,100,1729.689135
-100.0,100,1729.936536
-100.0,100,1730.202137
-100.0,100,1730.459549
-100.0,100,1730.724748
-100.0,100,1730.99381
-100.0,100,1731.279177
-100.0,100,1731.556315
-100.0,100,1731.842019
-100.0,100,1732.127038
-100.0,100,1732.417435
-100.0,100,1732.711827
-100.0,100,1733.024119
-100.0,100,1733.329861
-100.0,100,1733.623179
-100.0,100,1733.909929
-100.0,100,1734.198388
-93.0,100,1734.49093
-100.0,100,1734.778659
-100.0,100,1735.070174
-100.0,100,1735.401383
-100.0,100,1735.694862
-100.0,100,1735.986803
-100.0,100,1736.280435
-100.0,100,1736.577671
-100.0,100,1736.870573
-100.0,100,1737.163775
-97.0,100,1737.467601
-100.0,100,1737.790423
-100.0,100,1738.113038
-100.0,100,1738.429438
-100.0,100,1738.751445
-100.0,100,1739.044426
-100.0,100,1739.336754
-100.0,100,1739.637981
-100.0,100,1740.834146
-100.0,100,1741.100853
-100.0,100,1741.336407
-100.0,100,1741.581689
-100.0,100,1741.815967
-100.0,100,1742.053045
-100.0,100,1742.287064
-100.0,100,1742.532995
-100.0,100,1742.796776
-100.0,100,1743.060325
-100.0,100,1743.323779
-100.0,100,1743.590226
-100.0,100,1743.878738
-100.0,100,1744.151598
-100.0,100,1744.437107
-100.0,100,1744.709918
-100.0,100,1744.987929
-100.0,100,1745.303323
-100.0,100,1745.588917
-100.0,100,1745.875918
-100.0,100,1746.167737
-100.0,100,1746.451314
-100.0,100,1746.743855
-100.0,100,1747.037207
-100.0,100,1747.328442
-100.0,100,1747.615713
-100.0,100,1747.911332
-100.0,100,1748.203069
-100.0,100,1748.501045
-99.0,100,1748.803138
-100.0,100,1749.106382
-100.0,100,1749.397126
-100.0,100,1749.701457
-100.0,100,1750.010585
-100.0,100,1750.319605
-100.0,100,1750.619564
-100.0,100,1750.919535
-91.0,100,1751.229547
-100.0,100,1751.539941
-100.0,100,1751.855526
-98.0,100,1752.157359
-100.0,100,1753.41427
-100.0,100,1753.677535
-100.0,100,1753.925728
-99.0,100,1754.162514
-100.0,100,1754.395011
-100.0,100,1754.637432
-100.0,100,1754.865853
-100.0,100,1755.108426
-100.0,100,1755.386784
-100.0,100,1755.651442
-100.0,100,1755.910702
-100.0,100,1756.184925
-100.0,100,1756.460671
-100.0,100,1756.75004
-100.0,100,1757.03609
-100.0,100,1757.32008
-100.0,100,1757.597896
-100.0,100,1757.893071
-100.0,100,1758.176785
-100.0,100,1758.460257
-100.0,100,1758.745021
-100.0,100,1759.038484
-100.0,100,1759.337482
-100.0,100,1759.629221
-100.0,100,1759.922951
-100.0,100,1760.219338
-100.0,100,1760.511472
-100.0,100,1760.804595
-100.0,100,1761.099241
-100.0,100,1761.389088
-100.0,100,1761.690647
-100.0,100,1761.994954
-100.0,100,1762.295344
-100.0,100,1762.636114
-100.0,100,1762.942465
-100.0,100,1763.259577
-100.0,100,1763.563372
-100.0,100,1763.878411
-100.0,100,1764.182086
-100.0,100,1764.500754
-100.0,100,1764.814727
-100.0,100,1766.029331
-100.0,100,1766.298892
-100.0,100,1766.57609
-100.0,100,1766.810686
-100.0,100,1767.047167
-100.0,100,1767.28608
-100.0,100,1767.514093
-100.0,100,1767.765625
-100.0,100,1768.025013
-100.0,100,1768.288586
-100.0,100,1768.556662
-100.0,100,1768.817363
-100.0,100,1769.093118
-100.0,100,1769.362171
-100.0,100,1769.64557
-100.0,100,1769.933382
-97.0,100,1770.212767
-100.0,100,1770.507746
-100.0,100,1770.792987
-92.0,100,1771.086921
-100.0,100,1771.377017
-100.0,100,1771.675247
-100.0,100,1771.962928
-100.0,100,1772.253728
-100.0,100,1772.554029
-100.0,100,1772.845528
-100.0,100,1773.161136
-100.0,100,1773.451161
-100.0,100,1773.741412
-100.0,100,1774.038774
-100.0,100,1774.329024
-100.0,100,1774.636535
-100.0,100,1774.942967
-100.0,100,1775.245294
-100.0,100,1775.54179
-100.0,100,1775.84042
-100.0,100,1776.143974
-97.0,100,1776.461046
-100.0,100,1776.783142
-100.0,100,1777.089797
-100.0,100,1777.387727
-100.0,100,1778.617902
-100.0,100,1778.881066
-100.0,100,1779.139497
-100.0,100,1779.366024
-100.0,100,1779.604301
-100.0,100,1779.836586
-97.0,100,1780.070239
-98.0,100,1780.31867
-100.0,100,1780.58585
-100.0,100,1780.848548
-100.0,100,1781.137184
-100.0,100,1781.410517
-100.0,100,1781.690227
-100.0,100,1781.96439
-100.0,100,1782.241032
-100.0,100,1782.522453
-100.0,100,1782.808026
-100.0,100,1783.099203
-100.0,100,1783.377626
-100.0,100,1783.880654
-100.0,100,1784.165074
-100.0,100,1784.466201
-100.0,100,1784.79308
-100.0,100,1785.140646
-98.0,100,1785.447206
-100.0,100,1785.747111
-100.0,100,1786.040323
-100.0,100,1786.340044
-100.0,100,1786.641063
-100.0,100,1786.950506
-96.0,100,1787.252143
-84.0,100,1787.563316
-100.0,100,1787.872504
-100.0,100,1788.174716
-100.0,100,1788.480226
-100.0,100,1788.778692
-100.0,100,1789.086006
-100.0,100,1789.392326
-100.0,100,1789.698456
-100.0,100,1789.993026
-100.0,100,1790.293195
-100.0,100,1791.503391
-100.0,100,1791.766538
-100.0,100,1792.004419
-100.0,100,1792.256022
-100.0,100,1792.49226
-100.0,100,1792.728455
-100.0,100,1792.963723
-100.0,100,1793.222203
-100.0,100,1793.480834
-100.0,100,1793.742795
-100.0,100,1794.004892
-100.0,100,1794.280607
-100.0,100,1794.601769
-95.0,100,1794.885843
-100.0,100,1795.174272
-100.0,100,1795.462365
-100.0,100,1795.7662
-100.0,100,1796.074387
-100.0,100,1796.377336
-100.0,100,1796.665105
-100.0,100,1796.950097
-100.0,100,1797.243543
-100.0,100,1797.53369
-100.0,100,1797.823922
-96.0,100,1798.122068
-100.0,100,1798.40968
-100.0,100,1798.703834
-100.0,100,1799.006233
-99.0,100,1799.313036
-100.0,100,1799.60371
-100.0,100,1799.899949
-100.0,100,1800.187765
-100.0,100,1800.490487
-100.0,100,1800.816252
-100.0,100,1801.156136
-100.0,100,1801.48624
-100.0,100,1801.837193
-100.0,100,1802.141781
-100.0,100,1802.44633
-100.0,100,1802.761271
-100.0,100,1803.075307
-100.0,100,1804.274018
-100.0,100,1804.532442
-100.0,100,1804.813464
-100.0,100,1805.055062
-100.0,100,1805.286962
-100.0,100,1805.53111
-100.0,100,1805.764699
-100.0,100,1806.01877
-100.0,100,1806.277322
-100.0,100,1806.533667
-100.0,100,1806.793443
-100.0,100,1807.081446
-100.0,100,1807.355661
-100.0,100,1807.639277
-100.0,100,1807.916408
-100.0,100,1808.204947
-100.0,100,1808.475878
-100.0,100,1808.771603
-100.0,100,1809.067825
-100.0,100,1809.355702
-100.0,100,1809.653353
-100.0,100,1809.937654
-100.0,100,1810.226787
-100.0,100,1810.510925
-100.0,100,1810.804038
-100.0,100,1811.104158
-100.0,100,1811.39716
-96.0,100,1811.713373
-100.0,100,1812.009467
-100.0,100,1812.302273
-100.0,100,1812.602902
-100.0,100,1812.896092
-100.0,100,1813.200379
-100.0,100,1813.507137
-100.0,100,1813.814022
-91.0,100,1814.120241
-100.0,100,1814.423408
-100.0,100,1814.736024
-100.0,100,1815.044097
-100.0,100,1815.357512
-100.0,100,1815.661747
-100.0,100,1816.86308
-100.0,100,1817.143182
-100.0,100,1817.38484
-100.0,100,1817.617683
-100.0,100,1817.850264
-100.0,100,1818.089704
-100.0,100,1818.324334
-24.0,100,1818.560078
-100.0,100,1818.817518
-100.0,100,1819.073251
-100.0,100,1819.33428
-100.0,100,1819.59471
-100.0,100,1819.866993
-100.0,100,1820.144289
-100.0,100,1820.412629
-100.0,100,1820.694494
-100.0,100,1820.957136
-100.0,100,1821.227534
-100.0,100,1821.502937
-100.0,100,1821.783458
-97.0,100,1822.083783
-100.0,100,1822.369999
-100.0,100,1822.681762
-100.0,100,1822.975968
-100.0,100,1823.278577
-100.0,100,1823.573181
-100.0,100,1823.869818
-100.0,100,1824.161847
-100.0,100,1824.461586
-100.0,100,1824.75738
-100.0,100,1825.047069
-100.0,100,1825.350026
-100.0,100,1825.658016
-100.0,100,1825.957792
-100.0,100,1826.261197
-100.0,100,1826.564584
-98.0,100,1826.868251
-100.0,100,1827.174526
-100.0,100,1827.476599
-98.0,100,1827.787729
-100.0,100,1828.085846
-100.0,100,1829.277448
-100.0,100,1829.542676
-100.0,100,1829.777583
-100.0,100,1830.008021
-100.0,100,1830.239926
-100.0,100,1830.474481
-100.0,100,1830.705848
-100.0,100,1830.959471
-100.0,100,1831.210881
-100.0,100,1831.46261
-100.0,100,1831.714899
-100.0,100,1831.975341
-100.0,100,1832.255095
-100.0,100,1832.567349
-100.0,100,1832.858004
-100.0,100,1833.136738
-100.0,100,1833.416439
-100.0,100,1833.695558
-100.0,100,1833.969267
-100.0,100,1834.254685
-100.0,100,1834.544515
-100.0,100,1834.822473
-100.0,100,1835.109704
-100.0,100,1835.404366
-100.0,100,1835.697584
-100.0,100,1835.982984
-100.0,100,1836.278121
-100.0,100,1836.574392
-100.0,100,1836.877023
-100.0,100,1837.169896
-98.0,100,1837.480405
-100.0,100,1837.797703
-100.0,100,1838.094208
-100.0,100,1838.397358
-100.0,100,1838.71707
-100.0,100,1839.026194
-100.0,100,1839.338048
-100.0,100,1839.638931
-100.0,100,1839.94491
-100.0,100,1840.247634
-100.0,100,1840.550636
-100.0,100,1841.767285
-100.0,100,1842.045118
-100.0,100,1842.291877
-100.0,100,1842.526224
-100.0,100,1842.758417
-100.0,100,1843.00245
-100.0,100,1843.23147
-100.0,100,1843.472523
-100.0,100,1843.728306
-99.0,100,1843.985466
-100.0,100,1844.256085
-100.0,100,1844.527322
-100.0,100,1844.797967
-100.0,100,1845.077703
-100.0,100,1845.363288
-100.0,100,1845.643821
-100.0,100,1845.935652
-100.0,100,1846.227306
-100.0,100,1846.501587
-100.0,100,1846.782665
-98.0,100,1847.081817
-100.0,100,1847.369881
-100.0,100,1847.707865
-100.0,100,1848.000363
-100.0,100,1848.306422
-100.0,100,1848.584834
-100.0,100,1848.886275
-100.0,100,1849.179977
-100.0,100,1849.474538
-100.0,100,1849.770624
-100.0,100,1850.069543
-100.0,100,1850.373892
-100.0,100,1850.674674
-100.0,100,1850.97758
-100.0,100,1851.27989
-100.0,100,1851.579915
-100.0,100,1851.880095
-100.0,100,1852.18882
-100.0,100,1852.496591
-100.0,100,1852.79461
-100.0,100,1853.106841
-100.0,100,1854.354894
-100.0,100,1854.631438
-100.0,100,1854.904165
-92.0,100,1855.152144
-100.0,100,1855.390825
-100.0,100,1855.638647
-100.0,100,1855.89343
-100.0,100,1856.184365
-100.0,100,1856.488302
-100.0,100,1856.791245
-100.0,100,1857.100028
-100.0,100,1857.380419
-100.0,100,1857.707147
-100.0,100,1858.030256
-100.0,100,1858.36304
-100.0,100,1858.717203
-96.0,100,1859.063207
-100.0,100,1859.420402
-100.0,100,1859.754522
-100.0,100,1860.089502
-100.0,100,1860.425784
-100.0,100,1860.765436
-100.0,100,1861.106087
-100.0,100,1861.555095
-100.0,100,1861.872196
-93.0,100,1862.221876
-100.0,100,1862.589764
-100.0,100,1862.918356
-99.0,100,1863.269852
-100.0,100,1863.589193
-100.0,100,1863.945698
-100.0,100,1864.271044
-100.0,100,1864.61413
-100.0,100,1864.961014
-100.0,100,1865.301871
-100.0,100,1865.632592
-100.0,100,1865.967672
-100.0,100,1866.30859
-98.0,100,1866.653508
-100.0,100,1866.99285
-100.0,100,1867.32577
-100.0,100,1868.784747
-100.0,100,1869.059575
-100.0,100,1869.323133
-100.0,100,1869.592802
-100.0,100,1869.83489
-100.0,100,1870.082233
-100.0,100,1870.347103
-100.0,100,1870.63255
-100.0,100,1870.942858
-100.0,100,1871.251234
-100.0,100,1871.571081
-100.0,100,1871.866161
-100.0,100,1872.161538
-100.0,100,1872.485754
-100.0,100,1872.819849
-100.0,100,1873.151261
-100.0,100,1873.475444
-100.0,100,1873.805853
-99.0,100,1874.122563
-94.0,100,1874.420271
-100.0,100,1874.730485
-100.0,100,1875.05637
-100.0,100,1875.394748
-100.0,100,1875.727113
-100.0,100,1876.024512
-100.0,100,1876.325099
-100.0,100,1876.66161
-100.0,100,1877.013396
-93.0,100,1877.358238
-100.0,100,1877.704439
-100.0,100,1878.035956
-100.0,100,1878.342806
-100.0,100,1878.691253
-100.0,100,1879.036048
-100.0,100,1879.347563
-100.0,100,1879.659599
-100.0,100,1880.007967
-100.0,100,1880.357858
-98.0,100,1880.706584
-100.0,100,1881.051279
-100.0,100,1881.402478
-100.0,100,1882.678578
-100.0,100,1882.940761
-100.0,100,1883.185021
-100.0,100,1883.419569
-100.0,100,1883.65602
-100.0,100,1883.890203
-100.0,100,1884.13805
-100.0,100,1884.408986
-100.0,100,1884.68015
-100.0,100,1884.961826
-100.0,100,1885.271874
-100.0,100,1885.590644
-100.0,100,1885.909385
-100.0,100,1886.191826
-100.0,100,1886.490692
-100.0,100,1886.79278
-100.0,100,1887.10566
-100.0,100,1887.409841
-100.0,100,1887.746942
-100.0,100,1888.088764
-100.0,100,1888.41139
-98.0,100,1888.752059
-100.0,100,1889.084679
-100.0,100,1889.404574
-100.0,100,1889.751213
-100.0,100,1890.084057
-98.0,100,1890.410764
-100.0,100,1890.729606
-100.0,100,1891.046236
-100.0,100,1891.380732
-100.0,100,1891.708934
-100.0,100,1892.067001
-100.0,100,1892.386467
-100.0,100,1892.691945
-100.0,100,1892.995188
-100.0,100,1893.326944
-100.0,100,1893.677405
-93.0,100,1894.021532
-100.0,100,1894.354286
-100.0,100,1894.682006
-100.0,100,1894.9896
-100.0,100,1896.468729
-100.0,100,1896.718685
-100.0,100,1896.973694
-100.0,100,1897.222326
-100.0,100,1897.467872
-100.0,100,1897.743514
-100.0,100,1898.017012
-100.0,100,1898.31679
-100.0,100,1898.605699
-100.0,100,1898.919193
-100.0,100,1899.207041
-100.0,100,1899.510578
-100.0,100,1899.82683
-100.0,100,1900.137432
-100.0,100,1900.457239
-99.0,100,1900.756441
-100.0,100,1901.050164
-100.0,100,1901.350519
-100.0,100,1901.64524
-100.0,100,1901.95899
-100.0,100,1902.287303
-100.0,100,1902.608422
-100.0,100,1902.945544
-100.0,100,1903.279339
-100.0,100,1903.621373
-100.0,100,1903.968079
-100.0,100,1904.275134
-100.0,100,1904.616286
-100.0,100,1904.933188
-100.0,100,1905.27374
-100.0,100,1905.589769
-100.0,100,1905.934857
-100.0,100,1906.270338
-100.0,100,1906.594519
-100.0,100,1906.906118
-100.0,100,1907.223998
-100.0,100,1907.529268
-100.0,100,1907.836174
-95.0,100,1908.150561
-100.0,100,1908.463442
-100.0,100,1908.788089
-100.0,100,1910.02893
-100.0,100,1910.297753
-100.0,100,1910.557524
-100.0,100,1910.814565
-100.0,100,1911.052431
-100.0,100,1911.309076
-98.0,100,1911.580579
-100.0,100,1911.882305
-100.0,100,1912.185809
-100.0,100,1912.497754
-100.0,100,1912.808098
-100.0,100,1913.124246
-100.0,100,1913.447064
-92.0,100,1913.773788
-93.0,100,1914.098953
-100.0,100,1914.408704
-100.0,100,1914.719692
-100.0,100,1915.024867
-100.0,100,1915.357357
-100.0,100,1915.703255
-100.0,100,1916.01678
-100.0,100,1916.342979
-97.0,100,1916.693234
-100.0,100,1917.020423
-100.0,100,1917.371099
-100.0,100,1917.726666
-76.0,100,1918.059119
-100.0,100,1918.396524
-100.0,100,1918.740698
-100.0,100,1919.058481
-100.0,100,1919.385998
-100.0,100,1919.737181
-100.0,100,1920.073222
-100.0,100,1920.420228
-100.0,100,1920.75936
-100.0,100,1921.104138
-100.0,100,1921.440315
-100.0,100,1921.782322
-100.0,100,1922.131225
-100.0,100,1922.483731
-100.0,100,1922.83385
-100.0,100,1923.848442
-100.0,100,1924.121549
-100.0,100,1924.3617
-100.0,100,1924.59848
-100.0,100,1924.841326
-100.0,100,1925.076968
-100.0,100,1925.324859
-100.0,100,1925.586428
-100.0,100,1925.879476
-100.0,100,1926.173762
-100.0,100,1926.491107
-100.0,100,1926.789222
-100.0,100,1927.093884
-100.0,100,1927.371814
-100.0,100,1927.647246
-100.0,100,1927.932047
-100.0,100,1928.230908
-100.0,100,1928.55357
-100.0,100,1928.872474
-100.0,100,1929.176652
-100.0,100,1929.48829
-100.0,100,1929.814226
-100.0,100,1930.145959
-100.0,100,1930.478127
-97.0,100,1930.818728
-100.0,100,1931.152227
-100.0,100,1931.485317
-100.0,100,1931.787255
-100.0,100,1932.106916
-100.0,100,1932.417687
-100.0,100,1932.71992
-100.0,100,1933.034347
-100.0,100,1933.376561
-100.0,100,1933.708752
-100.0,100,1934.02951
-100.0,100,1934.346707
-100.0,100,1934.665498
-100.0,100,1935.004785
-100.0,100,1935.351555
-100.0,100,1935.680005
-100.0,100,1936.002199
-100.0,100,1937.217142
-100.0,100,1937.526976
-100.0,100,1937.766016
-100.0,100,1938.024949
-100.0,100,1938.278519
-100.0,100,1938.506668
-100.0,100,1938.740926
-100.0,100,1938.999569
-100.0,100,1939.283035
-100.0,100,1939.57959
-100.0,100,1939.857889
-100.0,100,1940.172897
-100.0,100,1940.493428
-100.0,100,1940.820211
-100.0,100,1941.154188
-100.0,100,1941.486101
-92.0,100,1941.794028
-100.0,100,1942.09234
-100.0,100,1942.378523
-100.0,100,1942.675163
-100.0,100,1943.011957
-100.0,100,1943.35076
-100.0,100,1943.676729
-100.0,100,1944.015154
-100.0,100,1944.353418
-100.0,100,1944.652493
-100.0,100,1944.978174
-100.0,100,1945.512167
-100.0,100,1945.900756
-100.0,100,1946.269258
-100.0,100,1946.63203
-100.0,100,1946.98328
-100.0,100,1947.329104
-100.0,100,1947.674289
-100.0,100,1947.9936
-100.0,100,1948.303563
-100.0,100,1948.620098
-100.0,100,1948.935132
-92.0,100,1949.255943
-100.0,100,1949.606433
-100.0,100,1949.951929
-100.0,100,1951.142838
-97.0,100,1951.387578
-100.0,100,1951.688093
-100.0,100,1951.95149
-100.0,100,1952.19654
-100.0,100,1952.456607
-100.0,100,1952.74391
-100.0,100,1953.042567
-100.0,100,1953.348638
-98.0,100,1953.656759
-100.0,100,1953.982133
-100.0,100,1954.270899
-100.0,100,1954.560494
-100.0,100,1954.869135
-99.0,100,1955.178296
-100.0,100,1955.467904
-100.0,100,1955.796274
-100.0,100,1956.132623
-100.0,100,1956.474016
-100.0,100,1956.816317
-100.0,100,1957.134847
-100.0,100,1957.471784
-100.0,100,1957.772376
-100.0,100,1958.083308
-100.0,100,1958.413237
-100.0,100,1958.759294
-100.0,100,1959.106561
-100.0,100,1959.431625
-100.0,100,1959.73609
-100.0,100,1960.06547
-100.0,100,1960.395045
-100.0,100,1960.703206
-100.0,100,1961.04391
-100.0,100,1961.390807
-98.0,100,1961.7335
-100.0,100,1962.08716
-100.0,100,1962.435974
-100.0,100,1962.785218
-100.0,100,1963.135208
-100.0,100,1963.48739
-100.0,100,1963.836255
-100.0,100,1965.100436
-100.0,100,1965.386771
-100.0,100,1965.637504
-100.0,100,1965.897117
-100.0,100,1966.136054
-100.0,100,1966.370016
-100.0,100,1966.626374
-100.0,100,1966.875014
-100.0,100,1967.17751
-100.0,100,1967.484344
-100.0,100,1967.811881
-100.0,100,1968.135024
-100.0,100,1968.452841
-100.0,100,1968.767174
-100.0,100,1969.082834
-100.0,100,1969.400022
-100.0,100,1969.729933
-100.0,100,1970.059645
-100.0,100,1970.385541
-100.0,100,1970.703537
-100.0,100,1971.003634
-100.0,100,1971.306507
-100.0,100,1971.597022
-100.0,100,1971.896071
-100.0,100,1972.252227
-100.0,100,1972.585712
-100.0,100,1972.920746
-100.0,100,1973.264299
-100.0,100,1973.60702
-100.0,100,1973.952899
-100.0,100,1974.296346
-100.0,100,1974.640882
-100.0,100,1974.96977
-100.0,100,1975.317581
-100.0,100,1975.650992
-100.0,100,1976.004004
-100.0,100,1976.353916
-100.0,100,1976.701291
-100.0,100,1977.0219
-100.0,100,1977.345927
-100.0,100,1977.690425
-100.0,100,1979.036217
-100.0,100,1979.296923
-100.0,100,1979.531126
-94.0,100,1979.771789
-100.0,100,1980.002522
-100.0,100,1980.250911
-100.0,100,1980.483575
-100.0,100,1980.764058
-100.0,100,1981.042886
-100.0,100,1981.307598
-100.0,100,1981.58917
-100.0,100,1981.876722
-100.0,100,1982.175761
-100.0,100,1982.514243
-100.0,100,1982.804936
-100.0,100,1983.094309
-100.0,100,1983.385285
-100.0,100,1983.675182
-100.0,100,1983.972744
-100.0,100,1984.301268
-100.0,100,1984.639373
-100.0,100,1984.968421
-100.0,100,1985.265025
-100.0,100,1985.566291
-100.0,100,1985.870978
-100.0,100,1986.179126
-100.0,100,1986.513358
-97.0,100,1986.85744
-100.0,100,1987.178475
-100.0,100,1987.508183
-100.0,100,1987.830981
-100.0,100,1988.182353
-100.0,100,1988.525321
-100.0,100,1988.871374
-100.0,100,1989.207181
-100.0,100,1989.517668
-100.0,100,1989.873529
-100.0,100,1990.254725
-100.0,100,1990.612453
-100.0,100,1990.955432
-99.0,100,1992.032114
-100.0,100,1992.262287
-100.0,100,1992.531119
-100.0,100,1992.763525
-93.0,100,1993.039171
-100.0,100,1993.282942
-100.0,100,1993.539817
-100.0,100,1993.798465
-100.0,100,1994.059721
-94.0,100,1994.334482
-100.0,100,1994.602614
-100.0,100,1994.857664
-100.0,100,1995.114414
-100.0,100,1995.396699
-100.0,100,1995.649631
-100.0,100,1995.919313
-100.0,100,1996.229692
-100.0,100,1996.55523
-100.0,100,1996.881986
-100.0,100,1997.198998
-100.0,100,1997.519802
-100.0,100,1997.818729
-100.0,100,1998.108871
-100.0,100,1998.411913
-100.0,100,1998.705769
-100.0,100,1999.006504
-100.0,100,1999.310285
-100.0,100,1999.607917
-100.0,100,1999.937066
-100.0,100,2000.2691
-100.0,100,2000.615225
-100.0,100,2000.900569
-100.0,100,2001.216395
-100.0,100,2001.548524
-100.0,100,2001.856246
-100.0,100,2002.158635
-100.0,100,2002.48333
-100.0,100,2002.83409
-97.0,100,2003.17943
-97.0,100,2003.533337
-100.0,100,2003.839922
-100.0,100,2005.085951
-100.0,100,2005.357372
-100.0,100,2005.611559
-100.0,100,2005.84257
-100.0,100,2006.098904
-100.0,100,2006.369896
-100.0,100,2006.634584
-100.0,100,2006.925008
-99.0,100,2007.230393
-100.0,100,2007.537391
-100.0,100,2007.82446
-100.0,100,2008.103945
-100.0,100,2008.388923
-100.0,100,2008.68446
-100.0,100,2008.971261
-100.0,100,2009.255771
-100.0,100,2009.55036
-100.0,100,2009.836784
-100.0,100,2010.119754
-96.0,100,2010.410706
-100.0,100,2010.725369
-100.0,100,2011.010561
-100.0,100,2011.311787
-100.0,100,2011.605287
-100.0,100,2011.903026
-100.0,100,2012.195549
-100.0,100,2012.497649
-100.0,100,2012.79804
-100.0,100,2013.088741
-100.0,100,2013.385978
-100.0,100,2013.701163
-100.0,100,2014.010561
-100.0,100,2014.318203
-100.0,100,2014.624969
-100.0,100,2014.930574
-100.0,100,2015.233287
-99.0,100,2015.548334
-100.0,100,2015.863517
-100.0,100,2016.17489
-100.0,100,2016.481231
-100.0,100,2016.788789
-100.0,100,2017.831388
-100.0,100,2018.059848
-100.0,100,2018.316617
-100.0,100,2018.552399
-100.0,100,2018.782044
-100.0,100,2019.005281
-100.0,100,2019.234907
-100.0,100,2019.471274
-96.0,100,2019.721385
-100.0,100,2020.007201
-100.0,100,2020.255007
-100.0,100,2020.504948
-100.0,100,2020.757896
-100.0,100,2021.017424
-100.0,100,2021.268435
-100.0,100,2021.535891
-100.0,100,2021.801955
-100.0,100,2022.070805
-100.0,100,2022.354498
-100.0,100,2022.630901
-100.0,100,2022.915876
-100.0,100,2023.192648
-100.0,100,2023.481229
-100.0,100,2023.764865
-100.0,100,2024.051732
-100.0,100,2024.338195
-99.0,100,2024.635907
-100.0,100,2024.933395
-100.0,100,2025.21811
-100.0,100,2025.519375
-100.0,100,2025.814961
-100.0,100,2026.09863
-100.0,100,2026.583248
-100.0,100,2026.880173
-100.0,100,2027.18253
-100.0,100,2027.510439
-100.0,100,2027.827432
-100.0,100,2028.146693
-100.0,100,2028.467034
-96.0,100,2028.769964
-100.0,100,2029.064662
-100.0,100,2030.309789
-100.0,100,2030.543634
-100.0,100,2030.780002
-100.0,100,2031.015634
-100.0,100,2031.253472
-100.0,100,2031.486796
-100.0,100,2031.719444
-100.0,100,2031.95442
-100.0,100,2032.215379
-100.0,100,2032.49015
-100.0,100,2032.775157
-100.0,100,2033.080147
-99.0,100,2033.403242
-100.0,100,2033.729325
-100.0,100,2034.048792
-100.0,100,2034.36328
-100.0,100,2034.672911
-100.0,100,2034.996954
-100.0,100,2035.321499
-100.0,100,2035.644715
-100.0,100,2035.971134
-98.0,100,2036.298215
-100.0,100,2036.6206
-99.0,100,2036.927121
-100.0,100,2037.249069
-100.0,100,2037.580982
-100.0,100,2037.921802
-100.0,100,2038.262218
-97.0,100,2038.599379
-100.0,100,2038.931327
-100.0,100,2039.265174
-100.0,100,2039.599045
-100.0,100,2039.938171
-100.0,100,2040.284205
-100.0,100,2040.624088
-100.0,100,2040.957656
-100.0,100,2041.308075
-100.0,100,2041.6476
-100.0,100,2041.987505
-100.0,100,2042.337501
-100.0,100,2042.678996
-100.0,100,2043.925974
-100.0,100,2044.210384
-100.0,100,2044.503985
-100.0,100,2044.752177
-100.0,100,2044.991934
-100.0,100,2045.264306
-100.0,100,2045.531763
-100.0,100,2045.829746
-100.0,100,2046.133957
-100.0,100,2046.433451
-100.0,100,2046.749875
-100.0,100,2047.065333
-100.0,100,2047.391891
-100.0,100,2047.719934
-100.0,100,2048.05552
-100.0,100,2048.390434
-100.0,100,2048.721964
-100.0,100,2049.039742
-99.0,100,2049.362701
-99.0,100,2049.705699
-100.0,100,2050.038344
-100.0,100,2050.375953
-99.0,100,2050.717531
-100.0,100,2051.069421
-100.0,100,2051.411967
-54.0,100,2051.733685
-100.0,100,2052.080834
-100.0,100,2052.42837
-100.0,100,2052.786761
-100.0,100,2053.156256
-100.0,100,2053.509996
-100.0,100,2053.85248
-100.0,100,2054.199236
-100.0,100,2054.519335
-100.0,100,2054.865097
-100.0,100,2055.205968
-97.0,100,2055.534923
-100.0,100,2055.86563
-97.0,100,2056.204283
-100.0,100,2056.543093
-100.0,100,2056.89403
-100.0,100,2058.202402
-100.0,100,2058.474083
-100.0,100,2058.730439
-100.0,100,2058.977803
-100.0,100,2059.216796
-100.0,100,2059.468712
-100.0,100,2059.717173
-95.0,100,2059.968778
-100.0,100,2060.260412
-100.0,100,2060.559017
-100.0,100,2060.858209
-100.0,100,2061.171564
-100.0,100,2061.473378
-100.0,100,2061.794832
-100.0,100,2062.125329
-100.0,100,2062.45513
-100.0,100,2062.789873
-100.0,100,2063.117316
-100.0,100,2063.444507
-100.0,100,2063.777531
-100.0,100,2064.117452
-100.0,100,2064.440889
-97.0,100,2064.795373
-100.0,100,2065.134814
-100.0,100,2065.476104
-100.0,100,2065.821067
-100.0,100,2066.17741
-100.0,100,2066.521874
-100.0,100,2066.867016
-100.0,100,2067.222366
-100.0,100,2067.565688
-100.0,100,2067.898328
-100.0,100,2068.279152
-100.0,100,2068.613203
-100.0,100,2068.962803
-99.0,100,2069.305772
-100.0,100,2069.643632
-100.0,100,2069.986506
-100.0,100,2070.335888
-98.0,100,2070.682987
-100.0,100,2071.027414
-97.0,100,2072.319871
-100.0,100,2072.600791
-100.0,100,2072.898895
-100.0,100,2073.162593
-100.0,100,2073.419987
-100.0,100,2073.680186
-100.0,100,2073.925759
-100.0,100,2074.204681
-100.0,100,2074.494213
-100.0,100,2074.803602
-100.0,100,2075.120296
-100.0,100,2075.444322
-100.0,100,2075.758482
-100.0,100,2076.065773
-100.0,100,2076.379754
-100.0,100,2076.706668
-100.0,100,2077.033629
-100.0,100,2077.363896
-99.0,100,2077.707534
-100.0,100,2078.026107
-100.0,100,2078.35927
-100.0,100,2078.69736
-100.0,100,2079.038958
-100.0,100,2079.380126
-100.0,100,2079.726249
-100.0,100,2080.069864
-100.0,100,2080.409749
-100.0,100,2080.751064
-100.0,100,2081.094652
-100.0,100,2081.443175
-100.0,100,2081.791281
-100.0,100,2082.127951
-100.0,100,2082.468538
-100.0,100,2082.814896
-95.0,100,2083.154918
-100.0,100,2083.504432
-100.0,100,2083.846608
-100.0,100,2084.18978
-100.0,100,2084.515855
-100.0,100,2084.847248
-100.0,100,2085.202889
-100.0,100,2086.266893
-100.0,100,2086.510512
-100.0,100,2086.777703
-100.0,100,2087.029566
-100.0,100,2087.278489
-100.0,100,2087.529357
-100.0,100,2087.802495
-100.0,100,2088.080457
-97.0,100,2088.372178
-100.0,100,2088.658809
-100.0,100,2088.952127
-100.0,100,2089.243662
-100.0,100,2089.531766
-100.0,100,2089.832299
-100.0,100,2090.136078
-100.0,100,2090.453686
-100.0,100,2090.769665
-100.0,100,2091.090018
-100.0,100,2091.41094
-100.0,100,2091.733634
-100.0,100,2092.059498
-100.0,100,2092.373164
-100.0,100,2092.692683
-100.0,100,2093.024448
-100.0,100,2093.357552
-100.0,100,2093.690698
-100.0,100,2094.032374
-100.0,100,2094.369677
-100.0,100,2094.713999
-100.0,100,2095.051535
-100.0,100,2095.400398
-100.0,100,2095.740277
-100.0,100,2096.085659
-100.0,100,2096.41001
-100.0,100,2096.714362
-88.0,100,2097.020471
-100.0,100,2097.326683
-100.0,100,2097.636902
-100.0,100,2097.945573
-100.0,100,2098.250525
-100.0,100,2098.561493
-100.0,100,2099.756912
-100.0,100,2100.037959
-100.0,100,2100.277067
-100.0,100,2100.52363
-100.0,100,2100.759833
-100.0,100,2101.0025
-100.0,100,2101.238448
-100.0,100,2101.499033
-100.0,100,2101.754558
-100.0,100,2102.008136
-96.0,100,2102.267568
-100.0,100,2102.546453
-100.0,100,2102.814342
-100.0,100,2103.085726
-100.0,100,2103.364475
-100.0,100,2103.642589
-100.0,100,2103.925952
-100.0,100,2104.210154
-100.0,100,2104.498141
-100.0,100,2104.795652
-100.0,100,2105.08815
-100.0,100,2105.381143
-100.0,100,2105.680678
-100.0,100,2105.966355
-100.0,100,2106.256044
-100.0,100,2106.567528
-100.0,100,2106.861597
-100.0,100,2107.1559
-100.0,100,2107.454906
-100.0,100,2107.744572
-100.0,100,2108.046408
-100.0,100,2108.338845
-100.0,100,2108.641066
-100.0,100,2108.941964
-100.0,100,2109.248013
-100.0,100,2109.547562
-100.0,100,2110.063078
-100.0,100,2110.393122
-100.0,100,2110.74265
-100.0,100,2111.100044
-99.0,100,2111.440426
-100.0,100,2112.757971
-100.0,100,2113.012901
-100.0,100,2113.292414
-100.0,100,2113.558774
-100.0,100,2113.825223
-100.0,100,2114.089614
-100.0,100,2114.36968
-100.0,100,2114.665006
-100.0,100,2114.96495
-100.0,100,2115.284046
-100.0,100,2115.601595
-100.0,100,2115.948839
-99.0,100,2116.310028
-100.0,100,2116.625596
-100.0,100,2116.929161
-100.0,100,2117.258209
-100.0,100,2117.562345
-100.0,100,2117.872297
-100.0,100,2118.175815
-100.0,100,2118.484086
-100.0,100,2118.822255
-100.0,100,2119.136326
-100.0,100,2119.443288
-100.0,100,2119.747011
-100.0,100,2120.091012
-100.0,100,2120.436433
-100.0,100,2120.784137
-100.0,100,2121.1136
-100.0,100,2121.435884
-100.0,100,2121.769812
-100.0,100,2122.119414
-100.0,100,2122.471068
-100.0,100,2122.817071
-100.0,100,2123.16107
-100.0,100,2123.473659
-100.0,100,2123.789583
-100.0,100,2124.098992
-100.0,100,2124.437382
-100.0,100,2124.740312
-100.0,100,2125.084427
-100.0,100,2125.413328
-100.0,100,2126.64611
-100.0,100,2126.913552
-100.0,100,2127.178444
-100.0,100,2127.437281
-100.0,100,2127.674829
-100.0,100,2127.915778
-100.0,100,2128.182134
-100.0,100,2128.484068
-100.0,100,2128.787102
-100.0,100,2129.091654
-100.0,100,2129.393371
-100.0,100,2129.669272
-100.0,100,2129.949399
-100.0,100,2130.22797
-100.0,100,2130.514719
-100.0,100,2130.795968
-100.0,100,2131.075345
-100.0,100,2131.37597
-100.0,100,2131.677276
-100.0,100,2131.980727
-100.0,100,2132.311319
-100.0,100,2132.640607
-100.0,100,2132.983646
-100.0,100,2133.316715
-100.0,100,2133.633974
-100.0,100,2133.92441
-100.0,100,2134.250926
-100.0,100,2134.592681
-100.0,100,2134.940497
-100.0,100,2135.284731
-100.0,100,2135.6251
-100.0,100,2135.956157
-100.0,100,2136.313772
-100.0,100,2136.65993
-100.0,100,2137.006651
-100.0,100,2137.355718
-100.0,100,2137.694733
-100.0,100,2138.035333
-100.0,100,2138.38568
-82.0,100,2138.73951
-100.0,100,2139.088926
-100.0,100,2140.375941
-100.0,100,2140.653339
-100.0,100,2140.899526
-100.0,100,2141.138799
-100.0,100,2141.378546
-100.0,100,2141.62481
-100.0,100,2141.862365
-100.0,100,2142.128401
-100.0,100,2142.419744
-100.0,100,2142.753814
-100.0,100,2143.055537
-100.0,100,2143.37606
-100.0,100,2143.693685
-100.0,100,2144.001806
-100.0,100,2144.301927
-100.0,100,2144.618942
-100.0,100,2144.947736
-100.0,100,2145.279572
-100.0,100,2145.611069
-100.0,100,2145.944947
-100.0,100,2146.275385
-100.0,100,2146.607693
-100.0,100,2146.94849
-100.0,100,2147.291296
-100.0,100,2147.601049
-100.0,100,2147.931121
-100.0,100,2148.284489
-100.0,100,2148.63167
-100.0,100,2148.972379
-100.0,100,2149.316257
-100.0,100,2149.650296
-99.0,100,2150.002328
-100.0,100,2150.315655
-100.0,100,2150.629066
-100.0,100,2150.958652
-100.0,100,2151.306689
-100.0,100,2151.662612
-100.0,100,2152.002823
-100.0,100,2152.342095
-100.0,100,2152.683263
-100.0,100,2152.996002
-100.0,100,2154.239115
-100.0,100,2154.536932
-100.0,100,2154.794286
-100.0,100,2155.048825
-100.0,100,2155.287003
-100.0,100,2155.543669
-100.0,100,2155.801185
-99.0,100,2156.084005
-100.0,100,2156.35422
-100.0,100,2156.616289
-100.0,100,2156.892579
-100.0,100,2157.170711
-96.0,100,2157.460348
-100.0,100,2157.755739
-100.0,100,2158.046626
-100.0,100,2158.334317
-100.0,100,2158.627089
-100.0,100,2158.934666
-100.0,100,2159.264971
-100.0,100,2159.583624
-100.0,100,2159.91066
-100.0,100,2160.234577
-100.0,100,2160.580162
-100.0,100,2160.92392
-100.0,100,2161.269319
-100.0,100,2161.621244
-100.0,100,2161.970898
-100.0,100,2162.317302
-100.0,100,2162.628937
-100.0,100,2162.963424
-100.0,100,2163.300356
-100.0,100,2163.632529
-100.0,100,2163.955961
-100.0,100,2164.304971
-100.0,100,2164.648653
-100.0,100,2164.998583
-100.0,100,2165.345824
-100.0,100,2165.682996
-100.0,100,2166.033001
-100.0,100,2166.384782
-100.0,100,2166.68142
-100.0,100,2167.930373
-100.0,100,2168.193367
-100.0,100,2168.431186
-100.0,100,2168.66392
-100.0,100,2168.898624
-100.0,100,2169.134068
-100.0,100,2169.369778
-99.0,100,2169.619498
-100.0,100,2169.91002
-100.0,100,2170.167199
-100.0,100,2170.412719
-100.0,100,2170.679909
-100.0,100,2170.955437
-100.0,100,2171.229765
-100.0,100,2171.507727
-100.0,100,2171.777985
-97.0,100,2172.063244
-100.0,100,2172.336909
-100.0,100,2172.631263
-100.0,100,2172.915652
-100.0,100,2173.195494
-100.0,100,2173.484353
-100.0,100,2173.773144
-100.0,100,2174.058846
-100.0,100,2174.35518
-100.0,100,2174.647434
-100.0,100,2174.937506
-100.0,100,2175.231932
-100.0,100,2175.522176
-100.0,100,2175.811695
-100.0,100,2176.099655
-100.0,100,2176.398495
-100.0,100,2176.695151
-100.0,100,2176.997392
-100.0,100,2177.319494
-100.0,100,2177.61749
-100.0,100,2177.914916
-100.0,100,2178.222846
-100.0,100,2178.527363
-100.0,100,2178.860666
-100.0,100,2179.189905
-100.0,100,2180.395614
-100.0,100,2180.653967
-100.0,100,2180.917598
-100.0,100,2181.158384
-93.0,100,2181.394593
-100.0,100,2181.63001
-83.0,100,2181.870697
-100.0,100,2182.127092
-100.0,100,2182.385482
-100.0,100,2182.641875
-100.0,100,2182.919787
-100.0,100,2183.199006
-100.0,100,2183.477833
-100.0,100,2183.756059
-100.0,100,2184.031789
-100.0,100,2184.314951
-100.0,100,2184.594627
-100.0,100,2184.886551
-100.0,100,2185.170548
-100.0,100,2185.455868
-100.0,100,2185.735195
-100.0,100,2186.023421
-100.0,100,2186.319936
-100.0,100,2186.612034
-100.0,100,2186.910439
-100.0,100,2187.213195
-100.0,100,2187.503582
-100.0,100,2187.851314
-100.0,100,2188.198111
-100.0,100,2188.538279
-100.0,100,2188.882383
-100.0,100,2189.210305
-100.0,100,2189.510127
-100.0,100,2189.806338
-100.0,100,2190.113546
-100.0,100,2190.422069
-100.0,100,2190.72776
-100.0,100,2191.026379
-100.0,100,2191.331473
-100.0,100,2191.638485
-100.0,100,2192.122096
-100.0,100,2193.325774
-100.0,100,2193.588303
-100.0,100,2193.837652
-100.0,100,2194.077866
-100.0,100,2194.310092
-100.0,100,2194.550931
-100.0,100,2194.82672
-100.0,100,2195.105191
-100.0,100,2195.378358
-100.0,100,2195.671767
-100.0,100,2195.973701
-93.0,100,2196.29069
-100.0,100,2196.61161
-100.0,100,2196.930129
-100.0,100,2197.239447
-100.0,100,2197.539621
-100.0,100,2197.8338
-100.0,100,2198.162387
-97.0,100,2198.489094
-100.0,100,2198.812582
-100.0,100,2199.145319
-100.0,100,2199.4682
-100.0,100,2199.821386
-100.0,100,2200.159057
-100.0,100,2200.496921
-100.0,100,2200.8423
-90.0,100,2201.179163
-100.0,100,2201.516483
-100.0,100,2201.825593
-100.0,100,2202.177595
-100.0,100,2202.519068
-100.0,100,2202.861338
-100.0,100,2203.213622
-100.0,100,2203.550007
-100.0,100,2203.860233
-100.0,100,2204.178451
-100.0,100,2204.496245
-100.0,100,2204.819733
-100.0,100,2205.156126
-100.0,100,2205.508912
-100.0,100,2205.860144
-100.0,100,2207.14339
-100.0,100,2207.40693
-100.0,100,2207.657227
-100.0,100,2207.885888
-100.0,100,2208.121413
-100.0,100,2208.369429
-100.0,100,2208.630137
-100.0,100,2208.926518
-100.0,100,2209.22623
-99.0,100,2209.5202
-100.0,100,2209.839229
-100.0,100,2210.154088
-97.0,100,2210.470646
-100.0,100,2210.788614
-100.0,100,2211.113885
-100.0,100,2211.442889
-100.0,100,2211.761558
-100.0,100,2212.07403
-100.0,100,2212.389581
-100.0,100,2212.698413
-100.0,100,2213.03405
-100.0,100,2213.369576
-81.0,100,2213.708616
-100.0,100,2214.03722
-100.0,100,2214.3736
-100.0,100,2214.711081
-100.0,100,2215.049336
-100.0,100,2215.392862
-100.0,100,2215.736274
-96.0,100,2216.07339
-100.0,100,2216.409353
-100.0,100,2216.745555
-100.0,100,2217.083524
-100.0,100,2217.42505
-100.0,100,2217.767567
-100.0,100,2218.09579
-100.0,100,2218.426828
-100.0,100,2218.772051
-100.0,100,2219.116899
-100.0,100,2219.44822
-100.0,100,2219.789903
-100.0,100,2221.038874
-100.0,100,2221.331228
-100.0,100,2221.580242
-100.0,100,2221.835976
-100.0,100,2222.106186
-100.0,100,2222.358154
-100.0,100,2222.637645
-100.0,100,2222.92504
-100.0,100,2223.220519
-100.0,100,2223.528328
-100.0,100,2223.852881
-100.0,100,2224.173284
-100.0,100,2224.499998
-100.0,100,2224.825202
-100.0,100,2225.158567
-100.0,100,2225.492788
-100.0,100,2225.821212
-100.0,100,2226.15766
-100.0,100,2226.483555
-93.0,100,2226.824536
-100.0,100,2227.163469
-90.0,100,2227.504624
-100.0,100,2227.844572
-100.0,100,2228.192809
-100.0,100,2228.518294
-100.0,100,2228.846962
-100.0,100,2229.178168
-100.0,100,2229.517027
-100.0,100,2229.844877
-100.0,100,2230.188201
-100.0,100,2230.528312
-100.0,100,2230.87431
-100.0,100,2231.208666
-100.0,100,2231.558641
-100.0,100,2231.908809
-100.0,100,2232.258217
-100.0,100,2232.590761
-100.0,100,2232.936799
-100.0,100,2233.282114
-100.0,100,2233.630447
-100.0,100,2233.965879
-100.0,100,2235.283255
-100.0,100,2235.533131
-100.0,100,2235.789934
-100.0,100,2236.037741
-100.0,100,2236.278091
-100.0,100,2236.527211
-100.0,100,2236.764661
-100.0,100,2237.012609
-100.0,100,2237.270751
-100.0,100,2237.52801
-94.0,100,2237.815251
-100.0,100,2238.1605
-100.0,100,2238.481421
-100.0,100,2238.772385
-100.0,100,2239.076383
-100.0,100,2239.36482
-100.0,100,2239.662809
-100.0,100,2239.990244
-100.0,100,2240.326867
-100.0,100,2240.660542
-100.0,100,2240.968945
-100.0,100,2241.27317
-100.0,100,2241.606794
-100.0,100,2241.928986
-100.0,100,2242.255292
-99.0,100,2242.565956
-100.0,100,2242.883821
-100.0,100,2243.207064
-100.0,100,2243.510965
-100.0,100,2243.843694
-100.0,100,2244.177089
-100.0,100,2244.530782
-100.0,100,2244.847327
-100.0,100,2245.182178
-100.0,100,2245.525373
-100.0,100,2245.87481
-100.0,100,2246.224971
-100.0,100,2246.5793
-100.0,100,2246.918266
-100.0,100,2247.240172
-100.0,100,2247.554492
-100.0,100,2248.766395
-100.0,100,2249.058234
-100.0,100,2249.302601
-100.0,100,2249.555384
-100.0,100,2249.801003
-100.0,100,2250.033458
-100.0,100,2250.302668
-100.0,100,2250.595409
-100.0,100,2250.894986
-100.0,100,2251.173661
-100.0,100,2251.470544
-100.0,100,2251.785106
-100.0,100,2252.100977
-100.0,100,2252.425202
-100.0,100,2252.751185
-100.0,100,2253.06742
-100.0,100,2253.393535
-100.0,100,2253.713991
-100.0,100,2254.044925
-100.0,100,2254.382766
-100.0,100,2254.691329
-100.0,100,2255.017821
-100.0,100,2255.338877
-100.0,100,2255.681773
-100.0,100,2256.028922
-100.0,100,2256.340023
-100.0,100,2256.657975
-100.0,100,2256.979789
-100.0,100,2257.293982
-100.0,100,2257.604156
-100.0,100,2257.905423
-100.0,100,2258.226271
-100.0,100,2258.553919
-100.0,100,2258.884203
-100.0,100,2259.222854
-100.0,100,2259.544364
-100.0,100,2259.861868
-100.0,100,2260.190506
-100.0,100,2260.535443
-100.0,100,2260.888176
-100.0,100,2261.247549
-100.0,100,2262.481928
-100.0,100,2262.758344
-100.0,100,2263.014318
-100.0,100,2263.25156
-100.0,100,2263.489165
-100.0,100,2263.739346
-100.0,100,2264.000227
-100.0,100,2264.250726
-100.0,100,2264.515089
-100.0,100,2264.774506
-100.0,100,2265.07714
-100.0,100,2265.400588
-100.0,100,2265.721134
-100.0,100,2266.032339
-100.0,100,2266.319007
-100.0,100,2266.618934
-100.0,100,2266.935642
-100.0,100,2267.255197
-93.0,100,2267.588436
-100.0,100,2267.910866
-100.0,100,2268.231029
-100.0,100,2268.567859
-100.0,100,2268.908108
-100.0,100,2269.24632
-100.0,100,2269.560344
-100.0,100,2269.869276
-100.0,100,2270.180991
-100.0,100,2270.497788
-100.0,100,2270.848676
-100.0,100,2271.195433
-100.0,100,2271.538511
-100.0,100,2271.86635
-98.0,100,2272.20345
-100.0,100,2272.550279
-100.0,100,2272.894623
-100.0,100,2273.240646
-100.0,100,2273.595135
-99.0,100,2273.919757
-100.0,100,2274.262181
-100.0,100,2274.606235
-100.0,100,2274.958526
-100.0,100,2276.307579
-100.0,100,2276.576356
-100.0,100,2276.834862
-100.0,100,2277.237718
-100.0,100,2277.477515
-100.0,100,2277.719033
-100.0,100,2277.971964
-100.0,100,2278.241353
-100.0,100,2278.513534
-100.0,100,2278.796707
-100.0,100,2279.07635
-100.0,100,2279.361941
-100.0,100,2279.637651
-100.0,100,2279.949909
-100.0,100,2280.27871
-94.0,100,2280.605086
-100.0,100,2280.93468
-100.0,100,2281.266231
-96.0,100,2281.620007
-100.0,100,2281.92199
-100.0,100,2282.227653
-100.0,100,2282.536951
-100.0,100,2282.879431
-100.0,100,2283.225545
-100.0,100,2283.556449
-100.0,100,2283.916614
-100.0,100,2284.258347
-100.0,100,2284.603851
-100.0,100,2284.920223
-100.0,100,2285.237174
-100.0,100,2285.547727
-100.0,100,2285.867027
-100.0,100,2286.197961
-100.0,100,2286.518345
-100.0,100,2286.840101
-100.0,100,2287.145694
-100.0,100,2287.473407
-96.0,100,2287.823888
-100.0,100,2288.165298
-100.0,100,2288.50713
-100.0,100,2288.859111
-100.0,100,2290.235938
-100.0,100,2290.472842
-100.0,100,2290.719825
-97.0,100,2290.964965
-100.0,100,2291.198581
-100.0,100,2291.436396
-100.0,100,2291.665753
-100.0,100,2291.936334
-100.0,100,2292.230359
-100.0,100,2292.539095
-100.0,100,2292.855074
-100.0,100,2293.180431
-100.0,100,2293.505248
-100.0,100,2293.853472
-100.0,100,2294.178217
-100.0,100,2294.485376
-100.0,100,2294.783019
-100.0,100,2295.102175
-100.0,100,2295.43846
-100.0,100,2295.778805
-100.0,100,2296.117585
-100.0,100,2296.443892
-99.0,100,2296.757731
-100.0,100,2297.080898
-100.0,100,2297.424202
-100.0,100,2297.766698
-100.0,100,2298.118205
-100.0,100,2298.460583
-100.0,100,2298.777198
-100.0,100,2299.109261
-100.0,100,2299.424765
-100.0,100,2299.751133
-100.0,100,2300.061759
-100.0,100,2300.413082
-100.0,100,2300.746085
-100.0,100,2301.110063
-100.0,100,2301.440328
-100.0,100,2301.784625
-100.0,100,2302.125589
-99.0,100,2302.473071
-100.0,100,2302.797385
-100.0,100,2304.03193
-100.0,100,2304.292502
-100.0,100,2304.55527
-100.0,100,2304.799729
-79.0,100,2305.051765
-100.0,100,2305.297642
-100.0,100,2305.551142
-100.0,100,2305.822399
-100.0,100,2306.113494
-100.0,100,2306.402472
-100.0,100,2306.705988
-100.0,100,2306.992562
-100.0,100,2307.268512
-100.0,100,2307.534978
-100.0,100,2307.852463
-100.0,100,2308.15793
-100.0,100,2308.465019
-100.0,100,2308.762385
-100.0,100,2309.053221
-99.0,100,2309.36001
-100.0,100,2309.688192
-100.0,100,2310.013605
-100.0,100,2310.34683
-100.0,100,2310.687709
-100.0,100,2311.014405
-100.0,100,2311.365591
-100.0,100,2311.710157
-100.0,100,2312.054808
-100.0,100,2312.397823
-100.0,100,2312.74441
-100.0,100,2313.069166
-100.0,100,2313.37518
-100.0,100,2313.688084
-100.0,100,2314.003585
-100.0,100,2314.3196
-100.0,100,2314.658282
-100.0,100,2315.000158
-100.0,100,2315.303911
-100.0,100,2315.620282
-100.0,100,2315.940915
-100.0,100,2316.27213
-100.0,100,2317.657533
-100.0,100,2317.91063
-100.0,100,2318.167928
-97.0,100,2318.450445
-100.0,100,2318.724509
-100.0,100,2319.00084
-100.0,100,2319.252003
-100.0,100,2319.536558
-100.0,100,2319.82593
-100.0,100,2320.125568
-100.0,100,2320.432213
-100.0,100,2320.751169
-100.0,100,2321.070613
-100.0,100,2321.349236
-100.0,100,2321.653349
-100.0,100,2321.978725
-100.0,100,2322.309978
-100.0,100,2322.639642
-100.0,100,2322.970113
-91.0,100,2323.290857
-99.0,100,2323.591601
-100.0,100,2323.912671
-100.0,100,2324.262637
-100.0,100,2324.598782
-100.0,100,2324.937614
-100.0,100,2325.278945
-100.0,100,2325.583307
-100.0,100,2325.917674
-100.0,100,2326.247371
-100.0,100,2326.588188
-97.0,100,2326.943294
-100.0,100,2327.260529
-100.0,100,2327.602671
-100.0,100,2327.92818
-100.0,100,2328.243704
-100.0,100,2328.572101
-100.0,100,2328.879761
-100.0,100,2329.215919
-100.0,100,2329.543319
-90.0,100,2329.876656
-100.0,100,2330.915004
-100.0,100,2331.133632
-100.0,100,2331.368702
-100.0,100,2331.670571
-100.0,100,2331.900463
-100.0,100,2332.129332
-100.0,100,2332.366017
-100.0,100,2332.630816
-100.0,100,2332.915275
-100.0,100,2333.205633
-98.0,100,2333.493349
-100.0,100,2333.769843
-100.0,100,2334.067369
-100.0,100,2334.360172
-100.0,100,2334.665399
-100.0,100,2334.976019
-100.0,100,2335.298675
-100.0,100,2335.615497
-100.0,100,2335.916037
-100.0,100,2336.236907
-100.0,100,2336.566987
-100.0,100,2336.901079
-100.0,100,2337.23499
-100.0,100,2337.57827
-100.0,100,2337.886135
-100.0,100,2338.174934
-100.0,100,2338.491915
-100.0,100,2338.788869
-100.0,100,2339.137961
-100.0,100,2339.472887
-100.0,100,2339.79057
-100.0,100,2340.114747
-100.0,100,2340.430807
-100.0,100,2340.748539
-100.0,100,2341.057504
-100.0,100,2341.372428
-97.0,100,2341.705717
-100.0,100,2342.022301
-100.0,100,2342.363187
-100.0,100,2342.706767
-100.0,100,2343.06169
-100.0,100,2344.433069
-100.0,100,2344.715563
-100.0,100,2344.973125
-100.0,100,2345.210246
-100.0,100,2345.463247
-100.0,100,2345.722328
-100.0,100,2345.975041
-96.0,100,2346.201913
-100.0,100,2346.456861
-100.0,100,2346.722009
-100.0,100,2346.991824
-100.0,100,2347.276627
-100.0,100,2347.562144
-100.0,100,2347.858361
-92.0,100,2348.155805
-100.0,100,2348.456827
-100.0,100,2348.786105
-100.0,100,2349.118906
-100.0,100,2349.453408
-100.0,100,2349.771189
-100.0,100,2350.10934
-100.0,100,2350.411719
-100.0,100,2350.727313
-100.0,100,2351.064594
-100.0,100,2351.411207
-100.0,100,2351.751792
-100.0,100,2352.090942
-100.0,100,2352.404934
-100.0,100,2352.705861
-100.0,100,2353.029045
-100.0,100,2353.346638
-97.0,100,2353.654057
-100.0,100,2353.971139
-100.0,100,2354.292677
-100.0,100,2354.639896
-100.0,100,2354.984201
-100.0,100,2355.33235
-100.0,100,2355.697246
-99.0,100,2356.037005
-100.0,100,2356.361721
-100.0,100,2356.684012
-100.0,100,2358.146295
-100.0,100,2358.433413
-100.0,100,2358.753273
-100.0,100,2359.034979
-100.0,100,2359.323166
-100.0,100,2359.606133
-98.0,100,2359.871739
-100.0,100,2360.148951
-100.0,100,2360.587528
-100.0,100,2360.885903
-100.0,100,2361.186225
-100.0,100,2361.486776
-100.0,100,2361.785858
-99.0,100,2362.090865
-100.0,100,2362.386148
-100.0,100,2362.696625
-100.0,100,2362.996447
-100.0,100,2363.336267
-100.0,100,2363.644371
-100.0,100,2363.954265
-100.0,100,2364.26618
-100.0,100,2364.57374
-100.0,100,2364.871458
-100.0,100,2365.185683
-100.0,100,2365.501606
-100.0,100,2365.809309
-100.0,100,2366.123954
-100.0,100,2366.457434
-100.0,100,2366.777649
-100.0,100,2367.096272
-100.0,100,2367.418203
-100.0,100,2367.740521
-100.0,100,2368.091991
-100.0,100,2368.421044
-100.0,100,2368.751276
-100.0,100,2369.079479
-100.0,100,2369.419006
-100.0,100,2369.747266
-100.0,100,2370.080291
-100.0,100,2370.425404
-100.0,100,2370.757752
-100.0,100,2371.98998
-100.0,100,2372.254478
-100.0,100,2372.554815
-100.0,100,2372.806336
-100.0,100,2373.049648
-100.0,100,2373.293458
-100.0,100,2373.525916
-100.0,100,2373.779455
-100.0,100,2374.06016
-100.0,100,2374.34068
-100.0,100,2374.645793
-100.0,100,2374.916685
-100.0,100,2375.202805
-100.0,100,2375.498798
-100.0,100,2375.79342
-100.0,100,2376.088539
-100.0,100,2376.388402
-100.0,100,2376.702754
-100.0,100,2377.024814
-100.0,100,2377.321787
-100.0,100,2377.612511
-100.0,100,2377.937046
-100.0,100,2378.280604
-100.0,100,2378.623952
-100.0,100,2378.958472
-100.0,100,2379.259458
-100.0,100,2379.567588
-100.0,100,2379.870316
-100.0,100,2380.186169
-100.0,100,2380.503152
-100.0,100,2380.814146
-99.0,100,2381.136343
-100.0,100,2381.477502
-100.0,100,2381.817176
-100.0,100,2382.158489
-100.0,100,2382.495622
-100.0,100,2382.847622
-100.0,100,2383.170382
-100.0,100,2383.499693
-100.0,100,2383.841756
-100.0,100,2384.186147
-100.0,100,2385.316095
-100.0,100,2385.537151
-100.0,100,2385.787895
-97.0,100,2386.044604
-98.0,100,2386.271472
-100.0,100,2386.503876
-100.0,100,2386.768884
-100.0,100,2387.032226
-100.0,100,2387.29638
-100.0,100,2387.586021
-100.0,100,2387.884887
-100.0,100,2388.144122
-100.0,100,2388.412889
-100.0,100,2388.672487
-100.0,100,2388.928515
-100.0,100,2389.196216
-100.0,100,2389.471403
-100.0,100,2389.75334
-100.0,100,2390.041311
-100.0,100,2390.347963
-100.0,100,2390.66391
-100.0,100,2390.97642
-100.0,100,2391.298223
-100.0,100,2391.622604
-100.0,100,2391.951748
-100.0,100,2392.289509
-100.0,100,2392.625976
-100.0,100,2392.957132
-100.0,100,2393.290146
-100.0,100,2393.625693
-100.0,100,2393.969568
-100.0,100,2394.319711
-100.0,100,2394.663717
-100.0,100,2394.985907
-100.0,100,2395.327375
-98.0,100,2395.639674
-100.0,100,2395.949353
-61.0,100,2396.280904
-100.0,100,2396.625921
-100.0,100,2396.975023
-100.0,100,2397.311867
-100.0,100,2398.568312
-100.0,100,2398.826841
-100.0,100,2399.114522
-100.0,100,2399.368322
-100.0,100,2399.626135
-100.0,100,2399.870969
-100.0,100,2400.104999
-100.0,100,2400.371579
-100.0,100,2400.661332
-100.0,100,2400.960927
-100.0,100,2401.271416
-100.0,100,2401.58634
-100.0,100,2401.903357
-100.0,100,2402.228377
-100.0,100,2402.550526
-92.0,100,2402.875299
-99.0,100,2403.207756
-100.0,100,2403.536904
-100.0,100,2403.848099
-100.0,100,2404.143546
-96.0,100,2404.442314
-100.0,100,2404.77088
-100.0,100,2405.074551
-100.0,100,2405.404121
-100.0,100,2405.759218
-100.0,100,2406.051186
-100.0,100,2406.365288
-100.0,100,2406.715497
-100.0,100,2407.059217
-100.0,100,2407.400716
-100.0,100,2407.752349
-100.0,100,2408.073782
-100.0,100,2408.396036
-100.0,100,2408.718366
-100.0,100,2409.066361
-100.0,100,2409.407174
-100.0,100,2409.74697
-100.0,100,2410.06989
-100.0,100,2410.369199
-100.0,100,2410.693451
-100.0,100,2411.017214
-100.0,100,2412.294733
-100.0,100,2412.553996
-100.0,100,2412.791887
-100.0,100,2413.028122
-100.0,100,2413.263208
-100.0,100,2413.515781
-100.0,100,2413.750358
-100.0,100,2413.989585
-100.0,100,2414.257911
-100.0,100,2414.534749
-100.0,100,2414.819356
-100.0,100,2415.134141
-100.0,100,2415.46572
-100.0,100,2415.780358
-96.0,100,2416.098273
-100.0,100,2416.38978
-100.0,100,2416.697747
-100.0,100,2416.982545
-97.0,100,2417.287385
-100.0,100,2417.62907
-100.0,100,2417.95664
-100.0,100,2418.269457
-100.0,100,2418.609218
-100.0,100,2418.943259
-100.0,100,2419.281456
-100.0,100,2419.629807
-100.0,100,2419.936992
-100.0,100,2420.246562
-100.0,100,2420.5631
-100.0,100,2420.886366
-100.0,100,2421.217372
-100.0,100,2421.554689
-100.0,100,2421.901992
-100.0,100,2422.24701
-100.0,100,2422.549181
-100.0,100,2422.919462
-100.0,100,2423.229943
-100.0,100,2423.546533
-100.0,100,2423.902049
-100.0,100,2424.243743
-100.0,100,2424.568572
-100.0,100,2425.826713
-100.0,100,2426.102647
-100.0,100,2426.373193
-100.0,100,2426.597063
-100.0,100,2426.834788
-100.0,100,2427.09207
-100.0,100,2427.361305
-100.0,100,2427.66299
-100.0,100,2427.963296
-100.0,100,2428.272879
-100.0,100,2428.568604
-100.0,100,2428.892451
-100.0,100,2429.214131
-100.0,100,2429.535981
-100.0,100,2429.858002
-100.0,100,2430.143559
-100.0,100,2430.47397
-96.0,100,2430.816681
-100.0,100,2431.179753
-100.0,100,2431.52171
-100.0,100,2431.85618
-100.0,100,2432.197018
-100.0,100,2432.538108
-100.0,100,2432.828443
-100.0,100,2433.160305
-100.0,100,2433.50125
-100.0,100,2433.845292
-100.0,100,2434.187002
-100.0,100,2434.486577
-100.0,100,2434.807305
-100.0,100,2435.112733
-100.0,100,2435.415732
-100.0,100,2435.731672
-100.0,100,2436.085862
-100.0,100,2436.426803
-100.0,100,2436.753747
-100.0,100,2437.049328
-100.0,100,2437.383754
-100.0,100,2437.729243
-100.0,100,2438.077988
-100.0,100,2438.404284
-100.0,100,2439.628512
-100.0,100,2439.910862
-100.0,100,2440.17664
-100.0,100,2440.433521
-100.0,100,2440.701997
-100.0,100,2440.992161
-100.0,100,2441.265612
-100.0,100,2441.569144
-100.0,100,2441.869934
-100.0,100,2442.1814
-100.0,100,2442.502855
-100.0,100,2442.821244
-100.0,100,2443.28922
-100.0,100,2443.582546
-96.0,100,2443.878453
-100.0,100,2444.178289
-100.0,100,2444.502198
-100.0,100,2444.815006
-96.0,100,2445.158009
-100.0,100,2445.496798
-100.0,100,2445.804348
-100.0,100,2446.11326
-100.0,100,2446.424587
-100.0,100,2446.748924
-100.0,100,2447.102099
-100.0,100,2447.416937
-100.0,100,2447.729945
-100.0,100,2448.029166
-100.0,100,2448.356125
-100.0,100,2448.702448
-100.0,100,2449.045647
-100.0,100,2449.349681
-100.0,100,2449.670138
-100.0,100,2449.995911
-100.0,100,2450.352249
-100.0,100,2450.66552
-100.0,100,2450.98711
-100.0,100,2451.314973
-100.0,100,2451.637671
-100.0,100,2451.956128
-100.0,100,2452.303922
-100.0,100,2453.678194
-100.0,100,2453.949759
-99.0,100,2454.200537
-99.0,100,2454.433389
-100.0,100,2454.688734
-100.0,100,2454.932271
-97.0,100,2455.167279
-100.0,100,2455.423382
-100.0,100,2455.702857
-93.0,100,2455.987822
-100.0,100,2456.299265
-97.0,100,2456.611781
-100.0,100,2456.932671
-99.0,100,2457.252244
-100.0,100,2457.55353
-100.0,100,2457.857188
-100.0,100,2458.186985
-100.0,100,2458.516825
-100.0,100,2458.843915
-100.0,100,2459.179065
-100.0,100,2459.511909
-100.0,100,2459.84665
-100.0,100,2460.161287
-100.0,100,2460.46351
-100.0,100,2460.829678
-100.0,100,2461.159579
-100.0,100,2461.493178
-100.0,100,2461.806669
-100.0,100,2462.118516
-98.0,100,2462.435089
-100.0,100,2462.760314
-97.0,100,2463.100949
-100.0,100,2463.449067
-100.0,100,2463.779245
-100.0,100,2464.112064
-99.0,100,2464.437207
-100.0,100,2464.74863
-100.0,100,2465.068098
-100.0,100,2465.372635
-100.0,100,2465.701172
-100.0,100,2466.020061
-100.0,100,2467.260765
-100.0,100,2467.530794
-100.0,100,2467.777203
-100.0,100,2468.031581
-98.0,100,2468.271757
-100.0,100,2468.501684
-100.0,100,2468.763699
-100.0,100,2469.059265
-100.0,100,2469.364432
-100.0,100,2469.675595
-100.0,100,2469.959613
-100.0,100,2470.28063
-100.0,100,2470.58215
-100.0,100,2470.905152
-100.0,100,2471.238587
-100.0,100,2471.565664
-100.0,100,2471.88573
-100.0,100,2472.220541
-100.0,100,2472.554817
-100.0,100,2472.892868
-100.0,100,2473.231427
-100.0,100,2473.576505
-100.0,100,2473.910029
-100.0,100,2474.252069
-100.0,100,2474.595351
-100.0,100,2474.92394
-100.0,100,2475.247207
-100.0,100,2475.584869
-100.0,100,2475.904093
-100.0,100,2476.223735
-100.0,100,2476.537454
-100.0,100,2476.855944
-100.0,100,2477.175475
-100.0,100,2477.51888
-100.0,100,2477.905812
-100.0,100,2478.219743
-100.0,100,2478.550998
-100.0,100,2478.867535
-90.0,100,2479.185421
-100.0,100,2479.519708
-100.0,100,2479.859984
-100.0,100,2481.105164
-100.0,100,2481.395273
-100.0,100,2481.649659
-100.0,100,2481.893009
-100.0,100,2482.132617
-100.0,100,2482.355137
-100.0,100,2482.604059
-98.0,100,2482.882612
-100.0,100,2483.179532
-100.0,100,2483.478665
-100.0,100,2483.78666
-100.0,100,2484.106878
-100.0,100,2484.384453
-100.0,100,2484.687497
-100.0,100,2484.984311
-100.0,100,2485.278826
-100.0,100,2485.581043
-100.0,100,2485.886475
-99.0,100,2486.180217
-100.0,100,2486.484534
-95.0,100,2486.790199
-100.0,100,2487.092323
-100.0,100,2487.420952
-100.0,100,2487.757743
-97.0,100,2488.095942
-98.0,100,2488.435163
-100.0,100,2488.775731
-100.0,100,2489.121736
-100.0,100,2489.462618
-100.0,100,2489.801598
-100.0,100,2490.117362
-100.0,100,2490.427486
-100.0,100,2490.744516
-100.0,100,2491.044151
-100.0,100,2491.36085
-100.0,100,2491.704366
-100.0,100,2492.051995
-100.0,100,2492.394206
-100.0,100,2492.719394
-100.0,100,2493.058614
-100.0,100,2493.406686
-100.0,100,2494.797503
-100.0,100,2495.055501
-100.0,100,2495.292277
-100.0,100,2495.540099
-100.0,100,2495.778702
-100.0,100,2496.012375
-100.0,100,2496.247695
-100.0,100,2496.511241
-100.0,100,2496.786257
-100.0,100,2497.088995
-100.0,100,2497.391154
-100.0,100,2497.702289
-100.0,100,2498.042356
-100.0,100,2498.361227
-100.0,100,2498.677531
-100.0,100,2498.994935
-100.0,100,2499.289773
-100.0,100,2499.620077
-100.0,100,2499.938832
-100.0,100,2500.249079
-100.0,100,2500.555622
-100.0,100,2500.85314
-100.0,100,2501.165303
-100.0,100,2501.46459
-100.0,100,2501.781883
-100.0,100,2502.0975
-100.0,100,2502.418704
-100.0,100,2502.76563
-100.0,100,2503.121812
-100.0,100,2503.474494
-100.0,100,2503.817348
-100.0,100,2504.162677
-100.0,100,2504.50982
-100.0,100,2504.858546
-100.0,100,2505.197648
-100.0,100,2505.538769
-100.0,100,2505.845645
-95.0,100,2506.161934
-100.0,100,2506.48521
-100.0,100,2506.800527
-100.0,100,2507.128145
-100.0,100,2508.151001
-100.0,100,2508.388446
-100.0,100,2508.656045
-100.0,100,2508.882425
-100.0,100,2509.10168
-100.0,100,2509.32701
-98.0,100,2509.600229
-100.0,100,2509.862222
-100.0,100,2510.119726
-100.0,100,2510.386769
-100.0,100,2510.660227
-100.0,100,2510.953929
-100.0,100,2511.235634
-100.0,100,2511.503203
-100.0,100,2511.761901
-100.0,100,2512.051974
-100.0,100,2512.330992
-96.0,100,2512.635652
-100.0,100,2512.948271
-100.0,100,2513.246945
-100.0,100,2513.528514
-100.0,100,2513.817201
-97.0,100,2514.124038
-100.0,100,2514.414636
-100.0,100,2514.713542
-100.0,100,2515.019714
-100.0,100,2515.318443
-100.0,100,2515.622678
-100.0,100,2515.916513
-100.0,100,2516.244282
-100.0,100,2516.566631
-100.0,100,2516.901114
-100.0,100,2517.222908
-100.0,100,2517.548162
-100.0,100,2517.897811
-100.0,100,2518.246742
-100.0,100,2518.594652
-100.0,100,2518.940955
-100.0,100,2519.284917
-100.0,100,2519.60017
-100.0,100,2519.949569
-100.0,100,2521.192642
-100.0,100,2521.479408
-100.0,100,2521.73033
-100.0,100,2521.992674
-100.0,100,2522.258041
-100.0,100,2522.517852
-100.0,100,2522.779557
-100.0,100,2523.064689
-100.0,100,2523.340508
-100.0,100,2523.637915
-100.0,100,2523.950928
-100.0,100,2524.236219
-100.0,100,2524.518319
-100.0,100,2524.844384
-100.0,100,2525.143027
-100.0,100,2525.442971
-100.0,100,2525.887854
-100.0,100,2526.1923
-100.0,100,2526.507907
-100.0,100,2526.865094
-100.0,100,2527.172455
-100.0,100,2527.505495
-100.0,100,2527.831219
-100.0,100,2528.16725
-100.0,100,2528.515488
-100.0,100,2528.857402
-100.0,100,2529.197791
-100.0,100,2529.537378
-100.0,100,2529.867083
-100.0,100,2530.202654
-95.0,100,2530.55155
-100.0,100,2530.89964
-100.0,100,2531.246552
-100.0,100,2531.595239
-95.0,100,2531.926453
-100.0,100,2532.271174
-100.0,100,2532.619028
-100.0,100,2532.965957
-100.0,100,2533.317296
-100.0,100,2533.646549
-100.0,100,2533.978722
-100.0,100,2535.197573
-100.0,100,2535.474505
-100.0,100,2535.731004
-100.0,100,2535.966251
-100.0,100,2536.213786
-100.0,100,2536.457737
-100.0,100,2536.703118
-100.0,100,2536.97256
-100.0,100,2537.268924
-100.0,100,2537.568569
-96.0,100,2537.874624
-100.0,100,2538.151053
-100.0,100,2538.449325
-100.0,100,2538.755775
-100.0,100,2539.082659
-100.0,100,2539.402876
-100.0,100,2539.726171
-100.0,100,2540.024887
-100.0,100,2540.335069
-100.0,100,2540.64587
-100.0,100,2540.981019
-100.0,100,2541.3176
-100.0,100,2541.653265
-100.0,100,2541.988631
-100.0,100,2542.309299
-100.0,100,2542.648663
-100.0,100,2542.987417
-100.0,100,2543.328812
-100.0,100,2543.666956
-100.0,100,2543.999839
-100.0,100,2544.337505
-99.0,100,2544.682693
-100.0,100,2545.01413
-100.0,100,2545.327997
-100.0,100,2545.642696
-100.0,100,2545.96112
-100.0,100,2546.277277
-100.0,100,2546.589461
-100.0,100,2546.900297
-100.0,100,2547.21616
-100.0,100,2547.534028
-100.0,100,2548.749853
-100.0,100,2549.028982
-100.0,100,2549.266598
-100.0,100,2549.493421
-100.0,100,2549.723455
-100.0,100,2549.973143
-100.0,100,2550.232294
-100.0,100,2550.484258
-100.0,100,2550.754894
-100.0,100,2551.015942
-100.0,100,2551.283845
-100.0,100,2551.568525
-100.0,100,2551.846457
-100.0,100,2552.129254
-100.0,100,2552.415347
-100.0,100,2552.712217
-100.0,100,2553.007068
-100.0,100,2553.331073
-100.0,100,2553.669639
-100.0,100,2554.003734
-100.0,100,2554.352449
-100.0,100,2554.653869
-100.0,100,2554.977267
-100.0,100,2555.274754
-100.0,100,2555.569959
-100.0,100,2555.876854
-100.0,100,2556.19947
-100.0,100,2556.52087
-100.0,100,2556.852202
-100.0,100,2557.188592
-100.0,100,2557.513156
-100.0,100,2557.823276
-100.0,100,2558.12704
-100.0,100,2558.435999
-100.0,100,2558.745398
-100.0,100,2559.087494
-100.0,100,2559.454932
-100.0,100,2559.799388
-100.0,100,2560.150954
-100.0,100,2560.495213
-100.0,100,2560.845801
-96.0,100,2562.282123
-100.0,100,2562.5779
-100.0,100,2562.841856
-99.0,100,2563.096885
-100.0,100,2563.349995
-100.0,100,2563.595648
-100.0,100,2563.856647
-100.0,100,2564.123538
-100.0,100,2564.399403
-100.0,100,2564.677629
-100.0,100,2564.972221
-100.0,100,2565.256895
-100.0,100,2565.558191
-100.0,100,2565.852209
-100.0,100,2566.146661
-100.0,100,2566.442331
-100.0,100,2566.726822
-100.0,100,2567.013933
-100.0,100,2567.301117
-100.0,100,2567.611815
-100.0,100,2567.943082
-100.0,100,2568.279794
-100.0,100,2568.617457
-100.0,100,2568.949311
-100.0,100,2569.290428
-100.0,100,2569.630239
-100.0,100,2569.985372
-100.0,100,2570.298812
-100.0,100,2570.61044
-100.0,100,2570.948055
-100.0,100,2571.266707
-100.0,100,2571.578839
-100.0,100,2571.908683
-100.0,100,2572.256335
-100.0,100,2572.602122
-100.0,100,2572.944271
-100.0,100,2573.285073
-94.0,100,2573.62962
-100.0,100,2573.971984
-100.0,100,2574.316635
-100.0,100,2574.662518
-100.0,100,2575.972407
-100.0,100,2576.218674
-100.0,100,2576.466197
-100.0,100,2576.718913
-100.0,100,2576.976413
-98.0,100,2577.223478
-100.0,100,2577.47709
-100.0,100,2577.764514
-92.0,100,2578.062802
-100.0,100,2578.354035
-100.0,100,2578.663457
-100.0,100,2578.984802
-100.0,100,2579.286558
-100.0,100,2579.602566
-100.0,100,2579.891393
-100.0,100,2580.213504
-100.0,100,2580.544033
-100.0,100,2580.872988
-100.0,100,2581.186072
-100.0,100,2581.483318
-99.0,100,2581.789118
-100.0,100,2582.079509
-100.0,100,2582.398156
-100.0,100,2582.745982
-100.0,100,2583.078031
-100.0,100,2583.424091
-100.0,100,2583.762184
-100.0,100,2584.104967
-100.0,100,2584.45131
-100.0,100,2584.798117
-100.0,100,2585.138453
-100.0,100,2585.450242
-100.0,100,2585.779517
-100.0,100,2586.105363
-100.0,100,2586.428047
-100.0,100,2586.734419
-100.0,100,2587.065226
-100.0,100,2587.401033
-100.0,100,2587.723561
-100.0,100,2588.042245
-100.0,100,2588.374899
-100.0,100,2589.383689
-99.0,100,2589.626318
-100.0,100,2589.877026
-100.0,100,2590.147633
-100.0,100,2590.398328
-100.0,100,2590.67057
-100.0,100,2590.955569
-100.0,100,2591.240085
-100.0,100,2591.509295
-100.0,100,2591.770639
-100.0,100,2592.01238
-100.0,100,2592.270452
-100.0,100,2592.54775
-100.0,100,2592.811743
-100.0,100,2593.102482
-75.0,100,2593.40448
-100.0,100,2593.689884
-100.0,100,2594.007139
-100.0,100,2594.329239
-100.0,100,2594.654335
-100.0,100,2594.985624
-100.0,100,2595.297219
-100.0,100,2595.613811
-100.0,100,2595.929483
-99.0,100,2596.261977
-100.0,100,2596.583097
-100.0,100,2596.921062
-100.0,100,2597.234153
-100.0,100,2597.555319
-100.0,100,2597.896491
-100.0,100,2598.238366
-100.0,100,2598.588043
-100.0,100,2598.942629
-100.0,100,2599.295695
-100.0,100,2599.647414
-100.0,100,2599.981554
-100.0,100,2600.317921
-100.0,100,2600.634063
-100.0,100,2600.945418
-99.0,100,2601.265965
-100.0,100,2601.575503
-100.0,100,2602.576267
-100.0,100,2602.876475
-100.0,100,2603.131636
-100.0,100,2603.372105
-100.0,100,2603.602169
-100.0,100,2603.865402
-100.0,100,2604.147675
-100.0,100,2604.437675
-100.0,100,2604.726896
-100.0,100,2605.024354
-100.0,100,2605.286331
-100.0,100,2605.563889
-100.0,100,2605.848625
-100.0,100,2606.151452
-100.0,100,2606.454735
-100.0,100,2606.784658
-100.0,100,2607.108253
-100.0,100,2607.429349
-100.0,100,2607.750591
-100.0,100,2608.041666
-100.0,100,2608.512947
-100.0,100,2608.830994
-100.0,100,2609.147313
-100.0,100,2609.490695
-100.0,100,2609.842636
-100.0,100,2610.158358
-100.0,100,2610.480943
-100.0,100,2610.814662
-100.0,100,2611.1611
-100.0,100,2611.493789
-100.0,100,2611.838868
-100.0,100,2612.167953
-100.0,100,2612.493812
-100.0,100,2612.817687
-100.0,100,2613.14099
-100.0,100,2613.478719
-100.0,100,2613.828438
-100.0,100,2614.17044
-100.0,100,2614.497154
-97.0,100,2614.848144
-100.0,100,2615.186052
-100.0,100,2616.461438
-100.0,100,2616.703792
-100.0,100,2616.944475
-100.0,100,2617.172858
-100.0,100,2617.407519
-100.0,100,2617.640158
-100.0,100,2617.874145
-100.0,100,2618.126452
-100.0,100,2618.411426
-100.0,100,2618.70213
-100.0,100,2618.993491
-100.0,100,2619.30223
-100.0,100,2619.629212
-100.0,100,2619.977228
-100.0,100,2620.31124
-100.0,100,2620.642923
-100.0,100,2620.973502
-100.0,100,2621.300573
-100.0,100,2621.637122
-100.0,100,2621.975909
-100.0,100,2622.307566
-100.0,100,2622.633232
-100.0,100,2622.970983
-100.0,100,2623.312006
-100.0,100,2623.650986
-89.0,100,2623.991656
-100.0,100,2624.330157
-100.0,100,2624.671184
-100.0,100,2625.007367
-100.0,100,2625.336998
-100.0,100,2625.693522
-100.0,100,2626.041765
-100.0,100,2626.386492
-100.0,100,2626.733222
-100.0,100,2627.086606
-100.0,100,2627.427635
-100.0,100,2627.780088
-100.0,100,2628.13088
-100.0,100,2628.470531
-100.0,100,2628.814916
-100.0,100,2629.161938
-100.0,100,2630.569073
-100.0,100,2630.838064
-100.0,100,2631.103854
-100.0,100,2631.369105
-100.0,100,2631.634485
-100.0,100,2631.886907
-100.0,100,2632.153202
-98.0,100,2632.446727
-96.0,100,2632.751687
-100.0,100,2633.072877
-100.0,100,2633.395461
-100.0,100,2633.715872
-100.0,100,2634.036992
-100.0,100,2634.364443
-100.0,100,2634.694008
-58.0,100,2635.005942
-100.0,100,2635.322217
-100.0,100,2635.656813
-100.0,100,2635.987591
-100.0,100,2636.31394
-100.0,100,2636.651853
-100.0,100,2636.987137
-100.0,100,2637.326903
-100.0,100,2637.672517
-100.0,100,2638.014622
-100.0,100,2638.360969
-100.0,100,2638.706547
-100.0,100,2639.043142
-100.0,100,2639.390471
-100.0,100,2639.739253
-100.0,100,2640.079056
-100.0,100,2640.413718
-100.0,100,2640.759966
-100.0,100,2641.076846
-100.0,100,2641.415357
-100.0,100,2641.75774
-100.0,100,2642.08867
-100.0,100,2642.434431
-100.0,100,2642.781277
-100.0,100,2643.130643
-100.0,100,2643.461278
-100.0,100,2644.885965
-100.0,100,2645.164167
-100.0,100,2645.441774
-100.0,100,2645.726347
-100.0,100,2646.00386
-100.0,100,2646.280231
-100.0,100,2646.585515
-100.0,100,2646.887174
-97.0,100,2647.197791
-100.0,100,2647.502852
-100.0,100,2647.817595
-100.0,100,2648.131479
-100.0,100,2648.45266
-100.0,100,2648.779236
-100.0,100,2649.111539
-100.0,100,2649.441395
-100.0,100,2649.768837
-100.0,100,2650.101402
-100.0,100,2650.425204
-100.0,100,2650.758657
-100.0,100,2651.089386
-100.0,100,2651.433647
-100.0,100,2651.762071
-100.0,100,2652.096308
-98.0,100,2652.442697
-100.0,100,2652.785934
-100.0,100,2653.168921
-100.0,100,2653.505316
-100.0,100,2653.850106
-100.0,100,2654.191035
-100.0,100,2654.537555
-100.0,100,2654.877505
-100.0,100,2655.217156
-100.0,100,2655.549882
-100.0,100,2655.882404
-100.0,100,2656.229374
-100.0,100,2656.572627
-100.0,100,2656.918817
-100.0,100,2657.260593
-100.0,100,2657.595153
-100.0,100,2657.94161
-100.0,100,2659.308824
-100.0,100,2659.555183
-100.0,100,2659.792048
-100.0,100,2660.024286
-100.0,100,2660.251528
-100.0,100,2660.482326
-100.0,100,2660.713743
-100.0,100,2660.943873
-97.0,100,2661.194435
-100.0,100,2661.450374
-100.0,100,2661.726974
-100.0,100,2661.993928
-100.0,100,2662.263258
-100.0,100,2662.564203
-100.0,100,2662.856029
-100.0,100,2663.140173
-100.0,100,2663.419716
-100.0,100,2663.717239
-100.0,100,2664.008734
-100.0,100,2664.299029
-100.0,100,2664.579228
-100.0,100,2664.874774
-100.0,100,2665.163274
-100.0,100,2665.446201
-100.0,100,2665.746463
-100.0,100,2666.040973
-100.0,100,2666.339433
-100.0,100,2666.635104
-100.0,100,2666.937439
-100.0,100,2667.242049
-100.0,100,2667.543022
-100.0,100,2667.84989
-100.0,100,2668.156085
-100.0,100,2668.458576
-100.0,100,2668.760453
-100.0,100,2669.073868
-100.0,100,2669.372415
-100.0,100,2669.692876
-100.0,100,2670.009187
-100.0,100,2670.324534
-100.0,100,2671.563181
-100.0,100,2671.83563
-100.0,100,2672.07909
-100.0,100,2672.321954
-100.0,100,2672.599235
-100.0,100,2672.838129
-100.0,100,2673.071784
-100.0,100,2673.328733
-100.0,100,2673.591437
-100.0,100,2673.850771
-100.0,100,2674.120128
-100.0,100,2674.387894
-98.0,100,2674.664184
-95.0,100,2674.936833
-100.0,100,2675.224905
-100.0,100,2675.500621
-100.0,100,2675.794038
-99.0,100,2676.074375
-100.0,100,2676.359174
-100.0,100,2676.647514
-100.0,100,2676.938052
-100.0,100,2677.229547
-100.0,100,2677.520905
-100.0,100,2677.81253
-100.0,100,2678.10662
-100.0,100,2678.432282
-100.0,100,2678.724581
-100.0,100,2679.020467
-100.0,100,2679.316046
-94.0,100,2679.613289
-98.0,100,2679.911988
-100.0,100,2680.212791
-100.0,100,2680.51316
-100.0,100,2680.817812
-100.0,100,2681.118406
-100.0,100,2681.434433
-100.0,100,2681.738922
-100.0,100,2682.045965
-99.0,100,2682.355134
-100.0,100,2682.669116
-100.0,100,2683.0018
-100.0,100,2684.27425
-100.0,100,2684.529034
-100.0,100,2684.770256
-100.0,100,2685.018095
-100.0,100,2685.256768
-100.0,100,2685.488092
-100.0,100,2685.721862
-100.0,100,2685.97284
-100.0,100,2686.244959
-100.0,100,2686.495362
-100.0,100,2686.757306
-100.0,100,2687.032797
-100.0,100,2687.31407
-100.0,100,2687.59815
-100.0,100,2687.87892
-100.0,100,2688.172804
-100.0,100,2688.456388
-100.0,100,2688.74577
-100.0,100,2689.032501
-100.0,100,2689.320857
-100.0,100,2689.615857
-100.0,100,2689.89439
-100.0,100,2690.186225
-100.0,100,2690.4816
-100.0,100,2690.767483
-100.0,100,2691.219799
-100.0,100,2691.50561
-100.0,100,2691.807018
-99.0,100,2692.137691
-100.0,100,2692.476435
-100.0,100,2692.781446
-100.0,100,2693.088063
-100.0,100,2693.392783
-100.0,100,2693.700459
-100.0,100,2694.007747
-100.0,100,2694.312301
-99.0,100,2694.60884
-100.0,100,2694.921727
-100.0,100,2695.223608
-100.0,100,2695.519909
-100.0,100,2695.826922
-100.0,100,2697.050876
-100.0,100,2697.302078
-100.0,100,2697.563064
-100.0,100,2697.801649
-100.0,100,2698.033093
-100.0,100,2698.270067
-100.0,100,2698.5026
-100.0,100,2698.751161
-100.0,100,2699.009744
-100.0,100,2699.271849
-100.0,100,2699.529772
-100.0,100,2699.803664
-100.0,100,2700.083779
-100.0,100,2700.356862
-100.0,100,2700.641874
-100.0,100,2700.915229
-100.0,100,2701.196244
-100.0,100,2701.475273
-100.0,100,2701.760805
-100.0,100,2702.041134
-100.0,100,2702.330087
-100.0,100,2702.624512
-96.0,100,2702.921844
-100.0,100,2703.210006
-100.0,100,2703.501806
-95.0,100,2703.795518
-100.0,100,2704.085177
-100.0,100,2704.377828
-100.0,100,2704.67842
-100.0,100,2704.978965
-100.0,100,2705.280729
-100.0,100,2705.569235
-100.0,100,2705.880199
-100.0,100,2706.193543
-100.0,100,2706.489493
-100.0,100,2706.796739
-93.0,100,2707.111147
-100.0,100,2707.421916
-100.0,100,2707.725469
-100.0,100,2708.040249
-100.0,100,2708.343777
-100.0,100,2709.605712
-100.0,100,2709.873979
-100.0,100,2710.112273
-100.0,100,2710.344308
-100.0,100,2710.571831
-100.0,100,2710.802217
-97.0,100,2711.040326
-100.0,100,2711.274973
-100.0,100,2711.533276
-100.0,100,2711.790401
-100.0,100,2712.0717
-100.0,100,2712.331723
-100.0,100,2712.609748
-100.0,100,2712.886328
-100.0,100,2713.165164
-100.0,100,2713.445862
-100.0,100,2713.731168
-100.0,100,2714.010141
-100.0,100,2714.303272
-100.0,100,2714.586424
-100.0,100,2714.87872
-100.0,100,2715.170036
-100.0,100,2715.45771
-100.0,100,2715.754183
-100.0,100,2716.043742
-100.0,100,2716.333909
-100.0,100,2716.6316
-100.0,100,2716.927956
-100.0,100,2717.227208
-100.0,100,2717.528296
-100.0,100,2717.829017
-98.0,100,2718.133136
-100.0,100,2718.42302
-100.0,100,2718.72464
-100.0,100,2719.03133
-100.0,100,2719.344874
-100.0,100,2719.669387
-100.0,100,2719.973589
-100.0,100,2720.273334
-100.0,100,2720.579124
-100.0,100,2720.893678
-100.0,100,2722.146049
-100.0,100,2722.408657
-100.0,100,2722.645049
-100.0,100,2722.911982
-100.0,100,2723.162349
-100.0,100,2723.415702
-100.0,100,2723.647323
-100.0,100,2723.876129
-100.0,100,2724.139245
-100.0,100,2724.399304
-100.0,100,2724.641284
-100.0,100,2724.908345
-100.0,100,2725.19088
-100.0,100,2725.478815
-100.0,100,2725.760102
-100.0,100,2726.044089
-100.0,100,2726.329225
-100.0,100,2726.610821
-100.0,100,2726.900151
-100.0,100,2727.175019
-100.0,100,2727.473205
-100.0,100,2727.754567
-100.0,100,2728.042412
-100.0,100,2728.334711
-100.0,100,2728.61186
-100.0,100,2728.903944
-100.0,100,2729.191363
-100.0,100,2729.479151
-100.0,100,2729.772419
-100.0,100,2730.080386
-100.0,100,2730.372175
-100.0,100,2730.675613
-100.0,100,2730.972641
-100.0,100,2731.264708
-100.0,100,2731.570333
-100.0,100,2731.857269
-100.0,100,2732.154691
-100.0,100,2732.45637
-100.0,100,2732.757647
-99.0,100,2733.060095
-100.0,100,2733.36149
-100.0,100,2734.39052
-100.0,100,2734.611188
-100.0,100,2734.873956
-100.0,100,2735.100348
-100.0,100,2735.334722
-100.0,100,2735.563724
-100.0,100,2735.809784
-100.0,100,2736.055722
-100.0,100,2736.307196
-100.0,100,2736.569461
-100.0,100,2736.816666
-100.0,100,2737.072783
-100.0,100,2737.334139
-100.0,100,2737.592467
-100.0,100,2737.859975
-100.0,100,2738.11496
-100.0,100,2738.37599
-100.0,100,2738.661491
-100.0,100,2738.935944
-100.0,100,2739.218422
-100.0,100,2739.49412
-100.0,100,2739.772936
-100.0,100,2740.052292
-100.0,100,2740.316371
-100.0,100,2740.592935
-100.0,100,2740.873253
-100.0,100,2741.151022
-100.0,100,2741.434608
-100.0,100,2741.728385
-100.0,100,2742.017163
-100.0,100,2742.307024
-100.0,100,2742.593367
-100.0,100,2742.891689
-100.0,100,2743.172997
-100.0,100,2743.466954
-100.0,100,2743.763779
-95.0,100,2744.065473
-85.0,100,2744.359626
-100.0,100,2744.651615
-100.0,100,2744.957573
-100.0,100,2745.246526
-100.0,100,2746.402972
-100.0,100,2746.659844
-100.0,100,2746.902447
-100.0,100,2747.151552
-100.0,100,2747.39547
-100.0,100,2747.645351
-100.0,100,2747.889403
-100.0,100,2748.152559
-100.0,100,2748.440226
-100.0,100,2748.736232
-100.0,100,2749.042974
-100.0,100,2749.458943
-100.0,100,2749.750063
-100.0,100,2750.099976
-100.0,100,2750.409309
-100.0,100,2750.738209
-100.0,100,2751.071247
-98.0,100,2751.369481
-100.0,100,2751.67506
-100.0,100,2751.989256
-100.0,100,2752.322339
-100.0,100,2752.598676
-100.0,100,2752.882725
-100.0,100,2753.163989
-100.0,100,2753.444075
-100.0,100,2753.727734
-100.0,100,2754.027363
-100.0,100,2754.354366
-100.0,100,2754.869962
-100.0,100,2755.405971
-100.0,100,2756.007556
-100.0,100,2756.608261
-100.0,100,2757.205947
-100.0,100,2757.823842
-97.0,100,2758.423042
-100.0,100,2759.049553
-100.0,100,2759.669428
-100.0,100,2760.393391
-100.0,100,2760.996642
-100.0,100,2761.601289
-100.0,100,2762.218403
-100.0,100,2764.337265
-100.0,100,2764.842872
-100.0,100,2765.371478
-97.0,100,2766.000614
-100.0,100,2766.585397
-100.0,100,2767.181492
-100.0,100,2767.793079
-100.0,100,2768.39985
-100.0,100,2769.052771
-100.0,100,2769.686484
-98.0,100,2770.300707
-100.0,100,2770.930903
-100.0,100,2771.534695
-100.0,100,2772.152463
-100.0,100,2772.797451
-100.0,100,2773.587432
-100.0,100,2774.211653
-100.0,100,2774.835539
-100.0,100,2775.503823
-100.0,100,2776.117132
-100.0,100,2776.739828
-96.0,100,2777.359583
-100.0,100,2777.979694
-100.0,100,2778.62282
-100.0,100,2779.237011
-100.0,100,2779.887873
-100.0,100,2780.643357
-100.0,100,2781.272497
-100.0,100,2781.879239
-100.0,100,2782.873877
-100.0,100,2783.516377
-100.0,100,2784.133763
-100.0,100,2784.725711
-100.0,100,2785.402503
-100.0,100,2786.034843
-100.0,100,2786.666114
-100.0,100,2787.266643
-100.0,100,2787.857924
-100.0,100,2788.456657
-100.0,100,2789.088439
-100.0,100,2789.708103
-96.0,100,2791.855743
-100.0,100,2792.379312
-100.0,100,2792.921887
-100.0,100,2793.462639
-100.0,100,2794.037071
-100.0,100,2794.6198
-100.0,100,2795.210227
-100.0,100,2795.885909
-100.0,100,2796.502824
-100.0,100,2797.14432
-100.0,100,2797.74137
-100.0,100,2798.357122
-100.0,100,2798.972788
-100.0,100,2799.605146
-100.0,100,2800.272109
-100.0,100,2800.940291
-100.0,100,2801.556988
-100.0,100,2802.167541
-100.0,100,2802.825619
-100.0,100,2803.46781
-100.0,100,2804.069967
-100.0,100,2804.675801
-100.0,100,2805.282877
-100.0,100,2805.884706
-100.0,100,2806.482217
-100.0,100,2807.210408
-100.0,100,2807.887749
-100.0,100,2808.567877
-100.0,100,2809.129884
-100.0,100,2809.71353
-100.0,100,2810.434306
-100.0,100,2811.078238
-100.0,100,2811.680614
-100.0,100,2812.25678
-100.0,100,2812.817621
-100.0,100,2813.391461
-100.0,100,2814.005734
-100.0,100,2814.616358
-100.0,100,2815.202772
-100.0,100,2815.889875
-100.0,100,2816.503327
-100.0,100,2818.553757
-100.0,100,2819.074701
-100.0,100,2819.586913
-100.0,100,2820.134012
-100.0,100,2820.753745
-99.0,100,2821.337542
-100.0,100,2821.978499
-100.0,100,2822.576664
-100.0,100,2823.171999
-100.0,100,2823.866643
-100.0,100,2824.498556
-100.0,100,2825.097835
-100.0,100,2825.688772
-98.0,100,2826.333566
-100.0,100,2827.104731
-100.0,100,2827.754694
-100.0,100,2828.013346
-100.0,100,2828.252534
-100.0,100,2828.488863
-100.0,100,2828.728032
-100.0,100,2828.991289
-99.0,100,2829.235649
-100.0,100,2829.471425
-100.0,100,2829.716173
-100.0,100,2829.9601
-100.0,100,2830.210341
-100.0,100,2830.454287
-100.0,100,2830.693984
-100.0,100,2830.930706
-99.0,100,2831.17323
-100.0,100,2831.415761
-100.0,100,2831.660549
-100.0,100,2831.942333
-100.0,100,2832.206175
-100.0,100,2832.483274
-100.0,100,2832.762518
-100.0,100,2833.048041
-100.0,100,2833.341892
-100.0,100,2833.635236
-100.0,100,2833.946383
-100.0,100,2834.265976
-100.0,100,2835.489521
-100.0,100,2835.738445
-100.0,100,2835.987685
-100.0,100,2836.250371
-100.0,100,2836.5026
-100.0,100,2836.765511
-100.0,100,2837.015549
-100.0,100,2837.2952
-100.0,100,2837.577674
-100.0,100,2837.881422
-100.0,100,2838.198129
-100.0,100,2838.519364
-100.0,100,2838.835716
-100.0,100,2839.141257
-100.0,100,2839.451695
-100.0,100,2839.774893
-100.0,100,2840.100873
-100.0,100,2840.425683
-100.0,100,2840.757193
-100.0,100,2841.079727
-100.0,100,2841.405957
-100.0,100,2841.739993
-100.0,100,2842.071541
-100.0,100,2842.413089
-100.0,100,2842.75596
-100.0,100,2843.094105
-100.0,100,2843.420454
-100.0,100,2843.749461
-100.0,100,2844.076973
-100.0,100,2844.416664
-100.0,100,2844.757025
-95.0,100,2845.098853
-97.0,100,2845.426068
-100.0,100,2845.749473
-100.0,100,2846.07477
-100.0,100,2846.403065
-100.0,100,2846.731234
-100.0,100,2847.069219
-100.0,100,2847.398644
-100.0,100,2847.741003
-98.0,100,2848.082682
-100.0,100,2849.530059
-100.0,100,2849.790891
-100.0,100,2850.05496
-100.0,100,2850.318743
-100.0,100,2850.57611
-100.0,100,2850.827767
-98.0,100,2851.075707
-100.0,100,2851.347506
-100.0,100,2851.621429
-100.0,100,2851.905301
-97.0,100,2852.219069
-100.0,100,2852.539329
-100.0,100,2852.868679
-97.0,100,2853.196638
-100.0,100,2853.513277
-100.0,100,2853.841366
-100.0,100,2854.171984
-100.0,100,2854.497903
-97.0,100,2854.816826
-100.0,100,2855.148364
-100.0,100,2855.472059
-100.0,100,2855.789247
-100.0,100,2856.124255
-100.0,100,2856.469254
-100.0,100,2856.801549
-99.0,100,2857.141937
-100.0,100,2857.482029
-100.0,100,2857.801459
-100.0,100,2858.133009
-100.0,100,2858.474481
-100.0,100,2858.804073
-100.0,100,2859.136822
-100.0,100,2859.476022
-100.0,100,2859.798491
-100.0,100,2860.142829
-100.0,100,2860.483131
-100.0,100,2860.814483
-100.0,100,2861.139073
-100.0,100,2861.458317
-100.0,100,2861.772786
-100.0,100,2862.112269
-100.0,100,2863.58668
-100.0,100,2863.857491
-100.0,100,2864.122571
-100.0,100,2864.386692
-100.0,100,2864.666022
-100.0,100,2864.94609
-100.0,100,2865.221102
-100.0,100,2865.534944
-100.0,100,2865.845621
-100.0,100,2866.154776
-100.0,100,2866.464424
-97.0,100,2866.777681
-100.0,100,2867.088443
-100.0,100,2867.408799
-100.0,100,2867.734878
-100.0,100,2868.047978
-100.0,100,2868.36173
-100.0,100,2868.690502
-100.0,100,2869.018482
-100.0,100,2869.348612
-100.0,100,2869.682266
-100.0,100,2870.010347
-100.0,100,2870.342842
-100.0,100,2870.666813
-100.0,100,2870.988792
-100.0,100,2871.320465
-100.0,100,2871.681836
-100.0,100,2872.042655
-100.0,100,2872.41906
-100.0,100,2872.755113
-100.0,100,2873.092169
-100.0,100,2873.451685
-100.0,100,2873.76922
-100.0,100,2874.094359
-100.0,100,2874.430852
-96.0,100,2874.763239
-100.0,100,2875.098207
-94.0,100,2875.433738
-100.0,100,2875.759373
-100.0,100,2876.091897
-100.0,100,2876.421205
-100.0,100,2877.457974
-100.0,100,2877.701361
-100.0,100,2877.939999
-100.0,100,2878.182972
-100.0,100,2878.429025
-97.0,100,2878.685311
-100.0,100,2878.94714
-47.0,100,2879.239728
-100.0,100,2879.513829
-100.0,100,2879.804596
-100.0,100,2880.095605
-100.0,100,2880.377389
-100.0,100,2880.656894
-100.0,100,2880.935456
-100.0,100,2881.237445
-100.0,100,2881.558197
-100.0,100,2881.883612
-100.0,100,2882.214971
-100.0,100,2882.527083
-100.0,100,2882.841764
-100.0,100,2883.168801
-100.0,100,2883.498703
-100.0,100,2883.829474
-97.0,100,2884.161438
-100.0,100,2884.489911
-100.0,100,2884.821951
-100.0,100,2885.15516
-100.0,100,2885.489825
-100.0,100,2885.830982
-100.0,100,2886.169867
-100.0,100,2886.499908
-100.0,100,2886.844226
-100.0,100,2887.183815
-100.0,100,2887.674473
-100.0,100,2888.064075
-100.0,100,2888.471045
-100.0,100,2888.887998
-100.0,100,2889.287897
-100.0,100,2889.624093
-100.0,100,2889.966031
-100.0,100,2890.306412
-98.0,100,2891.584064
-100.0,100,2891.83586
-100.0,100,2892.080957
-100.0,100,2892.332407
-100.0,100,2892.583993
-100.0,100,2892.834729
-100.0,100,2893.090741
-100.0,100,2893.380168
-100.0,100,2893.673983
-100.0,100,2893.968641
-100.0,100,2894.283992
-100.0,100,2894.594668
-100.0,100,2894.902746
-100.0,100,2895.223336
-100.0,100,2895.5407
-100.0,100,2895.869098
-100.0,100,2896.201105
-100.0,100,2896.531395
-100.0,100,2896.857012
-99.0,100,2897.183036
-97.0,100,2897.503651
-100.0,100,2897.84122
-100.0,100,2898.166252
-100.0,100,2898.506944
-100.0,100,2898.843432
-100.0,100,2899.168651
-100.0,100,2899.495678
-100.0,100,2899.827687
-98.0,100,2900.152332
-100.0,100,2900.490614
-100.0,100,2900.832158
-100.0,100,2901.176153
-100.0,100,2901.519523
-100.0,100,2901.865681
-100.0,100,2902.211261
-100.0,100,2902.553889
-100.0,100,2902.890309
-99.0,100,2903.232447
-100.0,100,2903.577894
-100.0,100,2903.920041
-100.0,100,2904.259963
-100.0,100,2905.498271
-100.0,100,2905.756988
-100.0,100,2906.014944
-100.0,100,2906.282189
-100.0,100,2906.542816
-100.0,100,2906.811801
-100.0,100,2907.077027
-100.0,100,2907.353154
-100.0,100,2907.644222
-100.0,100,2907.954486
-100.0,100,2908.276106
-100.0,100,2908.59172
-100.0,100,2908.90134
-100.0,100,2909.216074
-100.0,100,2909.544476
-100.0,100,2909.868833
-100.0,100,2910.198806
-100.0,100,2910.51858
-100.0,100,2910.834939
-100.0,100,2911.159465
-100.0,100,2911.478591
-100.0,100,2911.809596
-100.0,100,2912.153567
-100.0,100,2912.491413
-100.0,100,2912.830818
-100.0,100,2913.171398
-100.0,100,2913.491399
-100.0,100,2913.811677
-100.0,100,2914.139247
-100.0,100,2914.46723
-100.0,100,2914.810877
-100.0,100,2915.153575
-100.0,100,2915.48354
-100.0,100,2915.814742
-100.0,100,2916.149176
-99.0,100,2916.495034
-100.0,100,2916.836062
-100.0,100,2917.176031
-100.0,100,2917.505857
-100.0,100,2917.842908
-100.0,100,2918.189293
-100.0,100,2919.465126
-100.0,100,2919.71136
-100.0,100,2919.968785
-100.0,100,2920.230554
-100.0,100,2920.486761
-100.0,100,2920.739222
-100.0,100,2920.987566
-100.0,100,2921.278283
-100.0,100,2921.564088
-97.0,100,2921.87672
-100.0,100,2922.209762
-100.0,100,2922.503128
-100.0,100,2922.818022
-100.0,100,2923.13836
-100.0,100,2923.460772
-100.0,100,2923.76929
-100.0,100,2924.083312
-100.0,100,2924.416212
-100.0,100,2924.746616
-100.0,100,2925.076775
-100.0,100,2925.410476
-100.0,100,2925.745121
-100.0,100,2926.083781
-100.0,100,2926.412248
-100.0,100,2926.749736
-100.0,100,2927.085861
-99.0,100,2927.428897
-100.0,100,2927.761936
-100.0,100,2928.086569
-100.0,100,2928.414457
-100.0,100,2928.748361
-100.0,100,2929.077645
-100.0,100,2929.413249
-100.0,100,2929.769761
-100.0,100,2930.102352
-99.0,100,2930.434284
-100.0,100,2930.763769
-100.0,100,2931.101377
-99.0,100,2931.437107
-100.0,100,2931.772143
-100.0,100,2932.097324
-100.0,100,2933.295827
-100.0,100,2933.543306
-100.0,100,2933.795284
-100.0,100,2934.049093
-100.0,100,2934.305663
-100.0,100,2934.573342
-100.0,100,2934.8444
-100.0,100,2935.145244
-100.0,100,2935.464257
-100.0,100,2935.771466
-100.0,100,2936.066782
-99.0,100,2936.361361
-100.0,100,2936.659328
-100.0,100,2936.964278
-100.0,100,2937.266345
-100.0,100,2937.581422
-100.0,100,2937.89739
-100.0,100,2938.21468
-100.0,100,2938.545423
-100.0,100,2938.871027
-99.0,100,2939.203506
-100.0,100,2939.541854
-100.0,100,2939.909409
-100.0,100,2940.270195
-100.0,100,2940.626359
-100.0,100,2940.964315
-100.0,100,2941.287829
-100.0,100,2941.60778
-100.0,100,2941.937351
-100.0,100,2942.244532
-100.0,100,2942.587934
-100.0,100,2942.920451
-100.0,100,2943.250615
-96.0,100,2943.59237
-100.0,100,2943.935666
-100.0,100,2944.268807
-100.0,100,2944.591944
-100.0,100,2944.90872
-100.0,100,2945.230884
-100.0,100,2945.552711
-100.0,100,2945.882732
-100.0,100,2947.10763
-100.0,100,2947.375334
-100.0,100,2947.63658
-100.0,100,2947.894995
-100.0,100,2948.145277
-100.0,100,2948.402076
-100.0,100,2948.667763
-100.0,100,2948.966339
-100.0,100,2949.273873
-100.0,100,2949.587287
-100.0,100,2949.909378
-100.0,100,2950.227989
-100.0,100,2950.534716
-100.0,100,2950.846368
-100.0,100,2951.151673
-100.0,100,2951.46086
-100.0,100,2951.771375
-100.0,100,2952.104799
-100.0,100,2952.435834
-100.0,100,2952.761899
-100.0,100,2953.080657
-100.0,100,2953.415799
-100.0,100,2953.76068
-99.0,100,2954.099281
-100.0,100,2954.444542
-98.0,100,2954.796359
-100.0,100,2955.134095
-100.0,100,2955.470595
-100.0,100,2955.809358
-100.0,100,2956.131777
-100.0,100,2956.466891
-100.0,100,2956.796448
-100.0,100,2957.147936
-100.0,100,2957.493393
-92.0,100,2957.84221
-100.0,100,2958.185094
-100.0,100,2958.527716
-100.0,100,2958.852561
-100.0,100,2959.183414
-100.0,100,2959.51596
-100.0,100,2959.858392
-100.0,100,2961.109736
-100.0,100,2961.366524
-100.0,100,2961.627857
-100.0,100,2961.889364
-100.0,100,2962.155446
-100.0,100,2962.421618
-100.0,100,2962.680233
-100.0,100,2962.973633
-100.0,100,2963.262113
-100.0,100,2963.560406
-100.0,100,2963.873745
-100.0,100,2964.174873
-100.0,100,2964.464396
-100.0,100,2964.775416
-100.0,100,2965.101325
-100.0,100,2965.426566
-100.0,100,2965.748365
-100.0,100,2966.080429
-100.0,100,2966.402132
-100.0,100,2966.73693
-100.0,100,2967.050195
-100.0,100,2967.379845
-100.0,100,2967.710416
-100.0,100,2968.056207
-100.0,100,2968.396792
-100.0,100,2968.737336
-100.0,100,2969.059237
-100.0,100,2969.394608
-100.0,100,2969.729219
-100.0,100,2970.065729
-100.0,100,2970.394998
-100.0,100,2970.731467
-100.0,100,2971.067017
-99.0,100,2971.392186
-100.0,100,2971.727534
-100.0,100,2972.049784
-100.0,100,2972.38713
-100.0,100,2972.897885
-100.0,100,2973.226706
-100.0,100,2973.566516
-100.0,100,2973.930777
-99.0,100,2975.144319
-100.0,100,2975.398792
-100.0,100,2975.646236
-100.0,100,2975.901145
-100.0,100,2976.159612
-100.0,100,2976.415848
-100.0,100,2976.684031
-98.0,100,2976.97253
-100.0,100,2977.262819
-100.0,100,2977.565851
-100.0,100,2977.886115
-96.0,100,2978.206984
-100.0,100,2978.556605
-100.0,100,2978.857438
-100.0,100,2979.169997
-100.0,100,2979.496594
-100.0,100,2979.825588
-100.0,100,2980.15379
-100.0,100,2980.492467
-100.0,100,2980.82516
-100.0,100,2981.160737
-100.0,100,2981.484525
-100.0,100,2981.817783
-100.0,100,2982.155141
-100.0,100,2982.49518
-99.0,100,2982.828109
-100.0,100,2983.164138
-100.0,100,2983.491702
-100.0,100,2983.820145
-100.0,100,2984.150803
-100.0,100,2984.494152
-100.0,100,2984.838109
-100.0,100,2985.165791
-100.0,100,2985.505144
-100.0,100,2985.84133
-100.0,100,2986.176845
-100.0,100,2986.508748
-100.0,100,2986.838897
-100.0,100,2987.16082
-100.0,100,2987.494158
-100.0,100,2987.832478
-100.0,100,2989.090166
-100.0,100,2989.34972
-100.0,100,2989.597858
-100.0,100,2989.8571
-100.0,100,2990.119351
-100.0,100,2990.380439
-100.0,100,2990.647571
-100.0,100,2990.941125
-100.0,100,2991.248245
-100.0,100,2991.547229
-100.0,100,2991.859339
-100.0,100,2992.171763
-100.0,100,2992.492671
-100.0,100,2992.798854
-100.0,100,2993.097966
-100.0,100,2993.416314
-100.0,100,2993.740306
-93.0,100,2994.07625
-100.0,100,2994.410245
-100.0,100,2994.74637
-100.0,100,2995.086253
-100.0,100,2995.432248
-100.0,100,2995.756478
-100.0,100,2996.08478
-100.0,100,2996.412702
-100.0,100,2996.745445
-100.0,100,2997.071222
-100.0,100,2997.416775
-100.0,100,2997.795693
-100.0,100,2998.165262
-100.0,100,2998.527393
-100.0,100,2998.892504
-100.0,100,2999.22244
-100.0,100,2999.56077
-100.0,100,2999.879489
-97.0,100,3000.22336
-100.0,100,3000.567463
-100.0,100,3000.897184
-100.0,100,3001.24189
-100.0,100,3001.570835
-100.0,100,3001.895603
-91.0,100,3002.865674
-100.0,100,3003.106919
-100.0,100,3003.344216
-100.0,100,3003.582153
-100.0,100,3003.82832
-100.0,100,3004.07302
-96.0,100,3004.328857
-100.0,100,3004.612196
-100.0,100,3004.937349
-100.0,100,3005.225631
-98.0,100,3005.504663
-100.0,100,3005.790024
-100.0,100,3006.065951
-100.0,100,3006.367821
-100.0,100,3006.675594
-100.0,100,3006.993789
-100.0,100,3007.300112
-100.0,100,3007.617409
-100.0,100,3007.93915
-100.0,100,3008.250257
-91.0,100,3008.576638
-100.0,100,3008.903995
-100.0,100,3009.237262
-100.0,100,3009.567955
-100.0,100,3009.898155
-100.0,100,3010.216964
-100.0,100,3010.540033
-100.0,100,3010.849309
-100.0,100,3011.175392
-100.0,100,3011.501845
-100.0,100,3011.849241
-100.0,100,3012.172534
-100.0,100,3012.496035
-100.0,100,3012.826428
-100.0,100,3013.174437
-100.0,100,3013.509703
-100.0,100,3013.846231
-100.0,100,3014.179201
-100.0,100,3014.503803
-100.0,100,3014.839242
-100.0,100,3015.176872
-100.0,100,3016.437005
-100.0,100,3016.696487
-100.0,100,3016.954545
-100.0,100,3017.215504
-100.0,100,3017.481567
-100.0,100,3017.732301
-100.0,100,3017.996843
-100.0,100,3018.292488
-100.0,100,3018.573763
-100.0,100,3018.869892
-100.0,100,3019.163436
-100.0,100,3019.475097
-100.0,100,3019.802071
-100.0,100,3020.127826
-100.0,100,3020.444238
-100.0,100,3020.770152
-100.0,100,3021.09457
-100.0,100,3021.422186
-100.0,100,3021.747898
-100.0,100,3022.08457
-100.0,100,3022.421846
-97.0,100,3022.739414
-100.0,100,3023.063983
-100.0,100,3023.406907
-99.0,100,3023.748331
-100.0,100,3024.085197
-100.0,100,3024.421933
-100.0,100,3024.75247
-100.0,100,3025.084304
-100.0,100,3025.422615
-100.0,100,3025.7632
-100.0,100,3026.08176
-100.0,100,3026.407213
-100.0,100,3026.744125
-100.0,100,3027.091661
-100.0,100,3027.436046
-100.0,100,3027.782227
-100.0,100,3028.124487
-100.0,100,3028.468771
-100.0,100,3028.806118
-100.0,100,3029.147789
-100.0,100,3030.597478
-100.0,100,3030.87287
-100.0,100,3031.137954
-100.0,100,3031.420447
-98.0,100,3031.696998
-93.0,100,3031.98135
-100.0,100,3032.283819
-100.0,100,3032.595318
-100.0,100,3032.902915
-100.0,100,3033.222803
-100.0,100,3033.542683
-100.0,100,3033.866703
-100.0,100,3034.185691
-100.0,100,3034.51399
-100.0,100,3034.836774
-100.0,100,3035.163864
-100.0,100,3035.497838
-100.0,100,3035.821425
-100.0,100,3036.15236
-100.0,100,3036.492307
-100.0,100,3036.833079
-100.0,100,3037.168527
-100.0,100,3037.504275
-100.0,100,3037.844634
-100.0,100,3038.171938
-100.0,100,3038.512198
-100.0,100,3038.842823
-100.0,100,3039.176191
-100.0,100,3039.512277
-100.0,100,3039.854449
-100.0,100,3040.190079
-100.0,100,3040.530447
-100.0,100,3040.873056
-100.0,100,3041.197726
-100.0,100,3041.529654
-100.0,100,3041.864026
-100.0,100,3042.197469
-100.0,100,3042.528617
-100.0,100,3042.888686
-100.0,100,3043.205605
-100.0,100,3044.463949
-100.0,100,3044.722378
-100.0,100,3044.984038
-100.0,100,3045.230788
-100.0,100,3045.490118
-94.0,100,3045.745187
-96.0,100,3046.011545
-100.0,100,3046.27691
-100.0,100,3046.566362
-100.0,100,3046.868735
-100.0,100,3047.172022
-100.0,100,3047.491944
-100.0,100,3047.817964
-100.0,100,3048.145386
-100.0,100,3048.496898
-99.0,100,3048.801072
-100.0,100,3049.127636
-100.0,100,3049.443943
-100.0,100,3049.774005
-100.0,100,3050.108999
-100.0,100,3050.450901
-98.0,100,3050.786621
-88.0,100,3051.11489
-99.0,100,3051.439813
-100.0,100,3051.765769
-100.0,100,3052.084912
-100.0,100,3052.41155
-100.0,100,3052.731547
-100.0,100,3053.061458
-100.0,100,3053.3997
-100.0,100,3053.723876
-100.0,100,3054.046948
-100.0,100,3054.384427
-100.0,100,3054.721725
-100.0,100,3055.057298
-100.0,100,3055.398262
-100.0,100,3055.749098
-100.0,100,3056.078387
-100.0,100,3056.4101
-98.0,100,3056.740581
-100.0,100,3057.074151
-100.0,100,3058.370178
-100.0,100,3058.763075
-100.0,100,3059.012458
-100.0,100,3059.256251
-100.0,100,3059.508216
-100.0,100,3059.773715
-100.0,100,3060.026746
-100.0,100,3060.307452
-100.0,100,3060.626101
-100.0,100,3060.961014
-100.0,100,3061.297033
-100.0,100,3061.626332
-100.0,100,3061.91291
-100.0,100,3062.216727
-100.0,100,3062.514555
-100.0,100,3062.814252
-100.0,100,3063.130836
-100.0,100,3063.453845
-96.0,100,3063.770272
-100.0,100,3064.100626
-100.0,100,3064.4326
-100.0,100,3064.765713
-100.0,100,3065.100654
-100.0,100,3065.438701
-100.0,100,3065.79863
-100.0,100,3066.143338
-100.0,100,3066.508119
-100.0,100,3066.862552
-100.0,100,3067.196448
-100.0,100,3067.528129
-100.0,100,3067.853502
-100.0,100,3068.180409
-100.0,100,3068.511191
-100.0,100,3068.835994
-100.0,100,3069.155386
-100.0,100,3069.491363
-100.0,100,3069.837255
-100.0,100,3070.173357
-100.0,100,3070.498068
-100.0,100,3070.830859
-100.0,100,3071.162812
-100.0,100,3072.494576
-100.0,100,3072.749686
-100.0,100,3073.011092
-100.0,100,3073.275416
-100.0,100,3073.539618
-100.0,100,3073.804518
-100.0,100,3074.058195
-100.0,100,3074.333528
-100.0,100,3074.627812
-100.0,100,3074.928845
-100.0,100,3075.236532
-100.0,100,3075.553211
-100.0,100,3075.861038
-100.0,100,3076.182092
-100.0,100,3076.51148
-95.0,100,3076.84462
-100.0,100,3077.176703
-100.0,100,3077.510315
-99.0,100,3077.84432
-100.0,100,3078.183299
-100.0,100,3078.528574
-100.0,100,3078.862691
-100.0,100,3079.18642
-100.0,100,3079.50863
-100.0,100,3079.838374
-100.0,100,3080.169819
-100.0,100,3080.504723
-100.0,100,3080.838282
-100.0,100,3081.167689
-57.0,100,3081.495516
-100.0,100,3081.829787
-100.0,100,3082.165118
-100.0,100,3082.489484
-100.0,100,3082.810488
-100.0,100,3083.144834
-100.0,100,3083.486657
-100.0,100,3083.822952
-100.0,100,3084.162555
-100.0,100,3084.494334
-100.0,100,3084.820885
-100.0,100,3085.160327
-100.0,100,3086.47568
-100.0,100,3086.720794
-100.0,100,3086.965104
-100.0,100,3087.2115
-100.0,100,3087.473568
-100.0,100,3087.728074
-100.0,100,3087.987354
-100.0,100,3088.258081
-100.0,100,3088.542425
-100.0,100,3088.823639
-100.0,100,3089.128874
-100.0,100,3089.441995
-100.0,100,3089.758043
-100.0,100,3090.078613
-100.0,100,3090.405931
-100.0,100,3090.758611
-100.0,100,3091.069482
-100.0,100,3091.397783
-100.0,100,3091.721383
-100.0,100,3092.047347
-99.0,100,3092.37569
-100.0,100,3092.704506
-100.0,100,3093.029111
-100.0,100,3093.373436
-100.0,100,3093.71142
-100.0,100,3094.048395
-100.0,100,3094.386097
-100.0,100,3094.708547
-100.0,100,3095.034516
-83.0,100,3095.371044
-100.0,100,3095.702896
-100.0,100,3096.029546
-100.0,100,3096.358318
-100.0,100,3096.682705
-100.0,100,3097.004115
-100.0,100,3097.337229
-100.0,100,3097.670521
-100.0,100,3098.036704
-100.0,100,3098.36711
-100.0,100,3098.702485
-100.0,100,3099.034717
-100.0,100,3100.500496
-100.0,100,3100.778843
-100.0,100,3101.045989
-100.0,100,3101.325601
-100.0,100,3101.605442
-100.0,100,3101.881879
-91.0,100,3102.165673
-100.0,100,3102.486104
-100.0,100,3102.802895
-100.0,100,3103.105504
-100.0,100,3103.407864
-100.0,100,3103.722564
-100.0,100,3104.046637
-100.0,100,3104.372099
-100.0,100,3104.698948
-99.0,100,3105.021119
-100.0,100,3105.328852
-100.0,100,3105.652155
-100.0,100,3105.972924
-100.0,100,3106.301392
-100.0,100,3106.625407
-100.0,100,3106.947839
-100.0,100,3107.262163
-100.0,100,3107.593921
-100.0,100,3107.933305
-100.0,100,3108.276763
-100.0,100,3108.613251
-100.0,100,3108.946699
-100.0,100,3109.278847
-100.0,100,3109.61349
-100.0,100,3109.956139
-100.0,100,3110.297545
-100.0,100,3110.628627
-100.0,100,3110.957151
-100.0,100,3111.285431
-100.0,100,3111.62046
-100.0,100,3111.957604
-100.0,100,3112.291809
-100.0,100,3112.634542
-100.0,100,3112.973979
-99.0,100,3113.301865
-100.0,100,3114.546989
-100.0,100,3114.794432
-100.0,100,3115.038469
-100.0,100,3115.309276
-100.0,100,3115.566992
-100.0,100,3115.829998
-100.0,100,3116.081773
-99.0,100,3116.365306
-100.0,100,3116.64605
-100.0,100,3116.934093
-100.0,100,3117.240705
-100.0,100,3117.535067
-100.0,100,3117.843492
-100.0,100,3118.159219
-100.0,100,3118.485504
-100.0,100,3118.813733
-100.0,100,3119.141056
-100.0,100,3119.456315
-100.0,100,3119.774459
-100.0,100,3120.099579
-100.0,100,3120.43498
-100.0,100,3120.768027
-100.0,100,3121.101799
-100.0,100,3121.441231
-100.0,100,3121.768461
-100.0,100,3122.093722
-100.0,100,3122.453708
-100.0,100,3122.778359
-100.0,100,3123.104005
-100.0,100,3123.452939
-100.0,100,3123.811378
-100.0,100,3124.182314
-100.0,100,3124.552804
-100.0,100,3124.894422
-100.0,100,3125.231993
-100.0,100,3125.567709
-100.0,100,3125.899808
-97.0,100,3126.225414
-100.0,100,3126.572254
-100.0,100,3126.912408
-100.0,100,3127.24887
-100.0,100,3128.564029
-100.0,100,3128.822377
-100.0,100,3129.0922
-100.0,100,3129.353622
-100.0,100,3129.614491
-100.0,100,3129.865755
-100.0,100,3130.112409
-100.0,100,3130.375206
-82.0,100,3130.674776
-100.0,100,3130.977479
-100.0,100,3131.277593
-100.0,100,3131.587463
-100.0,100,3131.892559
-100.0,100,3132.202821
-100.0,100,3132.527056
-100.0,100,3132.849923
-100.0,100,3133.163862
-100.0,100,3133.491466
-100.0,100,3133.815673
-100.0,100,3134.129955
-100.0,100,3134.468785
-100.0,100,3134.781606
-100.0,100,3135.095178
-100.0,100,3135.454499
-100.0,100,3135.786585
-100.0,100,3136.10817
-100.0,100,3136.426352
-97.0,100,3136.761418
-100.0,100,3137.10102
-100.0,100,3137.43949
-100.0,100,3137.782906
-100.0,100,3138.119838
-100.0,100,3138.43896
-100.0,100,3138.761776
-100.0,100,3139.090957
-99.0,100,3139.41928
-100.0,100,3139.752706
-100.0,100,3140.06732
-100.0,100,3140.392848
-100.0,100,3140.727078
-100.0,100,3141.059233
-93.0,100,3142.355916
-100.0,100,3142.598637
-100.0,100,3142.860968
-100.0,100,3143.114612
-100.0,100,3143.375338
-100.0,100,3143.810107
-42.0,100,3144.080525
-100.0,100,3144.367313
-100.0,100,3144.660428
-100.0,100,3144.970778
-91.0,100,3145.288725
-100.0,100,3145.60887
-100.0,100,3145.953577
-100.0,100,3146.279463
-100.0,100,3146.598271
-100.0,100,3146.934526
-100.0,100,3147.265358
-100.0,100,3147.587096
-100.0,100,3147.917707
-100.0,100,3148.25355
-100.0,100,3148.568593
-100.0,100,3148.893676
-100.0,100,3149.22883
-100.0,100,3149.567508
-100.0,100,3149.90628
-100.0,100,3150.242782
-100.0,100,3150.571
-100.0,100,3150.897659
-100.0,100,3151.21412
-96.0,100,3151.552788
-100.0,100,3151.896829
-100.0,100,3152.240614
-100.0,100,3152.558969
-96.0,100,3152.888095
-100.0,100,3153.231421
-100.0,100,3153.562884
-100.0,100,3153.893111
-100.0,100,3154.224095
-100.0,100,3154.550302
-100.0,100,3154.878947
-100.0,100,3155.207064
-100.0,100,3156.480353
-96.0,100,3156.727537
-100.0,100,3156.984158
-100.0,100,3157.23873
-100.0,100,3157.492923
-100.0,100,3157.753244
-100.0,100,3158.006055
-100.0,100,3158.28563
-100.0,100,3158.573829
-100.0,100,3158.881615
-100.0,100,3159.176208
-100.0,100,3159.495912
-100.0,100,3159.812097
-100.0,100,3160.131245
-100.0,100,3160.452283
-100.0,100,3160.771883
-100.0,100,3161.084627
-100.0,100,3161.394983
-100.0,100,3161.712024
-100.0,100,3162.0423
-100.0,100,3162.378988
-100.0,100,3162.712615
-100.0,100,3163.036854
-100.0,100,3163.371981
-100.0,100,3163.714025
-100.0,100,3164.054433
-100.0,100,3164.390538
-100.0,100,3164.736259
-100.0,100,3165.057002
-100.0,100,3165.393088
-94.0,100,3165.728951
-100.0,100,3166.078912
-100.0,100,3166.403717
-100.0,100,3166.733739
-100.0,100,3167.054989
-100.0,100,3167.396862
-100.0,100,3167.737514
-96.0,100,3168.080121
-100.0,100,3168.406148
-100.0,100,3168.734716
-100.0,100,3169.065255
-100.0,100,3170.512418
-100.0,100,3170.793666
-100.0,100,3171.064407
-100.0,100,3171.324389
-100.0,100,3171.602515
-100.0,100,3171.871662
-100.0,100,3172.152422
-100.0,100,3172.459624
-100.0,100,3172.766696
-100.0,100,3173.073787
-100.0,100,3173.379088
-100.0,100,3173.689924
-100.0,100,3174.007668
-100.0,100,3174.323986
-100.0,100,3174.644754
-100.0,100,3174.968791
-100.0,100,3175.283761
-100.0,100,3175.620684
-100.0,100,3175.944143
-100.0,100,3176.259746
-96.0,100,3176.591997
-100.0,100,3176.934823
-100.0,100,3177.257738
-100.0,100,3177.578711
-100.0,100,3177.902976
-100.0,100,3178.22423
-100.0,100,3178.549645
-100.0,100,3178.872009
-100.0,100,3179.203138
-100.0,100,3179.532977
-100.0,100,3179.858447
-100.0,100,3180.194023
-100.0,100,3180.524773
-100.0,100,3180.84993
-100.0,100,3181.152328
-100.0,100,3181.46878
-100.0,100,3181.791555
-100.0,100,3182.130032
-100.0,100,3182.467821
-100.0,100,3182.795104
-100.0,100,3183.136446
-97.0,100,3184.347982
-100.0,100,3184.606161
-100.0,100,3184.887099
-100.0,100,3185.136037
-100.0,100,3185.390244
-97.0,100,3185.651333
-100.0,100,3185.911764
-100.0,100,3186.178184
-100.0,100,3186.4545
-100.0,100,3186.734076
-100.0,100,3187.032485
-100.0,100,3187.338296
-100.0,100,3187.641777
-100.0,100,3187.953722
-100.0,100,3188.269577
-100.0,100,3188.591347
-100.0,100,3188.904127
-100.0,100,3189.225916
-100.0,100,3189.544271
-100.0,100,3189.871967
-100.0,100,3190.207349
-100.0,100,3190.535916
-100.0,100,3190.869611
-100.0,100,3191.193733
-100.0,100,3191.524164
-100.0,100,3191.900245
-100.0,100,3192.290353
-100.0,100,3192.609486
-100.0,100,3192.933098
-100.0,100,3193.251826
-100.0,100,3193.572997
-100.0,100,3193.894648
-100.0,100,3194.233372
-100.0,100,3194.570636
-100.0,100,3194.908494
-100.0,100,3195.248526
-100.0,100,3195.593281
-100.0,100,3195.927911
-100.0,100,3196.262645
-100.0,100,3196.598788
-100.0,100,3196.941378
-100.0,100,3198.309671
-100.0,100,3198.58383
-100.0,100,3198.862179
-100.0,100,3199.134265
-100.0,100,3199.409252
-100.0,100,3199.679224
-100.0,100,3199.948106
-100.0,100,3200.2372
-100.0,100,3200.536104
-100.0,100,3200.849548
-100.0,100,3201.1552
-100.0,100,3201.467181
-100.0,100,3201.790039
-100.0,100,3202.108827
-100.0,100,3202.434159
-100.0,100,3202.761427
-100.0,100,3203.083888
-100.0,100,3203.419717
-100.0,100,3203.753119
-100.0,100,3204.082804
-100.0,100,3204.407533
-100.0,100,3204.740429
-100.0,100,3205.073926
-100.0,100,3205.444863
-100.0,100,3205.772592
-100.0,100,3206.110157
-100.0,100,3206.445336
-100.0,100,3206.785997
-100.0,100,3207.125325
-100.0,100,3207.472059
-100.0,100,3207.80471
-98.0,100,3208.142143
-100.0,100,3208.477529
-100.0,100,3208.805192
-100.0,100,3209.117928
-97.0,100,3209.445055
-92.0,100,3209.788983
-100.0,100,3210.120247
-100.0,100,3210.450814
-100.0,100,3210.793514
-100.0,100,3211.141071
-97.0,100,3212.543505
-100.0,100,3212.822811
-100.0,100,3213.096861
-100.0,100,3213.375429
-39.0,100,3213.642262
-100.0,100,3213.919264
-100.0,100,3214.206362
-100.0,100,3214.499932
-100.0,100,3214.801726
-100.0,100,3215.121552
-100.0,100,3215.443429
-100.0,100,3215.766358
-100.0,100,3216.085034
-100.0,100,3216.404951
-100.0,100,3216.717602
-100.0,100,3217.041117
-100.0,100,3217.363543
-100.0,100,3217.688159
-100.0,100,3218.016431
-100.0,100,3218.341091
-100.0,100,3218.682427
-100.0,100,3219.00823
-100.0,100,3219.352233
-100.0,100,3219.69813
-100.0,100,3220.041564
-100.0,100,3220.38824
-100.0,100,3220.71041
-100.0,100,3221.041447
-100.0,100,3221.367877
-100.0,100,3221.710063
-100.0,100,3222.052496
-100.0,100,3222.395051
-100.0,100,3222.732986
-98.0,100,3223.075035
-100.0,100,3223.4076
-100.0,100,3223.769152
-100.0,100,3224.114731
-100.0,100,3224.442295
-100.0,100,3224.764313
-100.0,100,3225.109149
-100.0,100,3225.434964
-99.0,100,3226.671072
-100.0,100,3226.936474
-100.0,100,3227.197855
-100.0,100,3227.456527
-100.0,100,3227.720399
-100.0,100,3227.979351
-100.0,100,3228.240299
-98.0,100,3228.522648
-100.0,100,3228.810059
-100.0,100,3229.271933
-100.0,100,3229.600589
-100.0,100,3229.927441
-100.0,100,3230.256572
-100.0,100,3230.58782
-100.0,100,3230.910095
-98.0,100,3231.240965
-100.0,100,3231.574787
-100.0,100,3231.909645
-99.0,100,3232.241703
-100.0,100,3232.580936
-100.0,100,3232.907248
-100.0,100,3233.239233
-87.0,100,3233.572429
-100.0,100,3233.901687
-100.0,100,3234.244976
-100.0,100,3234.575715
-100.0,100,3234.905001
-100.0,100,3235.23196
-100.0,100,3235.582428
-100.0,100,3235.913955
-100.0,100,3236.246622
-100.0,100,3236.574273
-100.0,100,3236.900507
-100.0,100,3237.230752
-100.0,100,3237.564356
-100.0,100,3237.88352
-100.0,100,3238.203015
-100.0,100,3238.542333
-100.0,100,3238.885836
-100.0,100,3239.199624
-98.0,100,3239.531045
-100.0,100,3240.757711
-100.0,100,3241.009311
-100.0,100,3241.288754
-100.0,100,3241.546247
-100.0,100,3241.808356
-100.0,100,3242.07063
-100.0,100,3242.336363
-100.0,100,3242.631038
-100.0,100,3242.915139
-100.0,100,3243.217578
-100.0,100,3243.529694
-100.0,100,3243.853208
-100.0,100,3244.174625
-100.0,100,3244.500168
-100.0,100,3244.814731
-100.0,100,3245.136966
-100.0,100,3245.460335
-100.0,100,3245.789735
-100.0,100,3246.110522
-100.0,100,3246.425729
-100.0,100,3246.768481
-100.0,100,3247.10785
-100.0,100,3247.432321
-100.0,100,3247.745189
-100.0,100,3248.068162
-100.0,100,3248.414193
-100.0,100,3248.779468
-100.0,100,3249.107354
-100.0,100,3249.436813
-100.0,100,3249.785512
-100.0,100,3250.130454
-100.0,100,3250.463187
-100.0,100,3250.804393
-100.0,100,3251.141968
-100.0,100,3251.484552
-100.0,100,3251.833045
-100.0,100,3252.173837
-100.0,100,3252.51669
-100.0,100,3252.86021
-100.0,100,3253.197277
-100.0,100,3253.530037
-100.0,100,3254.742244
-100.0,100,3254.991827
-100.0,100,3255.2413
-100.0,100,3255.483478
-100.0,100,3255.730847
-100.0,100,3255.989083
-100.0,100,3256.229751
-100.0,100,3256.513385
-98.0,100,3256.808732
-100.0,100,3257.114753
-93.0,100,3257.431185
-100.0,100,3257.740754
-100.0,100,3258.055233
-100.0,100,3258.376642
-99.0,100,3258.69942
-100.0,100,3259.022272
-100.0,100,3259.344959
-100.0,100,3259.656442
-100.0,100,3259.956401
-100.0,100,3260.255263
-100.0,100,3260.539945
-100.0,100,3260.841629
-100.0,100,3261.155725
-100.0,100,3261.456792
-100.0,100,3261.766489
-100.0,100,3262.104618
-100.0,100,3262.413314
-100.0,100,3262.730899
-100.0,100,3263.027619
-100.0,100,3263.317765
-100.0,100,3263.638997
-100.0,100,3263.949639
-100.0,100,3264.261099
-100.0,100,3264.583889
-99.0,100,3264.892883
-100.0,100,3265.229474
-100.0,100,3265.566055
-100.0,100,3265.89294
-100.0,100,3266.202538
-100.0,100,3266.534207
-100.0,100,3266.860055
-100.0,100,3268.23557
-100.0,100,3268.469006
-100.0,100,3268.717304
-100.0,100,3268.982636
-100.0,100,3269.235563
-100.0,100,3269.496506
-100.0,100,3269.757973
-100.0,100,3270.020075
-100.0,100,3270.267701
-100.0,100,3270.525192
-100.0,100,3270.82242
-100.0,100,3271.131868
-100.0,100,3271.406934
-100.0,100,3271.69022
-100.0,100,3271.972834
-100.0,100,3272.282715
-100.0,100,3272.610885
-100.0,100,3272.939202
-100.0,100,3273.265601
-99.0,100,3273.597914
-100.0,100,3273.934542
-100.0,100,3274.23512
-100.0,100,3274.551073
-100.0,100,3274.882885
-100.0,100,3275.226225
-100.0,100,3275.563435
-99.0,100,3275.85294
-100.0,100,3276.153796
-100.0,100,3276.465122
-100.0,100,3276.788368
-100.0,100,3277.121041
-100.0,100,3277.456264
-100.0,100,3277.791392
-100.0,100,3278.119612
-100.0,100,3278.429126
-100.0,100,3278.745763
-100.0,100,3279.080901
-99.0,100,3279.403928
-100.0,100,3279.737613
-100.0,100,3280.075034
-100.0,100,3280.384872
-100.0,100,3281.639783
-100.0,100,3281.897926
-100.0,100,3282.151157
-100.0,100,3282.403568
-100.0,100,3282.639796
-100.0,100,3282.900482
-100.0,100,3283.152357
-100.0,100,3283.434723
-100.0,100,3283.738665
-96.0,100,3284.053863
-100.0,100,3284.362521
-100.0,100,3284.657185
-100.0,100,3284.952426
-100.0,100,3285.274086
-100.0,100,3285.59861
-100.0,100,3285.915219
-100.0,100,3286.219086
-100.0,100,3286.518172
-98.0,100,3286.79836
-100.0,100,3287.109889
-100.0,100,3287.436764
-100.0,100,3287.77456
-100.0,100,3288.092596
-100.0,100,3288.428902
-100.0,100,3288.764717
-100.0,100,3289.076551
-100.0,100,3289.370471
-100.0,100,3289.696609
-100.0,100,3290.030041
-100.0,100,3290.365969
-100.0,100,3290.69207
-99.0,100,3291.007873
-100.0,100,3291.302327
-100.0,100,3291.640028
-100.0,100,3291.980281
-100.0,100,3292.320631
-100.0,100,3292.644986
-100.0,100,3292.973519
-88.0,100,3293.314154
-100.0,100,3293.656727
-100.0,100,3293.991696
-100.0,100,3295.243734
-100.0,100,3295.479789
-100.0,100,3295.719746
-100.0,100,3295.964168
-100.0,100,3296.203331
-100.0,100,3296.451112
-99.0,100,3296.706555
-100.0,100,3296.952546
-100.0,100,3297.228889
-100.0,100,3297.500079
-100.0,100,3297.804387
-100.0,100,3298.118055
-100.0,100,3298.439101
-100.0,100,3298.763056
-100.0,100,3299.069743
-100.0,100,3299.398812
-100.0,100,3299.728124
-100.0,100,3300.056096
-100.0,100,3300.386792
-100.0,100,3300.733794
-100.0,100,3301.062681
-100.0,100,3301.353868
-100.0,100,3301.657737
-100.0,100,3301.986086
-100.0,100,3302.327413
-100.0,100,3302.667772
-100.0,100,3302.991382
-100.0,100,3303.295609
-100.0,100,3303.600765
-100.0,100,3303.929781
-100.0,100,3304.261453
-100.0,100,3304.598233
-100.0,100,3304.929053
-100.0,100,3305.249882
-100.0,100,3305.587887
-100.0,100,3305.916734
-100.0,100,3306.236146
-100.0,100,3306.570914
-100.0,100,3306.909222
-100.0,100,3307.230093
-100.0,100,3307.532432
-100.0,100,3308.767287
-100.0,100,3309.03059
-100.0,100,3309.293217
-100.0,100,3309.557162
-100.0,100,3309.819886
-100.0,100,3310.080417
-100.0,100,3310.35357
-100.0,100,3310.65145
-92.0,100,3310.966829
-100.0,100,3311.256281
-100.0,100,3311.569268
-100.0,100,3311.885448
-100.0,100,3312.202054
-100.0,100,3312.746004
-100.0,100,3313.064359
-100.0,100,3313.390894
-100.0,100,3313.703431
-100.0,100,3314.035531
-100.0,100,3314.372304
-100.0,100,3314.68839
-100.0,100,3314.993211
-100.0,100,3315.310996
-100.0,100,3315.627605
-100.0,100,3315.957684
-100.0,100,3316.276964
-100.0,100,3316.594991
-100.0,100,3316.927651
-100.0,100,3317.259007
-100.0,100,3317.593071
-100.0,100,3317.966743
-100.0,100,3318.308348
-100.0,100,3318.654353
-100.0,100,3319.000792
-100.0,100,3319.331141
-100.0,100,3319.638376
-100.0,100,3319.978387
-100.0,100,3320.300182
-100.0,100,3320.635306
-100.0,100,3320.971661
-100.0,100,3321.283117
-100.0,100,3321.598597
-100.0,100,3322.804833
-100.0,100,3323.05073
-100.0,100,3323.287292
-100.0,100,3323.531845
-100.0,100,3323.76522
-100.0,100,3324.012698
-100.0,100,3324.271429
-99.0,100,3324.566018
-100.0,100,3324.857741
-100.0,100,3325.147728
-100.0,100,3325.451925
-100.0,100,3325.77795
-100.0,100,3326.09301
-100.0,100,3326.41194
-100.0,100,3326.731708
-100.0,100,3327.059811
-100.0,100,3327.383929
-100.0,100,3327.71559
-100.0,100,3328.021727
-100.0,100,3328.328509
-100.0,100,3328.663443
-100.0,100,3328.99745
-100.0,100,3329.335515
-100.0,100,3329.669453
-100.0,100,3329.990144
-100.0,100,3330.286213
-100.0,100,3330.581805
-100.0,100,3330.878745
-100.0,100,3331.20085
-100.0,100,3331.521632
-100.0,100,3331.843628
-96.0,100,3332.165358
-100.0,100,3332.471502
-100.0,100,3332.807899
-100.0,100,3333.130095
-100.0,100,3333.456069
-100.0,100,3333.797868
-100.0,100,3334.093401
-100.0,100,3334.397406
-100.0,100,3334.699581
-100.0,100,3335.031932
-100.0,100,3336.373087
-100.0,100,3336.619042
-100.0,100,3336.871706
-100.0,100,3337.124976
-100.0,100,3337.376344
-100.0,100,3337.62653
-100.0,100,3337.9029
-100.0,100,3338.176677
-100.0,100,3338.449645
-100.0,100,3338.732786
-100.0,100,3339.05181
-100.0,100,3339.368963
-100.0,100,3339.674972
-100.0,100,3339.957975
-100.0,100,3340.279535
-100.0,100,3340.602557
-100.0,100,3340.934924
-100.0,100,3341.261274
-100.0,100,3341.56157
-100.0,100,3341.86239
-100.0,100,3342.181612
-100.0,100,3342.468713
-100.0,100,3342.76802
-100.0,100,3343.067894
-100.0,100,3343.398254
-100.0,100,3343.738227
-100.0,100,3344.080204
-100.0,100,3344.397202
-100.0,100,3344.712358
-100.0,100,3345.027742
-100.0,100,3345.36737
-100.0,100,3345.701254
-100.0,100,3346.03615
-100.0,100,3346.351477
-100.0,100,3346.664005
-65.0,100,3346.968661
-100.0,100,3347.276539
-100.0,100,3347.583943
-100.0,100,3347.927618
-100.0,100,3348.265432
-100.0,100,3348.588191
-100.0,100,3349.784168
-100.0,100,3350.04469
-100.0,100,3350.304349
-100.0,100,3350.532184
-100.0,100,3350.781708
-97.0,100,3351.041606
-100.0,100,3351.282831
-100.0,100,3351.534324
-100.0,100,3351.794189
-100.0,100,3352.065353
-97.0,100,3352.367211
-100.0,100,3352.670566
-100.0,100,3352.989362
-100.0,100,3353.309018
-100.0,100,3353.622738
-100.0,100,3353.944476
-100.0,100,3354.276113
-100.0,100,3354.588653
-100.0,100,3354.91543
-100.0,100,3355.242795
-100.0,100,3355.566595
-100.0,100,3355.899409
-100.0,100,3356.226808
-100.0,100,3356.554574
-94.0,100,3356.870378
-100.0,100,3357.20271
-100.0,100,3357.532267
-100.0,100,3357.858783
-100.0,100,3358.19062
-100.0,100,3358.515253
-100.0,100,3358.824341
-100.0,100,3359.121193
-100.0,100,3359.444151
-100.0,100,3359.776622
-98.0,100,3360.138934
-100.0,100,3360.462809
-100.0,100,3360.77853
-100.0,100,3361.098587
-99.0,100,3361.411289
-100.0,100,3361.747907
-100.0,100,3362.082042
-100.0,100,3363.343692
-100.0,100,3363.579866
-100.0,100,3363.811919
-100.0,100,3364.064414
-100.0,100,3364.324019
-100.0,100,3364.587461
-100.0,100,3364.833995
-100.0,100,3365.108036
-100.0,100,3365.373795
-100.0,100,3365.646866
-100.0,100,3365.952816
-95.0,100,3366.243489
-100.0,100,3366.534359
-100.0,100,3366.842348
-99.0,100,3367.124048
-100.0,100,3367.435038
-100.0,100,3367.761945
-100.0,100,3368.092256
-100.0,100,3368.415872
-100.0,100,3368.748221
-100.0,100,3369.058979
-100.0,100,3369.375738
-100.0,100,3369.712865
-100.0,100,3370.060152
-100.0,100,3370.400349
-100.0,100,3370.741442
-100.0,100,3371.07505
-100.0,100,3371.406452
-100.0,100,3371.749979
-100.0,100,3372.09298
-99.0,100,3372.435282
-100.0,100,3372.77705
-100.0,100,3373.122739
-100.0,100,3373.437439
-95.0,100,3373.749966
-89.0,100,3374.053815
-100.0,100,3374.353589
-100.0,100,3374.687648
-100.0,100,3375.018401
-93.0,100,3375.336518
-100.0,100,3375.656241
-100.0,100,3376.811189
-100.0,100,3377.035156
-100.0,100,3377.278691
-100.0,100,3377.512893
-100.0,100,3377.752264
-100.0,100,3377.985015
-100.0,100,3378.212581
-100.0,100,3378.462549
-100.0,100,3378.737461
-100.0,100,3379.01544
-97.0,100,3379.293716
-100.0,100,3379.567591
-100.0,100,3379.871294
-100.0,100,3380.172133
-100.0,100,3380.48594
-100.0,100,3380.820876
-100.0,100,3381.163077
-100.0,100,3381.469552
-98.0,100,3381.782426
-100.0,100,3382.068438
-100.0,100,3382.357709
-100.0,100,3382.646334
-100.0,100,3382.936268
-100.0,100,3383.235392
-100.0,100,3383.532187
-100.0,100,3383.820561
-100.0,100,3384.150305
-100.0,100,3384.484367
-100.0,100,3384.832671
-100.0,100,3385.17955
-97.0,100,3385.513048
-100.0,100,3385.844726
-100.0,100,3386.184437
-100.0,100,3386.497147
-100.0,100,3386.799839
-100.0,100,3387.102807
-100.0,100,3387.406044
-100.0,100,3387.711823
-100.0,100,3388.008162
-100.0,100,3388.312143
-100.0,100,3389.739197
-100.0,100,3390.003176
-100.0,100,3390.276851
-100.0,100,3390.550496
-100.0,100,3390.836949
-100.0,100,3391.117273
-100.0,100,3391.370382
-100.0,100,3391.648894
-100.0,100,3391.915617
-100.0,100,3392.188383
-100.0,100,3392.453577
-100.0,100,3392.729186
-100.0,100,3393.003317
-100.0,100,3393.294377
-100.0,100,3393.570456
-100.0,100,3393.881657
-100.0,100,3394.195247
-100.0,100,3394.519491
-100.0,100,3394.998179
-100.0,100,3395.329874
-100.0,100,3395.667245
-100.0,100,3395.98862
-96.0,100,3396.309035
-100.0,100,3396.618304
-97.0,100,3396.951331
-98.0,100,3397.288951
-100.0,100,3397.626479
-100.0,100,3397.947827
-100.0,100,3398.249716
-100.0,100,3398.565767
-100.0,100,3398.880872
-98.0,100,3399.19401
-100.0,100,3399.521664
-100.0,100,3399.849705
-100.0,100,3400.157827
-100.0,100,3400.468594
-100.0,100,3400.771728
-100.0,100,3401.080188
-100.0,100,3401.388031
-100.0,100,3401.714581
-100.0,100,3402.078106
-100.0,100,3403.327075
-100.0,100,3403.574352
-100.0,100,3403.800388
-100.0,100,3404.037426
-100.0,100,3404.296677
-100.0,100,3404.55561
-100.0,100,3404.811804
-100.0,100,3405.080283
-100.0,100,3405.374953
-100.0,100,3405.644281
-99.0,100,3405.948697
-100.0,100,3406.232454
-100.0,100,3406.547417
-100.0,100,3406.874275
-100.0,100,3407.179157
-100.0,100,3407.478003
-91.0,100,3407.760383
-100.0,100,3408.101157
-100.0,100,3408.401197
-96.0,100,3408.724207
-100.0,100,3409.037309
-100.0,100,3409.36271
-100.0,100,3409.695184
-100.0,100,3410.027914
-100.0,100,3410.349606
-100.0,100,3410.653713
-100.0,100,3410.988065
-100.0,100,3411.299884
-100.0,100,3411.599592
-100.0,100,3411.899058
-91.0,100,3412.205794
-100.0,100,3412.535745
-100.0,100,3412.869451
-100.0,100,3413.203881
-100.0,100,3413.538716
-100.0,100,3413.874694
-100.0,100,3414.203697
-100.0,100,3414.549945
-100.0,100,3414.890841
-100.0,100,3415.233335
-100.0,100,3415.580702
-100.0,100,3416.863643
-100.0,100,3417.095882
-100.0,100,3417.32795
-100.0,100,3417.565849
-100.0,100,3417.796099
-100.0,100,3418.042144
-100.0,100,3418.289317
-100.0,100,3418.524986
-100.0,100,3418.780018
-100.0,100,3419.062774
-100.0,100,3419.357719
-100.0,100,3419.669824
-100.0,100,3419.990206
-100.0,100,3420.309459
-100.0,100,3420.5983
-100.0,100,3420.890025
-96.0,100,3421.209753
-100.0,100,3421.527838
-100.0,100,3421.819007
-100.0,100,3422.145096
-100.0,100,3422.465789
-100.0,100,3422.812219
-100.0,100,3423.126422
-100.0,100,3423.448977
-100.0,100,3423.793083
-100.0,100,3424.108384
-100.0,100,3424.448298
-100.0,100,3424.790978
-100.0,100,3425.173411
-100.0,100,3425.508778
-100.0,100,3425.824841
-100.0,100,3426.203649
-100.0,100,3426.530051
-100.0,100,3426.828018
-87.0,100,3427.121123
-100.0,100,3427.418834
-100.0,100,3427.706455
-100.0,100,3428.015795
-100.0,100,3428.337979
-100.0,100,3428.68402
-100.0,100,3428.996479
-100.0,100,3430.276906
-98.0,100,3430.563666
-100.0,100,3430.815167
-100.0,100,3431.056358
-100.0,100,3431.299575
-100.0,100,3431.543167
-100.0,100,3431.786224
-100.0,100,3432.033025
-100.0,100,3432.275879
-100.0,100,3432.520123
-100.0,100,3432.759356
-100.0,100,3432.993219
-100.0,100,3433.239828
-100.0,100,3433.470633
-100.0,100,3433.7084
-100.0,100,3433.965146
-100.0,100,3434.230615
-100.0,100,3434.489889
-100.0,100,3434.773823
-100.0,100,3435.039312
-80.0,100,3435.322995
-100.0,100,3435.59361
-100.0,100,3435.861713
-100.0,100,3436.133792
-100.0,100,3436.422951
-100.0,100,3436.704614
-100.0,100,3437.012771
-100.0,100,3437.319247
-100.0,100,3437.643643
-100.0,100,3437.965298
-97.0,100,3438.289623
-100.0,100,3438.618398
-100.0,100,3438.941189
-100.0,100,3439.243431
-100.0,100,3439.561545
-100.0,100,3439.87457
-100.0,100,3440.187907
-100.0,100,3440.510608
-100.0,100,3440.815623
-99.0,100,3441.127092
-100.0,100,3441.431191
-100.0,100,3442.508409
-100.0,100,3442.728195
-100.0,100,3442.948933
-100.0,100,3443.175688
-100.0,100,3443.396942
-100.0,100,3443.639813
-100.0,100,3443.894627
-98.0,100,3444.174201
-100.0,100,3444.464579
-100.0,100,3444.745512
-100.0,100,3445.030519
-100.0,100,3445.302914
-100.0,100,3445.567056
-100.0,100,3445.866598
-100.0,100,3446.16419
-100.0,100,3446.472621
-100.0,100,3446.78655
-100.0,100,3447.100515
-100.0,100,3447.385396
-100.0,100,3447.651584
-100.0,100,3447.925124
-100.0,100,3448.241058
-100.0,100,3448.582522
-100.0,100,3448.870113
-100.0,100,3449.197232
-100.0,100,3449.571191
-96.0,100,3449.947534
-100.0,100,3450.231341
-100.0,100,3450.5746
-100.0,100,3450.898851
-100.0,100,3451.187855
-100.0,100,3451.484725
