#{"t_start": 1787311566.162663, "env_id": "HandManipulateBlockRotateZ-v1"}
r,l,t
-100.0,100,2.487107
-100.0,100,2.61784
-100.0,100,2.760038
-100.0,100,2.894442
-100.0,100,3.034214
-100.0,100,3.172828
-100.0,100,3.315956
-100.0,100,3.44843
-100.0,100,3.583544
-100.0,100,3.717427
-100.0,100,3.846408
-96.0,100,3.979245
-100.0,100,4.144362
-100.0,100,4.278445
-100.0,100,4.412062
-100.0,100,4.542855
-100.0,100,4.680779
-100.0,100,4.814042
-100.0,100,4.949881
-100.0,100,5.086569
-100.0,100,5.225136
-100.0,100,5.360155
-100.0,100,5.496115
-94.0,100,5.6289
-100.0,100,5.767791
-100.0,100,5.909747
-100.0,100,6.040516
-100.0,100,6.173001
-100.0,100,6.311061
-100.0,100,6.442641
-100.0,100,6.571209
-100.0,100,6.701998
-100.0,100,6.83664
-97.0,100,6.980964
-100.0,100,7.119534
-100.0,100,7.25249
-100.0,100,7.392844
-100.0,100,7.527527
-100.0,100,7.660601
-100.0,100,7.797659
-100.0,100,7.937387
-100.0,100,8.066548
-100.0,100,8.200652
-100.0,100,8.331859
-100.0,100,8.467361
-95.0,100,8.598737
-100.0,100,8.727953
-100.0,100,8.859984
-100.0,100,8.995938
-100.0,100,9.138792
-100.0,100,9.269953
-100.0,100,9.39813
-100.0,100,9.53332
-100.0,100,9.666688
-100.0,100,9.797932
-93.0,100,9.933473
-100.0,100,10.078962
-100.0,100,10.211705
-100.0,100,10.345713
-100.0,100,10.474654
-100.0,100,10.611793
-100.0,100,10.740878
-100.0,100,10.877816
-100.0,100,11.011069
-100.0,100,11.151159
-100.0,100,11.287178
-100.0,100,11.419585
-100.0,100,11.550974
-100.0,100,11.688939
-100.0,100,11.823482
-100.0,100,11.961419
-100.0,100,12.095521
-100.0,100,12.231612
-92.0,100,12.363853
-100.0,100,12.497823
-100.0,100,12.632658
-100.0,100,12.80075
-100.0,100,12.933212
-100.0,100,13.065454
-100.0,100,13.201233
-100.0,100,13.350549
-100.0,100,13.479546
-100.0,100,13.612903
-100.0,100,13.744961
-100.0,100,13.885418
-100.0,100,14.020869
-100.0,100,14.15675
-100.0,100,14.292027
-100.0,100,14.433965
-100.0,100,14.567236
-100.0,100,14.699492
-100.0,100,14.838472
-100.0,100,14.977944
-100.0,100,15.111808
-100.0,100,15.247341
-100.0,100,15.385029
-100.0,100,15.543508
-100.0,100,15.690917
-100.0,100,15.825375
-100.0,100,15.953432
-100.0,100,17.966329
-100.0,100,19.349827
-100.0,100,20.804807
-100.0,100,22.213635
-100.0,100,23.706442
-95.0,100,25.24554
-100.0,100,26.61589
-100.0,100,28.091638
-100.0,100,29.515054
-100.0,100,30.928418
-100.0,100,32.377702
-100.0,100,33.894135
-96.0,100,35.463582
-100.0,100,36.902438
-100.0,100,38.322228
-100.0,100,39.751794
-100.0,100,41.198978
-100.0,100,42.781206
-100.0,100,44.346665
-100.0,100,45.773814
-100.0,100,47.062646
-94.0,100,48.366914
-100.0,100,49.90486
-100.0,100,51.492421
-100.0,100,53.0516
-100.0,100,54.529626
-100.0,100,55.863929
-100.0,100,57.342744
-100.0,100,58.711257
-100.0,100,60.334591
-100.0,100,61.904775
-100.0,100,63.402236
-100.0,100,64.644845
-100.0,100,65.937583
-100.0,100,67.324612
-100.0,100,68.919613
-100.0,100,70.325434
-98.0,100,71.986554
-100.0,100,73.436641
-100.0,100,74.870868
-100.0,100,76.361538
-100.0,100,77.829417
-100.0,100,79.320719
-100.0,100,80.736339
-100.0,100,82.282814
-100.0,100,83.668264
-100.0,100,85.167558
-100.0,100,86.555954
-100.0,100,88.100457
-100.0,100,89.623486
-98.0,100,91.055627
-100.0,100,92.535181
-100.0,100,93.906798
-100.0,100,95.392751
-100.0,100,96.822673
-100.0,100,98.579783
-100.0,100,100.413025
-100.0,100,101.816396
-100.0,100,103.185177
-100.0,100,104.426097
-100.0,100,106.051498
-100.0,100,107.669929
-100.0,100,109.336539
-100.0,100,110.771357
-100.0,100,112.099913
-100.0,100,113.326516
-100.0,100,114.700674
-100.0,100,116.213273
-100.0,100,117.807927
-100.0,100,119.280395
-100.0,100,120.65672
-100.0,100,122.002622
-100.0,100,123.434389
-100.0,100,125.048188
-98.0,100,126.648621
-100.0,100,128.183866
-100.0,100,129.67371
-100.0,100,131.139283
-100.0,100,132.724749
-100.0,100,134.150641
-100.0,100,135.715132
-100.0,100,137.308885
-100.0,100,138.842875
-100.0,100,140.248918
-100.0,100,141.79724
-100.0,100,143.393971
-100.0,100,144.972336
-100.0,100,146.73259
-100.0,100,148.270228
-100.0,100,149.804701
-100.0,100,151.314603
-100.0,100,152.934335
-100.0,100,154.712558
-100.0,100,156.35612
-100.0,100,157.779571
-100.0,100,159.230173
-100.0,100,160.468115
-100.0,100,162.00825
-99.0,100,163.595488
-100.0,100,165.195277
-100.0,100,166.753678
-100.0,100,168.25866
-100.0,100,169.588475
-100.0,100,171.263731
-100.0,100,172.954986
-100.0,100,174.501771
-100.0,100,175.887444
-100.0,100,177.228183
-100.0,100,178.634517
-90.0,100,180.189093
-100.0,100,181.706612
-100.0,100,183.179715
-100.0,100,184.831742
-100.0,100,186.280783
-100.0,100,187.722038
-100.0,100,189.129996
-100.0,100,190.593826
-100.0,100,191.982044
-100.0,100,193.522468
-100.0,100,194.997241
-100.0,100,196.413065
-100.0,100,197.836248
-100.0,100,199.326255
-100.0,100,200.91875
-100.0,100,202.389296
-100.0,100,203.922465
-100.0,100,205.402076
-100.0,100,206.725653
-100.0,100,208.272212
-100.0,100,209.822042
-100.0,100,211.393615
-100.0,100,212.723742
-100.0,100,214.031109
-100.0,100,215.267955
-100.0,100,216.805809
-100.0,100,218.412403
-100.0,100,220.015042
-100.0,100,221.458897
-100.0,100,222.848807
-100.0,100,224.421234
-98.0,100,225.726617
-100.0,100,227.32592
-100.0,100,229.098943
-99.0,100,230.643329
-100.0,100,231.990757
-100.0,100,233.506479
-100.0,100,234.8987
-100.0,100,236.5989
-100.0,100,238.276224
-100.0,100,239.843495
-100.0,100,241.604278
-100.0,100,242.984498
-100.0,100,244.72591
-100.0,100,246.387267
-100.0,100,248.008953
-100.0,100,249.487806
-100.0,100,250.877832
-100.0,100,252.424617
-100.0,100,254.018206
-100.0,100,255.583081
-100.0,100,257.356705
-100.0,100,258.938717
-97.0,100,260.390315
-100.0,100,261.715332
-100.0,100,263.157382
-100.0,100,264.823117
-100.0,100,266.446821
-100.0,100,267.88834
-100.0,100,269.123576
-100.0,100,270.391392
-100.0,100,271.771237
-100.0,100,273.285378
-100.0,100,274.72536
-87.0,100,276.28226
-100.0,100,277.717647
-100.0,100,279.14258
-100.0,100,280.490752
-100.0,100,281.935763
-100.0,100,283.522418
-100.0,100,285.104836
-100.0,100,286.57284
-100.0,100,287.9437
-100.0,100,289.531291
-100.0,100,291.101291
-100.0,100,292.707744
-100.0,100,294.248245
-100.0,100,295.648724
-100.0,100,297.129474
-71.0,100,298.485309
-100.0,100,299.988465
-100.0,100,301.418068
-100.0,100,302.868396
-100.0,100,304.390058
-100.0,100,305.727581
-100.0,100,307.227142
-100.0,100,308.792386
-100.0,100,310.144887
-100.0,100,311.677096
-100.0,100,313.180865
-100.0,100,314.579534
-79.0,100,316.076773
-100.0,100,317.582694
-100.0,100,319.050478
-100.0,100,320.696673
-100.0,100,322.176155
-99.0,100,323.6026
-100.0,100,325.14275
-100.0,100,326.554116
-100.0,100,328.217661
-67.0,100,329.800153
-100.0,100,331.283136
-100.0,100,332.617623
-100.0,100,333.892964
-66.0,100,335.249501
-100.0,100,336.83953
-42.0,100,338.376126
-100.0,100,339.736349
-63.0,100,341.293864
-100.0,100,342.740438
-100.0,100,344.155154
-100.0,100,345.766202
-100.0,100,347.289633
-99.0,100,348.844542
-100.0,100,350.331199
-90.0,100,351.786632
-95.0,100,353.343167
-100.0,100,354.781101
-100.0,100,356.250778
-100.0,100,357.839884
-100.0,100,359.282932
-88.0,100,360.686289
-100.0,100,362.213576
-100.0,100,363.765321
-100.0,100,365.164208
-100.0,100,366.776723
-100.0,100,368.208705
-100.0,100,369.664856
-94.0,100,371.045683
-100.0,100,372.562611
-74.0,100,374.198814
-100.0,100,375.806163
-100.0,100,377.248924
-100.0,100,378.752467
-100.0,100,380.236833
-100.0,100,381.642926
-100.0,100,383.298892
-100.0,100,385.036634
-100.0,100,386.506291
-100.0,100,387.9358
-99.0,100,389.259072
-100.0,100,390.657648
-100.0,100,392.082205
-98.0,100,393.644101
-100.0,100,395.141276
-100.0,100,396.557839
-100.0,100,398.047284
-100.0,100,399.443091
-100.0,100,400.946266
-100.0,100,402.335056
-100.0,100,403.927092
-100.0,100,405.461728
-100.0,100,406.940378
-100.0,100,408.334671
-100.0,100,409.914986
-100.0,100,411.499575
-100.0,100,413.004815
-100.0,100,414.346153
-100.0,100,415.824298
-54.0,100,417.359617
-100.0,100,418.894778
-100.0,100,420.671423
-100.0,100,422.413668
-100.0,100,423.944549
-100.0,100,425.289471
-100.0,100,426.734645
-100.0,100,428.312745
-100.0,100,429.875881
-100.0,100,431.443367
-100.0,100,432.772682
-100.0,100,434.146663
-100.0,100,435.692472
-100.0,100,437.306987
-100.0,100,438.751423
-100.0,100,440.212532
-100.0,100,441.733692
-86.0,100,443.094626
-100.0,100,444.547029
-100.0,100,445.917441
-100.0,100,447.45923
-100.0,100,448.984688
-100.0,100,450.429653
-100.0,100,451.97492
-100.0,100,453.349215
-100.0,100,454.879874
-100.0,100,456.633202
-100.0,100,458.194922
-100.0,100,459.695076
-100.0,100,461.081808
-100.0,100,462.592098
-100.0,100,463.972759
-100.0,100,465.496648
-100.0,100,467.045465
-100.0,100,468.40875
-100.0,100,469.937475
-100.0,100,471.471509
-100.0,100,472.987644
-100.0,100,474.401669
-100.0,100,476.108523
-10.0,100,477.695049
-100.0,100,479.107389
-100.0,100,480.356617
-100.0,100,481.602405
-100.0,100,483.131667
-100.0,100,484.743312
-100.0,100,486.199646
-100.0,100,487.61149
-100.0,100,489.239986
-100.0,100,490.816724
-100.0,100,492.467389
-100.0,100,494.067905
-100.0,100,495.69204
-100.0,100,497.191787
-83.0,100,498.538042
-100.0,100,500.064069
-100.0,100,501.69397
-100.0,100,503.321676
-100.0,100,504.81885
-100.0,100,506.565226
-100.0,100,508.013243
-100.0,100,509.483072
-100.0,100,510.971667
-100.0,100,512.482771
-36.0,100,514.119386
-100.0,100,515.690434
-100.0,100,517.167189
-100.0,100,518.790306
-100.0,100,520.428237
-100.0,100,522.0362
-100.0,100,523.457241
-100.0,100,524.963348
-100.0,100,526.546838
-100.0,100,528.020228
-100.0,100,529.392209
-100.0,100,531.037154
-100.0,100,532.761758
-100.0,100,534.306044
-100.0,100,535.565721
-100.0,100,536.986198
-100.0,100,538.380456
-100.0,100,539.876752
-100.0,100,541.479841
-100.0,100,543.038252
-100.0,100,544.456684
-100.0,100,545.867044
-100.0,100,547.250089
-100.0,100,548.793539
-48.0,100,550.378421
-100.0,100,551.947262
-100.0,100,553.410095
-100.0,100,554.775594
-100.0,100,556.343804
-100.0,100,557.869874
-100.0,100,559.306918
-100.0,100,560.874747
-99.0,100,562.437826
-100.0,100,563.836157
-100.0,100,565.265093
-100.0,100,566.682773
-100.0,100,568.268939
-100.0,100,569.827599
-100.0,100,571.541033
-100.0,100,573.22069
-3.0,100,574.711664
-100.0,100,576.16252
-100.0,100,577.785746
-100.0,100,579.36096
-100.0,100,580.916011
-100.0,100,582.31217
-100.0,100,583.571347
-74.0,100,585.29505
-100.0,100,586.916023
-100.0,100,588.533271
-100.0,100,590.232023
-100.0,100,591.539648
-100.0,100,592.809932
-62.0,100,594.161501
-100.0,100,595.719641
-100.0,100,597.351483
-100.0,100,598.932028
-100.0,100,600.375504
-63.0,100,601.863609
-100.0,100,603.500299
-100.0,100,605.267553
-100.0,100,606.894601
-100.0,100,608.462662
-100.0,100,610.004555
-100.0,100,611.461278
-100.0,100,613.00115
-100.0,100,614.607899
-100.0,100,616.221965
-100.0,100,619.203635
-100.0,100,620.694367
-100.0,100,622.080419
-11.0,100,623.616904
-100.0,100,625.23259
-100.0,100,626.748755
-100.0,100,628.114677
-100.0,100,629.620907
-77.0,100,631.066884
-100.0,100,632.524219
-100.0,100,633.931099
-100.0,100,635.449584
-100.0,100,636.896454
-100.0,100,638.298478
-100.0,100,639.545827
-100.0,100,640.925896
-100.0,100,642.5097
-100.0,100,644.190256
-100.0,100,645.693456
-100.0,100,647.05939
-100.0,100,648.420047
-100.0,100,649.794291
-100.0,100,651.417391
-100.0,100,653.043392
-100.0,100,654.654405
-100.0,100,656.103559
-100.0,100,657.324965
-20.0,100,658.615161
-100.0,100,660.145013
-100.0,100,661.724101
-100.0,100,663.261682
-100.0,100,664.564388
-100.0,100,666.054526
-4.0,100,667.437116
-100.0,100,668.916813
-100.0,100,670.369827
-100.0,100,671.789174
-100.0,100,673.331769
-100.0,100,674.689852
-100.0,100,676.151678
-6.0,100,677.645904
-100.0,100,679.114907
-100.0,100,680.736256
-100.0,100,682.376091
-100.0,100,683.811571
-100.0,100,685.333663
-100.0,100,686.797994
-100.0,100,688.261683
-100.0,100,689.887
-100.0,100,691.556261
-100.0,100,692.898556
-100.0,100,694.180254
-100.0,100,695.563096
-100.0,100,697.138232
-100.0,100,698.735486
-100.0,100,700.242265
-48.0,100,701.633479
-100.0,100,703.180402
-100.0,100,704.635736
-100.0,100,706.059799
-100.0,100,707.672586
-100.0,100,709.245373
-38.0,100,710.667361
-100.0,100,711.918849
-100.0,100,713.443667
-100.0,100,714.83803
-100.0,100,716.418157
-100.0,100,717.998531
-100.0,100,719.529291
-100.0,100,720.935738
-100.0,100,722.402661
-100.0,100,723.840755
-100.0,100,725.413253
-100.0,100,726.985277
-54.0,100,728.504993
-93.0,100,729.903801
-100.0,100,731.437704
-100.0,100,732.989884
-100.0,100,734.582708
-100.0,100,736.001102
-100.0,100,737.479897
-100.0,100,738.920186
-90.0,100,740.370595
-100.0,100,741.944893
-2.0,100,743.374002
-100.0,100,744.863694
-100.0,100,746.283993
-100.0,100,747.716333
-100.0,100,749.158409
-100.0,100,750.605855
-100.0,100,752.217926
-100.0,100,753.891586
-99.0,100,755.440453
-100.0,100,756.921458
-100.0,100,758.30977
-100.0,100,759.674704
-100.0,100,761.21807
-100.0,100,762.796032
-100.0,100,764.281101
-100.0,100,765.937512
-100.0,100,767.496554
-100.0,100,769.049209
-100.0,100,770.558119
-21.0,100,771.944407
-100.0,100,773.854823
-23.0,100,775.387911
-100.0,100,776.89671
-100.0,100,778.322782
-100.0,100,779.913454
-100.0,100,781.46112
-100.0,100,783.038902
-100.0,100,784.448284
-100.0,100,785.903639
-100.0,100,787.401106
-100.0,100,788.792395
-100.0,100,790.494767
-51.0,100,792.068766
-100.0,100,793.476469
-100.0,100,794.974546
-100.0,100,796.427129
-22.0,100,797.913461
-100.0,100,799.705083
-100.0,100,801.223215
-37.0,100,802.447878
-100.0,100,803.728039
-100.0,100,804.961374
-25.0,100,806.339546
-100.0,100,807.903761
-100.0,100,809.503971
-100.0,100,810.998573
-100.0,100,812.396754
-100.0,100,813.697927
-100.0,100,815.014562
-100.0,100,816.587828
-90.0,100,817.980599
-100.0,100,819.467319
-20.0,100,820.721432
-100.0,100,821.96807
-100.0,100,823.194907
-100.0,100,824.905443
-100.0,100,826.485374
-100.0,100,827.858616
-100.0,100,829.385775
-100.0,100,830.826942
-100.0,100,832.315392
-72.0,100,833.894062
-100.0,100,835.452864
-100.0,100,837.016868
-94.0,100,838.575917
-100.0,100,839.924485
-100.0,100,841.428461
-26.0,100,843.007082
-100.0,100,844.804868
-22.0,100,846.365256
-100.0,100,847.79256
-65.0,100,849.275117
-100.0,100,850.734565
-81.0,100,852.176596
-100.0,100,853.746927
-4.0,100,855.361481
-23.0,100,857.157795
-100.0,100,858.567156
-100.0,100,859.98361
-100.0,100,861.580211
-100.0,100,863.054836
-100.0,100,864.541075
-100.0,100,866.069232
-100.0,100,867.567135
-100.0,100,868.999967
-100.0,100,870.443568
-100.0,100,871.878632
-100.0,100,873.463475
-100.0,100,875.039727
-2.0,100,876.436809
-100.0,100,877.875196
-100.0,100,879.415154
-100.0,100,881.014112
-100.0,100,882.526559
-100.0,100,883.914525
-100.0,100,885.372288
-100.0,100,886.747658
-100.0,100,888.266325
-100.0,100,889.719824
-100.0,100,891.198388
-100.0,100,892.762483
-100.0,100,894.203241
-100.0,100,895.597333
-100.0,100,897.132232
-100.0,100,898.552669
-100.0,100,900.046718
-100.0,100,901.745212
-100.0,100,903.246482
-100.0,100,904.627417
-99.0,100,906.154862
-100.0,100,907.610935
-100.0,100,909.017297
-100.0,100,910.600996
-100.0,100,912.004897
-100.0,100,913.323419
-100.0,100,914.833709
-97.0,100,916.238572
-100.0,100,917.826183
-100.0,100,919.279172
-100.0,100,920.877096
-34.0,100,922.456023
-100.0,100,923.913761
-100.0,100,925.381472
-100.0,100,927.154716
-100.0,100,928.75405
-100.0,100,930.246031
-3.0,100,931.527142
-100.0,100,933.193201
-100.0,100,934.605626
-100.0,100,936.074005
-100.0,100,937.66941
-62.0,100,939.221217
-100.0,100,940.620274
-100.0,100,942.146547
-64.0,100,943.622667
-100.0,100,944.991861
-100.0,100,946.58435
-100.0,100,948.170519
-100.0,100,949.55614
-100.0,100,951.036851
-100.0,100,952.469858
-100.0,100,953.987775
-75.0,100,955.61309
-100.0,100,957.19503
-100.0,100,958.655006
-100.0,100,960.106987
-100.0,100,961.436075
-100.0,100,962.914498
-100.0,100,964.5486
-100.0,100,965.948224
-100.0,100,967.329357
-100.0,100,968.597361
-7.0,100,969.825526
-6.0,100,971.239635
-100.0,100,972.849822
-100.0,100,974.611813
-100.0,100,976.11537
-48.0,100,977.337881
-100.0,100,978.67745
-100.0,100,979.976395
-45.0,100,981.593833
-100.0,100,983.140408
-100.0,100,984.667312
-100.0,100,986.07767
-100.0,100,987.583465
-100.0,100,988.978833
-100.0,100,990.833994
-100.0,100,992.258169
-100.0,100,993.747185
-100.0,100,995.238463
-100.0,100,996.639991
-100.0,100,998.19391
-100.0,100,999.794264
-100.0,100,1001.228725
-100.0,100,1002.719662
-100.0,100,1004.223714
-100.0,100,1005.597675
-100.0,100,1007.110918
-100.0,100,1008.606837
-100.0,100,1010.058358
-100.0,100,1011.679789
-100.0,100,1013.112028
-100.0,100,1014.506544
-100.0,100,1015.874578
-100.0,100,1017.370308
-100.0,100,1018.919316
-100.0,100,1020.561298
-100.0,100,1021.958826
-100.0,100,1023.219171
-100.0,100,1024.56938
-70.0,100,1026.088687
-20.0,100,1027.732062
-100.0,100,1029.326967
-100.0,100,1030.774157
-100.0,100,1032.227937
-98.0,100,1033.587043
-100.0,100,1034.947392
-100.0,100,1036.491189
-100.0,100,1037.892567
-100.0,100,1039.367689
-100.0,100,1040.860698
-100.0,100,1042.229403
-100.0,100,1043.791829
-100.0,100,1045.38447
-100.0,100,1046.84641
-100.0,100,1048.26717
-100.0,100,1049.772928
-100.0,100,1051.155512
-100.0,100,1052.701149
-100.0,100,1054.183572
-100.0,100,1055.598541
-100.0,100,1057.17345
-100.0,100,1058.607149
-100.0,100,1059.996066
-100.0,100,1061.422923
-14.0,100,1062.880802
-18.0,100,1064.466024
-18.0,100,1065.864913
-100.0,100,1067.28755
-100.0,100,1068.715292
-100.0,100,1070.208312
-100.0,100,1071.802909
-100.0,100,1073.375028
-100.0,100,1074.933293
-100.0,100,1076.500229
-100.0,100,1077.758045
-34.0,100,1079.03933
-100.0,100,1080.363445
-100.0,100,1081.931665
-100.0,100,1083.423036
-98.0,100,1084.85898
-21.0,100,1086.19416
-100.0,100,1087.654558
-100.0,100,1089.031962
-100.0,100,1090.631538
-100.0,100,1092.175885
-100.0,100,1093.916421
-100.0,100,1095.429948
-32.0,100,1096.819889
-100.0,100,1098.350074
-100.0,100,1099.910371
-5.0,100,1101.362931
-100.0,100,1102.811945
-100.0,100,1104.330926
-8.0,100,1105.714627
-100.0,100,1107.226931
-99.0,100,1108.784391
-100.0,100,1110.336721
-88.0,100,1111.829503
-100.0,100,1113.237905
-100.0,100,1114.787362
-100.0,100,1116.350978
-100.0,100,1117.940683
-100.0,100,1119.452274
-60.0,100,1120.881768
-48.0,100,1122.391274
-100.0,100,1123.783931
-47.0,100,1125.287738
-100.0,100,1126.682377
-100.0,100,1128.34197
-1.0,100,1130.03082
-100.0,100,1131.54137
-33.0,100,1132.816256
-100.0,100,1134.100674
-13.0,100,1135.598493
-100.0,100,1137.189626
-100.0,100,1138.773075
-17.0,100,1140.25023
-100.0,100,1141.653538
-100.0,100,1143.0163
-100.0,100,1144.368563
-100.0,100,1146.007989
-19.0,100,1147.834189
-100.0,100,1149.456513
-100.0,100,1150.994201
-3.0,100,1152.4193
-100.0,100,1154.031813
-100.0,100,1155.58027
-100.0,100,1157.200507
-100.0,100,1158.816993
-100.0,100,1160.210737
-100.0,100,1161.692757
-100.0,100,1163.2429
-100.0,100,1164.807361
-100.0,100,1166.368321
-20.0,100,1167.86002
-100.0,100,1169.315286
-100.0,100,1170.729262
-100.0,100,1172.274086
-100.0,100,1173.822899
-100.0,100,1175.238325
-7.0,100,1176.840197
-100.0,100,1178.36837
-100.0,100,1179.812848
-100.0,100,1181.201901
-2.0,100,1182.81759
-95.0,100,1184.469701
-100.0,100,1186.055106
-32.0,100,1187.267369
-100.0,100,1188.505893
-100.0,100,1189.95259
-100.0,100,1191.618403
-100.0,100,1193.272158
-100.0,100,1194.979101
-100.0,100,1196.547271
-100.0,100,1198.065852
-100.0,100,1199.296432
-100.0,100,1200.868062
-100.0,100,1202.503617
-74.0,100,1204.062249
-100.0,100,1205.453962
-100.0,100,1207.007621
-100.0,100,1208.578109
-82.0,100,1210.134884
-100.0,100,1211.695864
-100.0,100,1213.282565
-100.0,100,1214.879412
-100.0,100,1216.385763
-100.0,100,1217.780027
-100.0,100,1219.407776
-100.0,100,1221.038403
-72.0,100,1222.62905
-100.0,100,1224.042115
-100.0,100,1225.497705
-4.0,100,1226.971449
-92.0,100,1228.41948
-100.0,100,1230.162573
-100.0,100,1231.734558
-83.0,100,1233.251786
-100.0,100,1234.600284
-100.0,100,1236.446928
-100.0,100,1238.023139
-100.0,100,1239.449107
-100.0,100,1240.947396
-100.0,100,1242.517078
-100.0,100,1243.954273
-100.0,100,1245.394124
-100.0,100,1246.848531
-100.0,100,1248.476907
-100.0,100,1250.080625
-9.0,100,1251.515819
-100.0,100,1252.876414
-8.0,100,1254.211491
-22.0,100,1255.661283
-100.0,100,1257.216969
-100.0,100,1258.679463
-100.0,100,1260.111046
-100.0,100,1261.626885
-84.0,100,1263.042877
-100.0,100,1264.484684
-100.0,100,1265.959408
-100.0,100,1267.345564
-100.0,100,1268.781178
-7.0,100,1270.226042
-100.0,100,1271.75217
-100.0,100,1273.092499
-100.0,100,1274.588627
-100.0,100,1276.082944
-100.0,100,1277.467564
-61.0,100,1278.957086
-80.0,100,1280.337106
-6.0,100,1281.873564
-100.0,100,1283.333941
-100.0,100,1284.83036
-9.0,100,1286.230484
-100.0,100,1287.667219
-14.0,100,1289.167623
-100.0,100,1290.526701
-100.0,100,1291.990168
-2.0,100,1293.755172
-100.0,100,1295.381346
-100.0,100,1296.847988
-100.0,100,1298.227692
-100.0,100,1299.708135
-100.0,100,1301.025939
-77.0,100,1302.54274
-100.0,100,1304.004635
-100.0,100,1305.411704
-100.0,100,1306.838602
-100.0,100,1308.047871
-100.0,100,1309.556785
-100.0,100,1310.921098
-100.0,100,1312.417482
-42.0,100,1313.945109
0.0,100,1315.327314
-100.0,100,1316.811047
-100.0,100,1318.298127
0.0,100,1319.761358
-100.0,100,1321.298682
-35.0,100,1322.822273
-100.0,100,1324.207391
-100.0,100,1325.678034
-98.0,100,1327.033828
0.0,100,1328.538966
-100.0,100,1330.111603
-2.0,100,1331.536838
-100.0,100,1332.998453
-100.0,100,1334.398131
-100.0,100,1335.833818
-100.0,100,1337.395135
-4.0,100,1338.937272
-100.0,100,1340.33865
-100.0,100,1341.80516
-76.0,100,1343.097605
-100.0,100,1344.54442
-35.0,100,1346.074106
-100.0,100,1347.458093
-100.0,100,1348.995881
-3.0,100,1350.416181
-100.0,100,1351.840886
-60.0,100,1353.26808
-97.0,100,1354.628303
-60.0,100,1356.07631
-100.0,100,1357.498641
-100.0,100,1359.269321
-100.0,100,1360.825675
-100.0,100,1363.780526
-100.0,100,1365.361497
-73.0,100,1366.863321
-100.0,100,1368.360755
-6.0,100,1369.938419
-32.0,100,1371.390002
-100.0,100,1372.776983
-52.0,100,1374.228979
-3.0,100,1375.69532
-100.0,100,1377.242246
-33.0,100,1378.746603
-41.0,100,1380.098809
-100.0,100,1381.658916
-100.0,100,1383.116986
-100.0,100,1384.532604
-100.0,100,1386.076106
-100.0,100,1387.522469
-100.0,100,1388.970142
-100.0,100,1390.414804
-100.0,100,1391.796773
-87.0,100,1393.342724
-100.0,100,1394.741255
-2.0,100,1396.310159
-48.0,100,1397.70214
-100.0,100,1399.066571
-24.0,100,1400.352474
-100.0,100,1401.87288
-100.0,100,1403.377787
-100.0,100,1404.980183
-100.0,100,1406.550853
-100.0,100,1407.979883
-4.0,100,1409.44943
-7.0,100,1410.720458
0.0,100,1412.261537
-4.0,100,1413.84233
-100.0,100,1415.360883
-3.0,100,1416.825734
-100.0,100,1418.273247
-100.0,100,1419.650321
-100.0,100,1421.163569
-41.0,100,1422.568674
-34.0,100,1424.092533
-100.0,100,1425.530378
-95.0,100,1426.974561
-100.0,100,1428.546588
-100.0,100,1429.955738
-3.0,100,1431.504659
-77.0,100,1433.05386
-100.0,100,1434.569832
-71.0,100,1435.993616
-100.0,100,1437.481131
-100.0,100,1438.847365
-23.0,100,1440.685449
-100.0,100,1442.230364
-100.0,100,1443.682212
-100.0,100,1444.90885
-100.0,100,1446.184799
-100.0,100,1447.576193
-100.0,100,1449.129467
-100.0,100,1450.723767
-100.0,100,1452.232858
-100.0,100,1453.588876
-13.0,100,1454.892886
-60.0,100,1456.174603
-100.0,100,1457.542871
-54.0,100,1459.140116
-82.0,100,1460.613309
-100.0,100,1462.093899
-100.0,100,1463.694371
-100.0,100,1465.19963
-100.0,100,1466.660562
-100.0,100,1468.239303
-88.0,100,1469.841951
-100.0,100,1471.525206
-37.0,100,1472.911357
-100.0,100,1474.456703
-28.0,100,1476.048102
-100.0,100,1477.621871
-100.0,100,1479.055336
-100.0,100,1480.583884
-34.0,100,1482.027912
-100.0,100,1483.435798
-97.0,100,1484.87192
-100.0,100,1486.294085
-1.0,100,1487.861101
-4.0,100,1489.490449
-100.0,100,1490.984194
-100.0,100,1492.353953
-100.0,100,1493.828062
-14.0,100,1495.316271
-14.0,100,1496.926779
-100.0,100,1498.532291
-100.0,100,1499.749392
-100.0,100,1501.020766
-100.0,100,1502.429527
-100.0,100,1504.022695
-64.0,100,1505.577665
-100.0,100,1507.190534
-100.0,100,1508.516745
-23.0,100,1509.761372
-3.0,100,1511.014331
-4.0,100,1512.518274
-69.0,100,1514.008357
-100.0,100,1515.641788
-100.0,100,1517.160374
-85.0,100,1518.565935
-100.0,100,1520.023124
-100.0,100,1521.284113
-100.0,100,1522.827776
-42.0,100,1524.197366
-100.0,100,1525.763717
-100.0,100,1527.227653
-100.0,100,1528.662177
-100.0,100,1530.105095
-100.0,100,1531.526393
-100.0,100,1532.979087
-96.0,100,1534.390764
-100.0,100,1535.924727
-100.0,100,1537.299289
-100.0,100,1538.795292
-100.0,100,1540.301034
-100.0,100,1541.794297
-100.0,100,1543.346352
-67.0,100,1544.815759
-100.0,100,1546.212973
-23.0,100,1547.601943
-52.0,100,1549.017355
-100.0,100,1550.625749
-9.0,100,1552.090553
-100.0,100,1553.487503
-100.0,100,1554.978959
-100.0,100,1556.288508
-100.0,100,1557.615624
-100.0,100,1559.080421
-100.0,100,1560.6691
-100.0,100,1562.189851
-100.0,100,1563.466377
-54.0,100,1564.720071
-100.0,100,1565.972626
-46.0,100,1567.43171
-100.0,100,1569.065382
-58.0,100,1570.494967
-100.0,100,1571.922309
-46.0,100,1573.406306
-100.0,100,1574.782548
-27.0,100,1576.319305
-100.0,100,1577.881514
-100.0,100,1579.458433
-100.0,100,1580.859906
-100.0,100,1582.272821
-100.0,100,1583.668833
-100.0,100,1585.177792
-58.0,100,1586.647898
-100.0,100,1588.308005
-85.0,100,1589.854033
-100.0,100,1591.240689
-100.0,100,1592.711441
-100.0,100,1594.108454
-46.0,100,1595.613969
-18.0,100,1597.190135
-37.0,100,1598.745321
-100.0,100,1600.24006
-100.0,100,1601.645015
-100.0,100,1603.147078
-33.0,100,1604.542561
-100.0,100,1606.086584
-100.0,100,1607.474489
-17.0,100,1608.986518
-3.0,100,1610.467608
-70.0,100,1611.803142
-100.0,100,1613.145661
-100.0,100,1614.641526
-100.0,100,1616.181489
-100.0,100,1617.592574
-100.0,100,1619.10641
-100.0,100,1620.572288
-100.0,100,1621.961294
-100.0,100,1623.706562
-22.0,100,1625.263165
-100.0,100,1626.804309
-100.0,100,1628.26061
-100.0,100,1629.700057
-100.0,100,1631.329635
-100.0,100,1632.92104
-100.0,100,1634.480979
-100.0,100,1636.229028
-100.0,100,1637.670335
-100.0,100,1639.033872
-100.0,100,1640.518844
-100.0,100,1641.955653
-100.0,100,1643.420684
-70.0,100,1644.815463
-100.0,100,1646.296118
-100.0,100,1647.717675
-52.0,100,1649.284364
-100.0,100,1650.825619
-100.0,100,1652.387407
-100.0,100,1653.854928
-45.0,100,1655.242226
-100.0,100,1656.651942
-100.0,100,1658.079184
-100.0,100,1659.653986
-100.0,100,1661.147086
-100.0,100,1662.887286
-100.0,100,1664.440516
-100.0,100,1665.871094
-63.0,100,1667.334714
-77.0,100,1668.701811
-100.0,100,1670.334941
-7.0,100,1671.942078
-100.0,100,1673.389203
-100.0,100,1674.760158
-100.0,100,1676.020835
-18.0,100,1677.317716
-100.0,100,1678.934666
-100.0,100,1680.509125
-58.0,100,1682.03221
-100.0,100,1683.410844
-100.0,100,1684.879945
-100.0,100,1686.278516
-100.0,100,1687.881769
-100.0,100,1689.414054
-6.0,100,1690.803533
-100.0,100,1692.358464
-6.0,100,1693.825982
-100.0,100,1695.232562
-100.0,100,1696.81417
-100.0,100,1698.223161
-100.0,100,1699.784315
-100.0,100,1701.235653
-52.0,100,1702.650588
-100.0,100,1704.366623
-100.0,100,1705.900428
-100.0,100,1707.454731
-100.0,100,1709.028687
-100.0,100,1710.380885
-100.0,100,1711.872907
-100.0,100,1713.250186
-100.0,100,1714.803776
-100.0,100,1716.365727
-100.0,100,1717.951218
-100.0,100,1719.476986
-100.0,100,1720.84777
-100.0,100,1722.28241
-100.0,100,1723.652498
-98.0,100,1725.182843
-100.0,100,1726.784591
-4.0,100,1728.525279
-100.0,100,1729.985028
-100.0,100,1731.191628
-100.0,100,1732.864683
-100.0,100,1734.243953
-10.0,100,1735.788325
-26.0,100,1737.281906
-100.0,100,1738.673405
-100.0,100,1740.100039
-100.0,100,1741.460188
-14.0,100,1743.032716
-100.0,100,1744.60758
-100.0,100,1745.988822
-100.0,100,1747.459246
-100.0,100,1748.936555
-50.0,100,1750.321381
-100.0,100,1751.897778
-100.0,100,1753.379042
-89.0,100,1754.779294
-100.0,100,1756.273494
-100.0,100,1757.60596
-87.0,100,1759.076598
-51.0,100,1760.430562
-31.0,100,1761.984675
-100.0,100,1763.511513
-100.0,100,1764.906039
-19.0,100,1766.417795
-100.0,100,1767.829831
-8.0,100,1769.290705
-100.0,100,1770.863286
-100.0,100,1772.335928
-100.0,100,1773.784407
-100.0,100,1775.244286
-100.0,100,1776.617721
-8.0,100,1778.000931
-100.0,100,1779.434896
-100.0,100,1780.81319
-100.0,100,1782.475703
-100.0,100,1783.969993
0.0,100,1785.205152
-100.0,100,1786.492682
-100.0,100,1787.927647
-19.0,100,1789.540726
-8.0,100,1791.138816
-2.0,100,1792.656813
-58.0,100,1794.079925
-100.0,100,1795.528846
-100.0,100,1796.932123
-38.0,100,1798.547161
-100.0,100,1800.161475
-96.0,100,1801.783904
-2.0,100,1803.342093
-97.0,100,1804.786216
-100.0,100,1806.238928
-100.0,100,1807.796325
-100.0,100,1809.368805
-22.0,100,1810.937425
-24.0,100,1812.504734
-14.0,100,1813.996991
-100.0,100,1815.479508
-100.0,100,1817.128297
-100.0,100,1818.790488
-99.0,100,1820.447786
-100.0,100,1822.014929
-100.0,100,1823.560906
-38.0,100,1825.023913
-100.0,100,1826.508392
-100.0,100,1828.061567
-100.0,100,1829.623067
-38.0,100,1831.137637
-100.0,100,1832.500269
-100.0,100,1834.028764
-67.0,100,1835.461306
-100.0,100,1837.08671
-3.0,100,1838.709698
-100.0,100,1840.239087
-100.0,100,1841.693501
-100.0,100,1843.07308
-98.0,100,1844.686136
-100.0,100,1846.259048
-100.0,100,1847.709052
-89.0,100,1849.285493
-100.0,100,1850.751578
-100.0,100,1852.263247
-100.0,100,1853.88355
-100.0,100,1855.566395
-57.0,100,1857.16242
-100.0,100,1858.676754
-100.0,100,1860.133415
-100.0,100,1861.609553
-100.0,100,1863.169183
-1.0,100,1864.780752
-100.0,100,1866.362135
-100.0,100,1867.931732
-100.0,100,1869.498691
-12.0,100,1871.076939
-100.0,100,1872.752031
-90.0,100,1874.518473
-100.0,100,1876.069496
-84.0,100,1877.304075
-100.0,100,1878.553875
-42.0,100,1879.837754
-86.0,100,1881.501865
-30.0,100,1883.078957
-100.0,100,1884.653189
0.0,100,1886.20109
-100.0,100,1887.503118
-100.0,100,1888.799487
-100.0,100,1890.427406
-98.0,100,1892.276759
-87.0,100,1893.874948
-17.0,100,1895.409397
-100.0,100,1896.957248
-100.0,100,1898.3397
-100.0,100,1899.837744
-100.0,100,1901.434222
-100.0,100,1902.982537
-3.0,100,1904.526721
-92.0,100,1905.946998
-100.0,100,1907.624904
-3.0,100,1909.335894
-6.0,100,1910.966779
-100.0,100,1912.5906
-100.0,100,1914.095853
-67.0,100,1915.485827
-64.0,100,1917.10487
-100.0,100,1918.614021
-100.0,100,1920.012495
-100.0,100,1921.609209
-56.0,100,1923.111028
-100.0,100,1924.554028
-7.0,100,1926.205822
-75.0,100,1927.777535
-33.0,100,1929.38448
-100.0,100,1930.823598
-4.0,100,1932.16972
-100.0,100,1933.598914
-55.0,100,1934.904185
-47.0,100,1936.576774
-100.0,100,1938.195044
-100.0,100,1939.80784
-100.0,100,1941.411511
-66.0,100,1942.820817
-100.0,100,1944.1188
-100.0,100,1945.701127
-100.0,100,1947.271195
-100.0,100,1948.768548
-100.0,100,1950.069288
-100.0,100,1951.522288
-100.0,100,1952.942947
-100.0,100,1954.532432
-99.0,100,1955.946632
-100.0,100,1957.544148
-100.0,100,1959.124321
-100.0,100,1960.639343
-100.0,100,1962.049163
-100.0,100,1963.679358
-72.0,100,1965.256563
-100.0,100,1966.865546
-100.0,100,1968.356352
-100.0,100,1969.757619
-56.0,100,1971.354407
-100.0,100,1972.818685
-14.0,100,1974.305897
-100.0,100,1975.880628
-66.0,100,1977.443897
-100.0,100,1978.905248
-52.0,100,1980.388682
-100.0,100,1981.975112
-100.0,100,1983.583582
-100.0,100,1985.169384
-100.0,100,1986.695159
-100.0,100,1988.189577
-100.0,100,1989.647505
-100.0,100,1991.276223
-87.0,100,1992.883189
-4.0,100,1994.431468
-27.0,100,1995.981858
-100.0,100,1997.372943
-100.0,100,1998.887426
-100.0,100,2000.473827
-100.0,100,2002.0992
-11.0,100,2003.593385
-100.0,100,2004.855877
-100.0,100,2006.308925
-91.0,100,2007.682241
-100.0,100,2009.186696
-100.0,100,2010.751528
-100.0,100,2012.272027
-100.0,100,2013.682264
-4.0,100,2015.169247
-72.0,100,2016.697293
-100.0,100,2018.123406
-57.0,100,2019.55409
-100.0,100,2021.17463
-100.0,100,2022.652709
-97.0,100,2024.032647
-100.0,100,2025.58579
-100.0,100,2027.198258
-100.0,100,2028.726844
-70.0,100,2030.105355
-100.0,100,2031.631903
-13.0,100,2033.064397
-100.0,100,2034.638314
-11.0,100,2036.222524
-100.0,100,2037.838879
-2.0,100,2039.38375
-4.0,100,2040.61685
-100.0,100,2041.871505
-100.0,100,2043.167284
-100.0,100,2044.951457
-30.0,100,2046.581918
-100.0,100,2048.149902
-97.0,100,2049.68482
-23.0,100,2051.163194
-23.0,100,2052.479463
-100.0,100,2054.032675
-65.0,100,2055.622045
-40.0,100,2057.303074
-100.0,100,2058.625473
-43.0,100,2060.232013
-100.0,100,2061.842161
-100.0,100,2063.275696
-100.0,100,2064.906657
-25.0,100,2066.486675
-100.0,100,2067.899273
-100.0,100,2069.396931
-100.0,100,2070.957803
-100.0,100,2072.565259
-100.0,100,2074.179276
-3.0,100,2075.810026
-11.0,100,2077.282851
-32.0,100,2078.679771
-10.0,100,2080.255406
-100.0,100,2081.853256
-17.0,100,2083.401115
-100.0,100,2084.904889
-100.0,100,2086.337662
-100.0,100,2087.883511
-100.0,100,2089.289507
-100.0,100,2090.885889
-100.0,100,2092.506273
-99.0,100,2094.09877
-100.0,100,2095.383808
-100.0,100,2096.636048
-100.0,100,2097.93113
-100.0,100,2099.536827
-100.0,100,2101.118469
-100.0,100,2102.69372
-100.0,100,2104.16768
-100.0,100,2105.525837
-100.0,100,2106.811157
-100.0,100,2108.647713
-100.0,100,2111.705344
-100.0,100,2113.102432
-100.0,100,2114.567726
-100.0,100,2116.072276
-100.0,100,2117.505292
-2.0,100,2119.099524
-100.0,100,2120.658108
-32.0,100,2122.083994
-100.0,100,2123.60295
-100.0,100,2125.070216
-20.0,100,2126.486997
-100.0,100,2128.111276
-100.0,100,2129.71496
-100.0,100,2131.258908
-100.0,100,2132.790212
-100.0,100,2134.268589
-100.0,100,2135.742635
-100.0,100,2137.32452
-47.0,100,2138.90026
-100.0,100,2140.412386
-72.0,100,2141.859037
-3.0,100,2143.417543
-100.0,100,2145.018871
-2.0,100,2146.601609
-4.0,100,2148.202716
-48.0,100,2149.690558
-100.0,100,2151.192349
-2.0,100,2152.78116
-18.0,100,2154.407304
-100.0,100,2155.913122
-100.0,100,2157.301136
-100.0,100,2158.756542
-100.0,100,2160.022684
-100.0,100,2161.54637
-56.0,100,2162.91979
-100.0,100,2164.463955
-100.0,100,2165.998462
-4.0,100,2167.457826
-100.0,100,2168.958686
-100.0,100,2170.522375
-100.0,100,2172.176432
-56.0,100,2173.751863
-98.0,100,2175.362944
-30.0,100,2176.931455
-100.0,100,2178.513075
-100.0,100,2180.000785
-100.0,100,2181.532654
-13.0,100,2183.195663
-100.0,100,2184.845507
-37.0,100,2186.258013
-100.0,100,2187.815916
-100.0,100,2189.430488
-100.0,100,2191.07258
-47.0,100,2192.648917
-2.0,100,2194.312568
-100.0,100,2195.840063
-98.0,100,2197.447117
-100.0,100,2198.873197
-100.0,100,2200.43545
-29.0,100,2202.22672
-13.0,100,2203.990341
-100.0,100,2205.548273
-40.0,100,2207.106701
-100.0,100,2208.683212
-100.0,100,2210.349856
-100.0,100,2212.066721
-43.0,100,2213.671423
-64.0,100,2215.097831
-55.0,100,2216.645179
-100.0,100,2218.274085
-100.0,100,2219.883076
-100.0,100,2221.497967
-100.0,100,2223.11812
-100.0,100,2224.511373
-64.0,100,2225.775185
-100.0,100,2227.108724
-36.0,100,2228.675507
-100.0,100,2230.328302
-100.0,100,2231.949765
-100.0,100,2233.498869
-3.0,100,2235.112041
-100.0,100,2236.578266
-100.0,100,2238.088017
-100.0,100,2239.73774
0.0,100,2241.47042
-100.0,100,2243.039403
-100.0,100,2244.583248
-100.0,100,2246.16181
-100.0,100,2247.780226
-100.0,100,2249.412135
-90.0,100,2251.004654
-100.0,100,2252.560316
-89.0,100,2254.165957
-53.0,100,2255.76024
-100.0,100,2257.363756
-85.0,100,2258.973252
-100.0,100,2260.560596
-49.0,100,2262.130309
-100.0,100,2263.620626
-100.0,100,2265.10314
-100.0,100,2266.794612
-58.0,100,2268.413107
-100.0,100,2269.814885
-26.0,100,2271.111019
-94.0,100,2272.512726
-100.0,100,2273.962207
-16.0,100,2275.58041
-91.0,100,2277.164724
-100.0,100,2278.800059
-42.0,100,2280.237631
-100.0,100,2281.710277
-100.0,100,2283.258111
-100.0,100,2284.898434
-100.0,100,2286.503623
-100.0,100,2288.184098
-100.0,100,2289.643855
-100.0,100,2291.129257
-34.0,100,2292.725939
-100.0,100,2294.298965
-100.0,100,2295.880053
-100.0,100,2297.443921
-100.0,100,2298.827734
-100.0,100,2300.361304
-100.0,100,2301.943413
-62.0,100,2303.552889
-31.0,100,2305.012659
-100.0,100,2306.447192
-100.0,100,2308.000059
-100.0,100,2309.57977
-100.0,100,2311.030626
-100.0,100,2312.54525
-8.0,100,2314.150649
-100.0,100,2315.711152
-100.0,100,2317.09196
-39.0,100,2318.546888
-100.0,100,2320.119282
-100.0,100,2321.762555
-100.0,100,2323.261868
-100.0,100,2324.720116
-100.0,100,2326.280287
-100.0,100,2327.705591
-100.0,100,2329.232551
-100.0,100,2330.837831
-100.0,100,2332.423336
-100.0,100,2334.009311
-100.0,100,2335.371278
-32.0,100,2336.664661
-4.0,100,2338.046173
-100.0,100,2339.537129
-100.0,100,2341.017518
-100.0,100,2342.586115
-23.0,100,2344.144165
-31.0,100,2345.739174
-17.0,100,2347.253235
-100.0,100,2348.929315
-100.0,100,2350.681957
-100.0,100,2352.309214
-100.0,100,2353.842709
-100.0,100,2355.294872
-100.0,100,2356.932414
-24.0,100,2358.600784
-100.0,100,2360.182976
-100.0,100,2361.749678
-22.0,100,2363.291307
-100.0,100,2364.696121
-57.0,100,2366.242046
-100.0,100,2367.800054
-3.0,100,2369.344857
-61.0,100,2370.845733
-95.0,100,2372.304476
-100.0,100,2373.872399
-54.0,100,2375.299706
-24.0,100,2376.824106
-96.0,100,2378.426503
-51.0,100,2379.7907
-14.0,100,2381.258221
-100.0,100,2382.813325
-15.0,100,2384.293452
-100.0,100,2385.879929
-20.0,100,2387.443305
-73.0,100,2389.008798
-17.0,100,2390.371907
-100.0,100,2391.677694
-100.0,100,2393.372996
-100.0,100,2394.993981
-100.0,100,2396.557236
-100.0,100,2398.034769
-63.0,100,2399.434243
-100.0,100,2400.927681
-14.0,100,2402.424318
-100.0,100,2404.001003
-100.0,100,2405.609057
-100.0,100,2407.165373
-100.0,100,2408.572862
-100.0,100,2410.126027
-100.0,100,2411.825364
-100.0,100,2413.4575
-100.0,100,2415.064714
-100.0,100,2416.636542
-100.0,100,2418.164329
-100.0,100,2419.606305
-7.0,100,2421.208728
-56.0,100,2422.786738
-100.0,100,2424.383593
-100.0,100,2425.975846
-100.0,100,2427.355968
-100.0,100,2428.891752
-100.0,100,2430.488346
-100.0,100,2432.094343
-100.0,100,2433.797229
-100.0,100,2435.322285
-53.0,100,2436.749107
-71.0,100,2438.267473
-100.0,100,2439.958073
-100.0,100,2441.54134
-100.0,100,2443.104145
-100.0,100,2444.477688
-100.0,100,2445.822811
-100.0,100,2447.108739
-100.0,100,2448.942169
-100.0,100,2450.609286
-95.0,100,2452.190058
-100.0,100,2453.549894
-100.0,100,2454.772705
-100.0,100,2456.104609
-100.0,100,2457.664883
-2.0,100,2459.264141
-100.0,100,2460.947098
-85.0,100,2462.555198
-100.0,100,2464.085671
-100.0,100,2465.517194
-56.0,100,2467.344703
-100.0,100,2469.001342
-100.0,100,2470.566829
-100.0,100,2471.948896
-100.0,100,2473.552141
-100.0,100,2475.116388
-100.0,100,2476.685626
-100.0,100,2478.28019
-100.0,100,2479.831317
-100.0,100,2481.337687
-100.0,100,2482.785206
-24.0,100,2484.3909
-100.0,100,2485.978643
-100.0,100,2487.6308
-11.0,100,2489.295547
-3.0,100,2490.853247
-100.0,100,2492.39478
-100.0,100,2493.961683
-16.0,100,2495.43156
-100.0,100,2497.21227
-15.0,100,2498.804676
-14.0,100,2500.368862
-100.0,100,2501.796649
-100.0,100,2503.372567
-6.0,100,2505.0388
-46.0,100,2506.60472
-23.0,100,2507.903092
-100.0,100,2509.201887
-100.0,100,2510.501703
-100.0,100,2511.956717
-100.0,100,2513.516206
-100.0,100,2515.108078
-91.0,100,2516.613933
-100.0,100,2518.01182
-37.0,100,2519.563681
-100.0,100,2521.134455
-100.0,100,2522.713291
-100.0,100,2524.303342
-100.0,100,2525.700029
-100.0,100,2527.169977
-100.0,100,2528.695586
-100.0,100,2530.195724
-100.0,100,2531.802213
-100.0,100,2533.421807
-48.0,100,2535.01457
-34.0,100,2536.605409
-100.0,100,2538.004785
-100.0,100,2539.527186
-100.0,100,2541.190358
-19.0,100,2542.868892
-100.0,100,2544.267392
-23.0,100,2545.514793
-100.0,100,2546.958646
-100.0,100,2548.528373
-60.0,100,2550.202432
-100.0,100,2551.845312
-13.0,100,2553.481323
-100.0,100,2555.126231
-100.0,100,2556.543534
-100.0,100,2557.964458
-100.0,100,2559.5538
-100.0,100,2561.182872
-28.0,100,2562.569172
-100.0,100,2563.846568
-4.0,100,2565.249883
-100.0,100,2566.76924
-100.0,100,2568.477514
-3.0,100,2570.097733
-100.0,100,2571.665251
-100.0,100,2573.160702
-100.0,100,2574.580026
-13.0,100,2576.41677
-100.0,100,2578.201964
-3.0,100,2579.96908
-29.0,100,2581.535077
-30.0,100,2583.084191
-100.0,100,2584.618684
-100.0,100,2586.105317
-100.0,100,2587.680862
-100.0,100,2589.278731
-23.0,100,2590.85437
-46.0,100,2592.32447
-100.0,100,2593.894652
-1.0,100,2595.493871
-100.0,100,2597.070397
-100.0,100,2598.661878
-25.0,100,2599.997461
-100.0,100,2601.283743
-100.0,100,2602.568148
-100.0,100,2604.216195
-78.0,100,2605.862597
-100.0,100,2607.476326
-78.0,100,2609.013093
-100.0,100,2610.58896
-100.0,100,2612.017551
-100.0,100,2613.501803
-100.0,100,2615.095065
-98.0,100,2616.703597
-100.0,100,2618.057289
-100.0,100,2619.323348
-4.0,100,2620.645631
-100.0,100,2622.269188
-100.0,100,2623.903859
-100.0,100,2625.48744
-100.0,100,2627.067331
-100.0,100,2628.645279
-100.0,100,2630.294736
-100.0,100,2631.922653
-100.0,100,2633.576889
-100.0,100,2635.248774
0.0,100,2636.815115
-100.0,100,2638.367407
-16.0,100,2639.961272
-100.0,100,2641.602117
-100.0,100,2643.261283
-100.0,100,2644.860908
-100.0,100,2646.424393
-100.0,100,2648.022083
-3.0,100,2649.462844
-69.0,100,2651.117864
-14.0,100,2652.799323
-7.0,100,2654.507924
-21.0,100,2655.931424
-100.0,100,2657.183158
-100.0,100,2658.630232
-97.0,100,2660.212298
-100.0,100,2661.852787
-100.0,100,2663.419091
-100.0,100,2664.847984
-100.0,100,2666.408434
-100.0,100,2667.900996
-100.0,100,2669.420376
-2.0,100,2671.059042
-100.0,100,2672.688538
-100.0,100,2674.093582
-100.0,100,2675.559486
-100.0,100,2677.12835
-100.0,100,2678.751987
-3.0,100,2680.395188
-100.0,100,2681.93968
-100.0,100,2683.391556
-100.0,100,2684.920906
-100.0,100,2686.501338
-100.0,100,2688.113628
-100.0,100,2689.717903
-100.0,100,2691.353379
-100.0,100,2692.881256
-100.0,100,2694.406373
-100.0,100,2695.975636
-100.0,100,2697.572364
-4.0,100,2699.178578
-100.0,100,2700.717625
-100.0,100,2702.180208
-99.0,100,2703.703682
-98.0,100,2705.286542
-18.0,100,2706.87895
-100.0,100,2708.457897
-100.0,100,2710.03074
-43.0,100,2711.388067
-100.0,100,2712.8702
-100.0,100,2714.463603
-67.0,100,2716.111422
-7.0,100,2717.616218
-100.0,100,2719.089435
-22.0,100,2720.610984
-10.0,100,2722.216499
-52.0,100,2723.84662
-43.0,100,2725.429636
-6.0,100,2726.959419
-100.0,100,2728.334726
-19.0,100,2729.657651
-100.0,100,2731.178188
-75.0,100,2732.719551
-7.0,100,2734.324311
-5.0,100,2735.809304
-14.0,100,2737.152901
-100.0,100,2738.693376
-31.0,100,2740.309944
-11.0,100,2741.970838
-100.0,100,2743.602794
-100.0,100,2745.184311
-100.0,100,2746.79214
-100.0,100,2748.257195
-100.0,100,2749.985432
-100.0,100,2751.676166
-100.0,100,2753.399884
-100.0,100,2754.974339
-77.0,100,2756.567206
-100.0,100,2758.139828
-97.0,100,2759.741081
-14.0,100,2761.522017
-100.0,100,2763.275227
-100.0,100,2764.8808
-100.0,100,2766.500899
-100.0,100,2767.870757
-100.0,100,2769.444871
-100.0,100,2771.163536
-100.0,100,2772.81859
-100.0,100,2774.145005
-3.0,100,2775.491879
-84.0,100,2776.740738
-100.0,100,2778.427178
-100.0,100,2780.115536
-99.0,100,2781.745581
-100.0,100,2783.133279
-100.0,100,2784.388246
-35.0,100,2785.789654
-99.0,100,2787.468172
-100.0,100,2789.024231
-100.0,100,2790.612961
-4.0,100,2792.006453
-62.0,100,2793.437195
-100.0,100,2794.919403
-100.0,100,2796.418419
-100.0,100,2798.125767
-100.0,100,2799.743628
-2.0,100,2801.293266
-100.0,100,2802.787899
-49.0,100,2804.251582
-100.0,100,2805.8111
-100.0,100,2807.35787
-100.0,100,2808.883213
-100.0,100,2810.328596
-100.0,100,2811.92164
-33.0,100,2813.502297
-100.0,100,2815.135009
-29.0,100,2816.885405
-1.0,100,2818.68281
-49.0,100,2820.236094
0.0,100,2821.803482
-4.0,100,2823.158299
-100.0,100,2824.680099
-100.0,100,2826.272173
-100.0,100,2827.737067
-100.0,100,2829.223747
-100.0,100,2830.589037
-99.0,100,2831.97489
-100.0,100,2833.641667
-1.0,100,2835.296862
-100.0,100,2836.844783
-100.0,100,2838.261858
-22.0,100,2839.631508
-27.0,100,2841.223348
-47.0,100,2842.86619
-2.0,100,2844.530514
-100.0,100,2846.175338
-34.0,100,2847.742355
-100.0,100,2849.131916
-100.0,100,2850.606052
-69.0,100,2852.272365
-100.0,100,2853.84383
-62.0,100,2855.449522
-46.0,100,2856.98989
-100.0,100,2858.580909
-36.0,100,2860.229344
-4.0,100,2861.806922
-100.0,100,2863.433758
-3.0,100,2865.047947
-100.0,100,2866.603544
-100.0,100,2868.195045
-9.0,100,2869.795752
-100.0,100,2871.466949
-29.0,100,2873.236923
-2.0,100,2874.920241
-100.0,100,2876.569067
-100.0,100,2878.206347
-100.0,100,2879.806756
-100.0,100,2881.436492
-100.0,100,2883.106149
-100.0,100,2885.696197
-13.0,100,2887.148941
-31.0,100,2888.597792
-100.0,100,2890.35226
-100.0,100,2891.97205
-45.0,100,2893.427384
-100.0,100,2894.927467
-8.0,100,2896.542349
-100.0,100,2898.262086
-100.0,100,2899.82282
-3.0,100,2901.405074
-3.0,100,2902.970533
0.0,100,2904.539186
-100.0,100,2906.018853
-100.0,100,2907.502261
-40.0,100,2909.103625
-100.0,100,2910.752152
-100.0,100,2912.311256
-100.0,100,2913.744847
-15.0,100,2915.289358
-1.0,100,2916.920611
-100.0,100,2918.54351
-20.0,100,2920.096944
-16.0,100,2921.653857
-100.0,100,2923.221681
-47.0,100,2924.797185
-100.0,100,2926.490879
-100.0,100,2928.118582
-100.0,100,2929.701408
-100.0,100,2931.15491
-100.0,100,2932.64573
-58.0,100,2934.249262
-6.0,100,2935.905204
-39.0,100,2937.695684
-37.0,100,2939.250571
-100.0,100,2940.517152
-100.0,100,2942.02694
-100.0,100,2943.620862
-100.0,100,2945.235945
-100.0,100,2946.830676
-16.0,100,2948.21947
-100.0,100,2949.567476
-100.0,100,2950.803746
-100.0,100,2952.335892
-77.0,100,2954.082215
-85.0,100,2955.727229
-100.0,100,2957.284084
-5.0,100,2958.831922
-100.0,100,2960.39377
-100.0,100,2962.094105
-100.0,100,2963.680412
-100.0,100,2965.210096
-100.0,100,2966.619518
-100.0,100,2968.154701
-100.0,100,2969.656058
-100.0,100,2971.140924
-100.0,100,2972.778681
-100.0,100,2974.387881
-100.0,100,2975.938627
-30.0,100,2977.360718
-2.0,100,2978.909686
-100.0,100,2980.628355
-100.0,100,2982.251157
-1.0,100,2983.790277
-1.0,100,2985.219636
-100.0,100,2986.772339
-100.0,100,2988.33499
-100.0,100,2989.922961
-100.0,100,2991.55722
-1.0,100,2993.099979
-20.0,100,2994.500548
-2.0,100,2996.08596
-100.0,100,2997.735435
-100.0,100,2999.341105
-100.0,100,3000.836406
0.0,100,3002.24816
-100.0,100,3003.849745
-97.0,100,3005.400711
-33.0,100,3006.81583
-100.0,100,3008.268595
-100.0,100,3009.910099
-100.0,100,3011.407768
-100.0,100,3012.729211
-100.0,100,3013.999358
-13.0,100,3015.387546
-95.0,100,3017.042999
-100.0,100,3018.671488
-36.0,100,3020.278729
-2.0,100,3021.89606
-100.0,100,3023.431773
-100.0,100,3025.003932
-100.0,100,3026.549015
-18.0,100,3028.142579
-92.0,100,3029.552233
-100.0,100,3031.036631
-100.0,100,3032.471935
-100.0,100,3033.971574
-100.0,100,3035.596445
-85.0,100,3037.160941
-46.0,100,3038.723473
-100.0,100,3040.172377
-76.0,100,3041.685864
-56.0,100,3043.241067
-100.0,100,3044.788357
-77.0,100,3046.503277
-10.0,100,3047.947944
-100.0,100,3049.438647
-3.0,100,3051.047981
-40.0,100,3052.782382
-12.0,100,3054.398489
-100.0,100,3055.84821
-100.0,100,3057.116455
-100.0,100,3058.497818
-100.0,100,3059.967333
-100.0,100,3061.683512
-100.0,100,3063.352308
-89.0,100,3064.940703
-5.0,100,3066.275449
-100.0,100,3067.670442
-95.0,100,3069.2023
-100.0,100,3070.791856
-100.0,100,3072.368482
-100.0,100,3073.920529
-100.0,100,3075.473332
-100.0,100,3077.11535
-95.0,100,3078.723043
-100.0,100,3080.357254
-100.0,100,3081.991235
-100.0,100,3083.626891
-100.0,100,3085.220033
-29.0,100,3086.70383
-100.0,100,3088.235096
-100.0,100,3089.999598
-100.0,100,3091.636583
-3.0,100,3093.234716
-100.0,100,3094.814338
0.0,100,3096.260699
-100.0,100,3097.879298
-15.0,100,3099.528932
-2.0,100,3101.302855
-100.0,100,3102.928372
-100.0,100,3104.276655
-100.0,100,3105.851734
-99.0,100,3107.515544
-3.0,100,3109.198173
-66.0,100,3110.804201
-57.0,100,3112.36874
-28.0,100,3113.93271
-5.0,100,3115.576443
-100.0,100,3117.266454
-100.0,100,3118.911819
-100.0,100,3120.515477
-23.0,100,3121.801841
-100.0,100,3123.190344
-71.0,100,3124.637165
-100.0,100,3126.300462
-49.0,100,3127.987223
-100.0,100,3129.669555
-10.0,100,3131.265463
-100.0,100,3132.88045
-100.0,100,3134.492517
-100.0,100,3136.166885
-100.0,100,3137.774349
-100.0,100,3139.351043
-100.0,100,3140.935127
-100.0,100,3142.352916
-100.0,100,3143.877999
-2.0,100,3145.703727
-100.0,100,3147.377473
-3.0,100,3148.931632
-31.0,100,3150.331139
-100.0,100,3151.903172
-100.0,100,3153.537353
-100.0,100,3155.037046
-100.0,100,3156.503814
-1.0,100,3157.971632
-6.0,100,3159.291927
-100.0,100,3160.77929
-100.0,100,3162.30777
-2.0,100,3163.982396
-100.0,100,3165.642166
-100.0,100,3167.08706
-21.0,100,3168.352413
-100.0,100,3169.700448
-100.0,100,3171.121714
-89.0,100,3172.739349
-100.0,100,3174.362827
-100.0,100,3175.96509
-100.0,100,3177.555401
-24.0,100,3178.931482
-61.0,100,3180.429085
-100.0,100,3182.016332
-100.0,100,3183.494402
-100.0,100,3185.119436
-100.0,100,3186.66033
-100.0,100,3188.206114
-100.0,100,3189.631266
-55.0,100,3191.2269
-100.0,100,3192.811709
-52.0,100,3194.470525
-100.0,100,3196.253656
-27.0,100,3197.80074
-100.0,100,3199.533628
-64.0,100,3201.187641
-100.0,100,3202.782521
-100.0,100,3204.144657
-100.0,100,3205.660118
-100.0,100,3207.221947
-100.0,100,3208.831221
-52.0,100,3210.313519
-44.0,100,3211.810653
-100.0,100,3213.413364
-100.0,100,3214.954798
-100.0,100,3216.291821
-10.0,100,3217.994339
-100.0,100,3219.587946
-34.0,100,3221.131017
-100.0,100,3222.473448
-100.0,100,3223.768646
-100.0,100,3225.056068
-100.0,100,3226.569595
-25.0,100,3228.265539
-100.0,100,3230.00057
-100.0,100,3231.474832
-100.0,100,3232.848476
-100.0,100,3234.366922
-100.0,100,3235.825692
-100.0,100,3237.410567
-100.0,100,3239.006804
-3.0,100,3240.492305
-21.0,100,3241.945706
-100.0,100,3243.522665
-100.0,100,3245.144883
-14.0,100,3246.614001
-51.0,100,3248.075571
-100.0,100,3249.658678
-100.0,100,3251.22248
-100.0,100,3252.705823
-24.0,100,3254.14411
-4.0,100,3255.767246
-28.0,100,3257.384687
-26.0,100,3258.970549
-100.0,100,3260.480644
-54.0,100,3261.894156
-100.0,100,3263.565815
-28.0,100,3264.979835
-100.0,100,3266.500061
-100.0,100,3268.216757
-95.0,100,3269.728893
-100.0,100,3271.160938
-9.0,100,3272.999165
-55.0,100,3274.73495
-100.0,100,3276.247614
-72.0,100,3277.532528
-23.0,100,3278.899006
-100.0,100,3280.412213
-98.0,100,3282.075974
-99.0,100,3283.760295
-2.0,100,3285.368251
-13.0,100,3286.687659
-100.0,100,3288.175963
-57.0,100,3289.756348
-73.0,100,3291.147554
-95.0,100,3292.805204
-100.0,100,3294.469433
-100.0,100,3296.056876
-100.0,100,3297.612517
0.0,100,3299.208327
-16.0,100,3300.811371
-96.0,100,3302.404113
-100.0,100,3303.92677
-35.0,100,3305.312252
-100.0,100,3306.851838
-25.0,100,3308.444418
-100.0,100,3310.060662
-5.0,100,3311.812758
0.0,100,3313.39451
-100.0,100,3314.937005
-100.0,100,3316.425557
-100.0,100,3317.852357
-34.0,100,3319.777426
-100.0,100,3321.432266
-100.0,100,3322.788523
-100.0,100,3324.311185
-78.0,100,3325.912409
-41.0,100,3327.584695
-50.0,100,3329.192136
-100.0,100,3330.736491
-100.0,100,3332.221658
-9.0,100,3333.60752
-100.0,100,3335.375986
-100.0,100,3337.038193
-100.0,100,3338.67029
-100.0,100,3340.105477
-100.0,100,3341.618381
-100.0,100,3342.899982
-100.0,100,3344.529557
-100.0,100,3346.158499
-100.0,100,3347.727595
-29.0,100,3349.312721
-100.0,100,3350.90226
-100.0,100,3352.356792
-5.0,100,3353.890166
-100.0,100,3355.523776
-2.0,100,3357.175121
-100.0,100,3358.671875
-100.0,100,3360.103648
-97.0,100,3361.653598
-100.0,100,3363.407584
-12.0,100,3365.034926
-100.0,100,3366.637919
-100.0,100,3368.138338
-4.0,100,3369.584003
-100.0,100,3371.173823
-100.0,100,3372.734513
-18.0,100,3374.333705
-100.0,100,3375.945684
-15.0,100,3377.430826
-1.0,100,3378.908484
-100.0,100,3380.223345
-100.0,100,3381.82294
-100.0,100,3383.460613
-100.0,100,3385.231735
-100.0,100,3386.828028
-77.0,100,3388.417374
-100.0,100,3389.828219
-97.0,100,3391.463723
-14.0,100,3393.137368
-37.0,100,3394.770469
-100.0,100,3396.091332
-100.0,100,3397.567787
-100.0,100,3398.924379
-100.0,100,3400.523165
-100.0,100,3402.076045
-100.0,100,3403.627526
-100.0,100,3405.178416
-100.0,100,3406.767688
-100.0,100,3408.206919
-100.0,100,3409.77244
-7.0,100,3411.372639
-100.0,100,3412.963026
-24.0,100,3414.528332
-100.0,100,3416.063187
-39.0,100,3417.703535
-2.0,100,3419.313652
-100.0,100,3420.921329
-100.0,100,3422.457757
-2.0,100,3424.004823
-79.0,100,3425.630595
-100.0,100,3427.159479
-100.0,100,3428.561701
-100.0,100,3430.065641
-100.0,100,3431.513304
-100.0,100,3434.214068
-2.0,100,3436.941388
-100.0,100,3439.763486
-100.0,100,3442.559831
-78.0,100,3445.347931
-100.0,100,3448.081246
-100.0,100,3450.835234
-3.0,100,3453.633049
-35.0,100,3456.390577
-17.0,100,3459.197002
-35.0,100,3461.945752
0.0,100,3464.786467
-100.0,100,3467.567826
-100.0,100,3470.414725
0.0,100,3473.186329
-100.0,100,3476.031409
-31.0,100,3478.777381
-40.0,100,3481.536526
-100.0,100,3484.317358
-5.0,100,3487.067734
-100.0,100,3489.891167
-100.0,100,3492.683154
-100.0,100,3495.462806
-3.0,100,3498.296551
-100.0,100,3501.110576
-10.0,100,3503.876631
-52.0,100,3506.706267
-100.0,100,3509.444153
-95.0,100,3512.223834
-36.0,100,3514.991776
-100.0,100,3517.807153
-13.0,100,3520.602095
-100.0,100,3523.405002
-100.0,100,3526.163888
-100.0,100,3528.929483
-30.0,100,3531.738082
-87.0,100,3534.500425
-100.0,100,3537.301098
-100.0,100,3540.056035
-35.0,100,3542.897931
-100.0,100,3545.650067
-94.0,100,3548.478862
-32.0,100,3551.260188
-60.0,100,3554.06705
-6.0,100,3556.859946
-11.0,100,3559.653318
-3.0,100,3562.419804
-100.0,100,3565.208392
-26.0,100,3567.951914
-100.0,100,3570.73429
-57.0,100,3573.492358
-12.0,100,3576.293808
-100.0,100,3579.035848
-9.0,100,3581.794127
-100.0,100,3584.564616
-1.0,100,3587.322883
-5.0,100,3590.173962
-1.0,100,3592.961011
-100.0,100,3595.78679
-3.0,100,3598.561756
-40.0,100,3601.378416
-100.0,100,3604.145501
-100.0,100,3606.951133
-100.0,100,3609.724453
-100.0,100,3612.529726
-100.0,100,3615.319099
-100.0,100,3618.108117
-89.0,100,3620.940688
-100.0,100,3623.756436
-100.0,100,3626.507025
0.0,100,3629.324622
-95.0,100,3632.088454
-100.0,100,3634.883734
-100.0,100,3637.590817
-100.0,100,3640.333008
-6.0,100,3643.197069
-1.0,100,3645.931838
-100.0,100,3648.71794
-5.0,100,3651.506958
-14.0,100,3654.316681
-100.0,100,3657.099224
-100.0,100,3659.909779
-39.0,100,3662.670884
-68.0,100,3665.487844
-100.0,100,3668.267833
-100.0,100,3671.006541
-100.0,100,3673.823241
-100.0,100,3676.654789
-100.0,100,3679.420047
-3.0,100,3682.194111
-83.0,100,3684.988351
-100.0,100,3687.769741
-100.0,100,3690.602864
-100.0,100,3693.342855
-100.0,100,3696.13765
-24.0,100,3698.915748
0.0,100,3701.722115
-92.0,100,3704.462632
-52.0,100,3707.22141
-100.0,100,3710.020137
-17.0,100,3712.797242
-100.0,100,3715.575612
-1.0,100,3718.327675
-100.0,100,3721.14236
-35.0,100,3723.896109
-100.0,100,3726.744743
-100.0,100,3729.51551
-100.0,100,3732.313337
-36.0,100,3735.069475
-34.0,100,3737.906073
-100.0,100,3740.680983
-28.0,100,3743.50171
-100.0,100,3746.243769
-100.0,100,3749.037838
-4.0,100,3751.783927
-100.0,100,3754.586649
-72.0,100,3757.335899
-2.0,100,3760.105976
-54.0,100,3762.947894
-15.0,100,3765.710494
-100.0,100,3768.533448
-100.0,100,3771.287923
-1.0,100,3774.078824
-3.0,100,3776.875554
-100.0,100,3779.668265
-100.0,100,3782.447642
-91.0,100,3785.20277
-100.0,100,3788.010792
-100.0,100,3790.802206
-100.0,100,3793.623797
-20.0,100,3796.463983
-100.0,100,3799.252468
-100.0,100,3802.056132
-30.0,100,3804.828168
-33.0,100,3807.570268
-3.0,100,3810.417034
-100.0,100,3813.148588
-18.0,100,3815.969706
-100.0,100,3818.738639
-100.0,100,3821.588695
-32.0,100,3824.355702
-48.0,100,3827.164896
-32.0,100,3829.932201
-20.0,100,3832.756818
-100.0,100,3835.51874
-100.0,100,3838.287814
-100.0,100,3841.095443
-100.0,100,3845.92233
-100.0,100,3848.742648
-100.0,100,3851.512877
-75.0,100,3854.341661
-75.0,100,3857.10643
-100.0,100,3859.928923
-100.0,100,3862.68382
-100.0,100,3865.66697
-19.0,100,3868.590485
-100.0,100,3871.376328
-100.0,100,3874.123441
-100.0,100,3876.932045
-100.0,100,3879.648026
-2.0,100,3882.463218
-1.0,100,3885.207851
-40.0,100,3887.941989
-100.0,100,3890.750579
-14.0,100,3893.477568
-18.0,100,3896.249432
-100.0,100,3898.989048
-16.0,100,3901.765655
-99.0,100,3904.501237
-100.0,100,3907.304263
-29.0,100,3910.043173
-26.0,100,3912.84615
-100.0,100,3915.607773
-25.0,100,3918.3904
-31.0,100,3921.144943
-94.0,100,3923.983771
-100.0,100,3926.739565
-100.0,100,3929.557313
-60.0,100,3932.293923
-2.0,100,3935.119195
-100.0,100,3937.84491
-97.0,100,3940.569371
-100.0,100,3943.361099
-17.0,100,3946.093185
-87.0,100,3948.878659
-40.0,100,3951.602116
-2.0,100,3954.397893
-41.0,100,3957.136049
-28.0,100,3959.922365
-15.0,100,3962.683969
-100.0,100,3965.42978
-100.0,100,3968.24904
-100.0,100,3970.993151
-48.0,100,3973.775013
-2.0,100,3976.526998
-100.0,100,3979.315129
-91.0,100,3982.071692
-51.0,100,3984.868696
-26.0,100,3987.585545
-8.0,100,3990.406419
-22.0,100,3993.153192
-100.0,100,3995.951549
-4.0,100,3998.732984
-100.0,100,4001.536079
-100.0,100,4004.269067
-2.0,100,4007.009023
-100.0,100,4009.790182
-100.0,100,4012.552977
-100.0,100,4015.367011
-100.0,100,4018.102426
-100.0,100,4020.920522
-100.0,100,4023.675877
-9.0,100,4026.476562
-100.0,100,4029.215242
-23.0,100,4031.976775
-36.0,100,4034.77583
-100.0,100,4037.601392
-100.0,100,4040.345581
-100.0,100,4043.153413
-1.0,100,4045.922185
-65.0,100,4048.725187
-100.0,100,4051.442126
-100.0,100,4054.177526
-100.0,100,4057.002937
-100.0,100,4059.744742
-55.0,100,4062.550208
-39.0,100,4065.280003
-23.0,100,4068.100377
-65.0,100,4070.842249
-100.0,100,4073.660585
-100.0,100,4076.418321
-3.0,100,4079.205298
-65.0,100,4081.941584
-51.0,100,4084.666157
-97.0,100,4087.447338
-61.0,100,4090.203328
-96.0,100,4093.004581
-62.0,100,4095.727067
-100.0,100,4098.551664
-100.0,100,4101.281462
-30.0,100,4104.0736
-3.0,100,4106.8355
-100.0,100,4109.639685
-100.0,100,4112.397553
-99.0,100,4115.161708
-3.0,100,4117.884524
-100.0,100,4120.601024
-100.0,100,4123.39914
-100.0,100,4126.146331
-10.0,100,4128.957952
-100.0,100,4131.707048
-4.0,100,4134.494884
-3.0,100,4137.239995
-12.0,100,4140.029381
-4.0,100,4142.786679
-100.0,100,4145.578007
-100.0,100,4148.303653
-9.0,100,4151.060225
-100.0,100,4153.851959
-7.0,100,4156.666157
-100.0,100,4159.451428
-89.0,100,4162.252114
-92.0,100,4165.045583
-12.0,100,4167.853076
-4.0,100,4170.59616
0.0,100,4173.353119
-100.0,100,4176.151908
-100.0,100,4178.898764
-16.0,100,4181.715158
-100.0,100,4184.452165
-24.0,100,4187.252187
-20.0,100,4190.013393
-99.0,100,4192.785929
-23.0,100,4195.521777
-14.0,100,4198.261596
-100.0,100,4201.089519
-25.0,100,4203.818356
-95.0,100,4206.582798
-2.0,100,4209.314456
-2.0,100,4212.128479
-100.0,100,4214.942118
-61.0,100,4217.735626
-100.0,100,4220.479787
-72.0,100,4223.301544
-100.0,100,4226.067782
-57.0,100,4228.892069
-100.0,100,4231.652421
-18.0,100,4234.480525
-100.0,100,4237.256232
-20.0,100,4240.089367
-100.0,100,4242.8478
-23.0,100,4245.713978
-88.0,100,4248.476497
-62.0,100,4251.238122
0.0,100,4254.063989
-100.0,100,4256.812608
0.0,100,4259.676229
-100.0,100,4262.410632
-53.0,100,4265.245349
-100.0,100,4268.06689
-38.0,100,4270.865509
-100.0,100,4273.636988
-100.0,100,4276.451127
-27.0,100,4279.212456
-100.0,100,4282.04521
-86.0,100,4284.854616
-100.0,100,4287.660341
-7.0,100,4290.458207
-28.0,100,4293.273833
-34.0,100,4296.040353
-22.0,100,4298.835244
-6.0,100,4301.662309
-19.0,100,4304.444457
-15.0,100,4307.26467
-100.0,100,4310.007967
-4.0,100,4312.882335
-9.0,100,4315.628175
-51.0,100,4318.444362
-96.0,100,4321.229668
-86.0,100,4324.066025
-100.0,100,4326.846703
-87.0,100,4329.627817
-54.0,100,4332.441767
-12.0,100,4335.254079
-21.0,100,4338.036945
-45.0,100,4340.80512
-28.0,100,4343.643836
-38.0,100,4346.413674
-100.0,100,4349.239617
-83.0,100,4352.006268
0.0,100,4354.833835
-36.0,100,4357.61307
-17.0,100,4360.421759
-80.0,100,4363.200856
-100.0,100,4366.005743
-5.0,100,4368.792328
-35.0,100,4371.615122
-100.0,100,4374.363997
-100.0,100,4377.119463
-34.0,100,4379.961411
-100.0,100,4382.727032
-100.0,100,4385.489511
-32.0,100,4388.238955
-100.0,100,4391.048111
-100.0,100,4393.85659
-42.0,100,4396.580211
-100.0,100,4399.337722
-100.0,100,4402.144218
-86.0,100,4404.89869
-6.0,100,4407.74772
-100.0,100,4410.503482
-97.0,100,4413.323911
-20.0,100,4416.102679
-1.0,100,4418.915271
-100.0,100,4421.695336
-3.0,100,4424.534067
-100.0,100,4427.325843
-100.0,100,4430.078072
-100.0,100,4432.884176
-41.0,100,4435.646412
-14.0,100,4438.490044
-100.0,100,4441.269886
-100.0,100,4444.115736
-5.0,100,4446.90875
-100.0,100,4449.688023
-24.0,100,4452.4817
-17.0,100,4455.290108
-11.0,100,4458.051427
-55.0,100,4460.87876
-12.0,100,4463.641012
-2.0,100,4466.460661
-16.0,100,4469.254405
-59.0,100,4472.094296
-100.0,100,4474.863475
-100.0,100,4477.65784
-100.0,100,4480.4157
-99.0,100,4483.225619
-24.0,100,4485.980862
-100.0,100,4488.805837
-100.0,100,4491.583729
-100.0,100,4494.358548
-33.0,100,4497.150826
-100.0,100,4499.930551
-100.0,100,4502.777507
-11.0,100,4505.549015
-19.0,100,4508.368037
-100.0,100,4511.126746
-100.0,100,4513.945132
-100.0,100,4516.80667
-100.0,100,4519.609041
-23.0,100,4522.381652
-100.0,100,4525.213873
0.0,100,4527.998429
-100.0,100,4530.807992
-100.0,100,4533.58419
-100.0,100,4536.401347
-100.0,100,4539.193268
-76.0,100,4542.473101
-100.0,100,4545.195996
-100.0,100,4548.025577
-100.0,100,4550.818017
-27.0,100,4553.632487
-100.0,100,4556.415147
-68.0,100,4559.237644
-15.0,100,4562.021544
-100.0,100,4564.842415
-46.0,100,4567.637093
-98.0,100,4570.467121
-23.0,100,4573.261025
-67.0,100,4576.071609
-46.0,100,4578.809108
-5.0,100,4581.672679
-100.0,100,4584.448326
-60.0,100,4587.202192
-100.0,100,4590.052022
-1.0,100,4592.894839
-4.0,100,4595.670022
-64.0,100,4598.431592
-50.0,100,4601.268868
-17.0,100,4604.055948
-100.0,100,4606.911154
-1.0,100,4609.679362
-10.0,100,4612.534692
-57.0,100,4615.316423
-100.0,100,4618.139249
-14.0,100,4620.928808
-9.0,100,4623.689445
-100.0,100,4626.519777
-100.0,100,4629.268807
-100.0,100,4632.062414
-100.0,100,4634.879182
-2.0,100,4637.655856
-100.0,100,4640.457049
-30.0,100,4643.245164
-14.0,100,4646.018868
-2.0,100,4648.841831
-2.0,100,4651.629041
-13.0,100,4654.461804
-17.0,100,4657.251402
-100.0,100,4660.109272
-6.0,100,4662.899255
-100.0,100,4665.774909
-38.0,100,4668.503242
-32.0,100,4671.312908
-96.0,100,4674.092314
-100.0,100,4676.886347
-100.0,100,4679.696793
-18.0,100,4682.520325
-34.0,100,4685.332764
-79.0,100,4688.125231
-100.0,100,4690.956906
-3.0,100,4693.733975
-75.0,100,4696.563864
-100.0,100,4699.300286
-100.0,100,4702.11479
-40.0,100,4704.882378
-31.0,100,4707.661174
-3.0,100,4710.438235
-46.0,100,4713.186165
-100.0,100,4716.021071
-100.0,100,4718.801534
-21.0,100,4721.63399
-100.0,100,4724.377841
-47.0,100,4727.220721
-100.0,100,4729.998005
0.0,100,4732.820306
-3.0,100,4735.60994
-45.0,100,4738.437425
-100.0,100,4741.215932
-15.0,100,4743.980205
-100.0,100,4746.811216
-14.0,100,4749.629132
-20.0,100,4752.429492
-100.0,100,4755.248444
-100.0,100,4757.987088
-100.0,100,4760.843982
-100.0,100,4763.590948
-11.0,100,4766.400322
-54.0,100,4769.30798
-100.0,100,4772.124773
-42.0,100,4774.889
-78.0,100,4777.656113
-100.0,100,4780.475936
-12.0,100,4783.267301
-100.0,100,4786.06767
-58.0,100,4788.852088
-12.0,100,4791.681342
-100.0,100,4794.473374
-22.0,100,4797.307797
-100.0,100,4800.070048
-12.0,100,4802.847842
-100.0,100,4805.693775
-27.0,100,4808.492923
-9.0,100,4811.316735
-100.0,100,4814.102523
-3.0,100,4816.898877
-100.0,100,4819.724534
-3.0,100,4822.521214
-2.0,100,4825.311952
-100.0,100,4828.149183
-100.0,100,4830.895396
-29.0,100,4833.703194
-100.0,100,4836.478798
-100.0,100,4839.278645
-41.0,100,4842.043032
-100.0,100,4844.887189
-100.0,100,4847.677218
-100.0,100,4850.527173
0.0,100,4853.308166
-14.0,100,4856.063445
-87.0,100,4858.860632
-57.0,100,4861.650664
-100.0,100,4864.441734
-14.0,100,4867.235192
-100.0,100,4870.034006
-100.0,100,4872.832194
-89.0,100,4875.662028
-15.0,100,4878.441
-100.0,100,4881.24632
-6.0,100,4884.03673
-100.0,100,4886.872853
-9.0,100,4889.616267
-24.0,100,4892.37622
-100.0,100,4895.231536
-13.0,100,4898.00421
-12.0,100,4900.865262
-84.0,100,4903.649079
-65.0,100,4906.521447
-35.0,100,4909.309002
-8.0,100,4912.137521
-26.0,100,4914.965861
-46.0,100,4917.83594
-14.0,100,4920.616109
-100.0,100,4923.408467
-7.0,100,4926.23177
-35.0,100,4929.038971
-5.0,100,4931.903041
-12.0,100,4934.747418
-100.0,100,4937.514974
-100.0,100,4940.339099
-54.0,100,4943.116324
-100.0,100,4945.879939
-100.0,100,4948.718399
-100.0,100,4951.456834
-100.0,100,4954.222898
-44.0,100,4957.009591
-100.0,100,4959.830459
-100.0,100,4962.606242
-40.0,100,4965.410445
-28.0,100,4968.201314
-100.0,100,4970.98505
-100.0,100,4973.857498
-100.0,100,4976.629606
-100.0,100,4979.473179
0.0,100,4982.249587
-50.0,100,4985.066954
-76.0,100,4987.849995
-6.0,100,4990.704139
-53.0,100,4993.488633
-26.0,100,4996.322098
-100.0,100,4999.073994
-100.0,100,5001.8911
-100.0,100,5004.651112
-79.0,100,5007.489492
-41.0,100,5010.293905
-100.0,100,5013.119051
-12.0,100,5015.859644
-1.0,100,5018.672388
-100.0,100,5021.448961
-34.0,100,5024.21993
-97.0,100,5027.053836
-21.0,100,5029.876056
-63.0,100,5032.700291
-7.0,100,5035.480824
-8.0,100,5038.342069
-5.0,100,5041.127733
0.0,100,5043.953791
-100.0,100,5046.721067
-1.0,100,5049.514925
-100.0,100,5052.350752
-6.0,100,5055.204175
-100.0,100,5058.013514
-15.0,100,5060.894683
-100.0,100,5063.707498
-3.0,100,5066.525767
-43.0,100,5069.374277
-83.0,100,5072.192979
-5.0,100,5074.954451
-100.0,100,5077.772897
-6.0,100,5080.552077
-23.0,100,5083.343492
-100.0,100,5086.21548
-30.0,100,5088.984159
-100.0,100,5091.810917
-1.0,100,5094.597112
-100.0,100,5097.441612
-100.0,100,5100.244244
-100.0,100,5103.063753
-12.0,100,5105.887025
-100.0,100,5108.703149
-4.0,100,5111.483766
-100.0,100,5114.302194
-100.0,100,5117.101947
-100.0,100,5119.938786
-100.0,100,5122.708839
-100.0,100,5125.53806
-100.0,100,5128.301515
-100.0,100,5131.107874
-46.0,100,5133.860653
-100.0,100,5136.624709
-100.0,100,5139.424627
-26.0,100,5142.20545
-5.0,100,5145.006997
-100.0,100,5147.786599
-100.0,100,5150.621408
-1.0,100,5153.402942
0.0,100,5156.256526
-100.0,100,5159.030667
-100.0,100,5161.816077
-95.0,100,5164.686154
-3.0,100,5167.471156
-84.0,100,5170.302482
-12.0,100,5173.081437
-100.0,100,5175.921081
-100.0,100,5178.700195
-42.0,100,5181.517907
-4.0,100,5184.303665
-100.0,100,5187.148174
-100.0,100,5189.92279
-47.0,100,5192.748111
-14.0,100,5195.534259
-99.0,100,5198.348064
-100.0,100,5201.090161
-70.0,100,5203.848725
-11.0,100,5206.668609
-20.0,100,5209.461144
-2.0,100,5212.293634
-73.0,100,5215.080391
-3.0,100,5217.915364
-100.0,100,5220.685485
-45.0,100,5223.529128
-100.0,100,5226.263722
0.0,100,5229.052817
-100.0,100,5231.875993
-100.0,100,5234.691546
-21.0,100,5237.475689
-1.0,100,5240.297748
-100.0,100,5245.222725
-13.0,100,5248.007655
-100.0,100,5250.838117
-71.0,100,5253.656806
-21.0,100,5256.497019
-100.0,100,5259.258735
-100.0,100,5262.029797
-100.0,100,5264.881203
-75.0,100,5267.675991
-100.0,100,5270.50351
-96.0,100,5273.294587
-100.0,100,5276.10169
-12.0,100,5278.897925
-100.0,100,5281.735811
-33.0,100,5284.54843
-29.0,100,5287.334267
-87.0,100,5290.172452
-100.0,100,5292.933614
-53.0,100,5295.778549
-48.0,100,5298.555988
-2.0,100,5301.396438
-38.0,100,5304.170001
-45.0,100,5307.017303
-100.0,100,5309.812387
-11.0,100,5312.641464
-100.0,100,5315.411089
-15.0,100,5318.243366
-39.0,100,5321.032389
-50.0,100,5323.896547
-100.0,100,5326.696365
-23.0,100,5329.482601
-100.0,100,5332.318736
-100.0,100,5335.156887
-3.0,100,5337.959861
-23.0,100,5340.74612
-9.0,100,5343.596444
-80.0,100,5346.408278
-7.0,100,5349.237345
-46.0,100,5352.026284
-22.0,100,5354.85712
-100.0,100,5357.641893
-45.0,100,5360.484132
0.0,100,5363.258964
-99.0,100,5366.071617
0.0,100,5368.908868
-15.0,100,5371.689729
-100.0,100,5374.442111
-100.0,100,5377.250296
-74.0,100,5380.049512
-9.0,100,5382.890408
-100.0,100,5385.677773
-42.0,100,5388.535037
-100.0,100,5391.302142
-100.0,100,5394.18446
-100.0,100,5396.993825
-3.0,100,5399.780844
-100.0,100,5402.647218
-100.0,100,5405.429741
-100.0,100,5408.221537
-46.0,100,5411.004447
-100.0,100,5413.868858
-12.0,100,5416.687386
-100.0,100,5419.521445
-42.0,100,5422.309124
-100.0,100,5425.165335
-100.0,100,5427.998107
-11.0,100,5430.859638
-93.0,100,5433.653524
-2.0,100,5436.516567
-100.0,100,5439.32674
-100.0,100,5442.219962
-100.0,100,5445.004335
-36.0,100,5447.894142
-72.0,100,5450.709215
-100.0,100,5453.498685
-100.0,100,5456.397958
-6.0,100,5459.210573
-100.0,100,5462.017945
-61.0,100,5464.806195
-18.0,100,5467.653404
-62.0,100,5470.469959
-45.0,100,5473.322988
-100.0,100,5476.092182
-100.0,100,5479.001785
-1.0,100,5481.821984
-18.0,100,5484.693078
-100.0,100,5487.514738
-100.0,100,5490.363746
-51.0,100,5493.161098
-100.0,100,5495.997292
-100.0,100,5498.807148
-100.0,100,5501.657694
-100.0,100,5504.497758
-6.0,100,5507.323382
-28.0,100,5510.122488
-100.0,100,5512.93263
-100.0,100,5515.752344
-100.0,100,5518.545901
-17.0,100,5521.387901
-100.0,100,5524.188257
-100.0,100,5527.047993
-100.0,100,5529.81682
-100.0,100,5532.640175
-100.0,100,5535.427859
-9.0,100,5538.267129
-100.0,100,5541.080792
-95.0,100,5543.935216
-100.0,100,5546.733373
-100.0,100,5549.592885
-26.0,100,5552.383576
-100.0,100,5555.202615
-32.0,100,5558.05833
-100.0,100,5560.885852
-2.0,100,5563.718817
-63.0,100,5566.511321
-15.0,100,5569.361149
-2.0,100,5572.191319
-100.0,100,5575.024809
-100.0,100,5577.818934
-1.0,100,5580.668423
-15.0,100,5583.486125
-100.0,100,5586.343982
-30.0,100,5589.146933
-40.0,100,5591.950682
-2.0,100,5594.802405
-2.0,100,5597.651359
-100.0,100,5600.423693
-100.0,100,5603.232102
-100.0,100,5606.088587
-9.0,100,5608.877761
-8.0,100,5611.728612
-100.0,100,5614.523665
-100.0,100,5617.416158
-34.0,100,5620.219997
-27.0,100,5623.064608
-8.0,100,5625.899757
-100.0,100,5628.746265
-100.0,100,5631.549696
-3.0,100,5634.336541
-11.0,100,5637.193551
-100.0,100,5639.985462
-100.0,100,5642.850152
-47.0,100,5645.665596
-17.0,100,5648.531756
-100.0,100,5651.371737
-100.0,100,5654.24942
-100.0,100,5657.083561
-15.0,100,5659.927304
-100.0,100,5662.772363
-11.0,100,5665.562226
-100.0,100,5668.432124
-2.0,100,5671.439203
-37.0,100,5674.269413
-4.0,100,5677.041639
-100.0,100,5679.771026
-3.0,100,5682.577958
-27.0,100,5685.347568
-100.0,100,5688.173277
-33.0,100,5690.945755
-28.0,100,5693.763733
-20.0,100,5696.523745
-100.0,100,5699.355001
-100.0,100,5702.169889
-100.0,100,5704.983539
-98.0,100,5707.746036
-82.0,100,5710.577163
-100.0,100,5713.355742
-26.0,100,5716.187378
-34.0,100,5718.992879
-100.0,100,5721.833442
-13.0,100,5724.621732
-5.0,100,5727.449603
-37.0,100,5730.226775
-100.0,100,5733.029901
-30.0,100,5735.801822
-100.0,100,5738.584565
-100.0,100,5741.400357
-100.0,100,5744.155625
-4.0,100,5747.001705
-17.0,100,5749.818185
-100.0,100,5751.780428
-67.0,100,5753.117652
-100.0,100,5754.422535
-100.0,100,5756.107123
-1.0,100,5757.80601
-100.0,100,5759.389268
-3.0,100,5760.970179
-46.0,100,5762.521627
-100.0,100,5764.173718
-100.0,100,5765.780179
-8.0,100,5767.40556
-58.0,100,5768.985662
-98.0,100,5770.562332
-12.0,100,5772.158618
-100.0,100,5773.818369
-46.0,100,5775.459244
-6.0,100,5777.154693
-3.0,100,5778.784686
-13.0,100,5780.362142
-2.0,100,5781.948121
-100.0,100,5783.603829
-13.0,100,5785.218062
-100.0,100,5786.822732
-100.0,100,5788.414404
-100.0,100,5790.021323
-5.0,100,5791.721616
-12.0,100,5793.409777
-98.0,100,5795.031447
-100.0,100,5796.639992
-15.0,100,5798.090299
-34.0,100,5799.409344
-100.0,100,5801.012146
-23.0,100,5802.76929
-100.0,100,5804.542285
-62.0,100,5805.942234
-100.0,100,5807.350638
-9.0,100,5808.980296
-100.0,100,5810.529249
-100.0,100,5812.044375
-100.0,100,5813.612026
-100.0,100,5814.97232
-23.0,100,5816.4575
-41.0,100,5818.000818
-72.0,100,5819.864937
-5.0,100,5821.579694
-100.0,100,5823.201893
-8.0,100,5824.802225
-19.0,100,5826.46163
-5.0,100,5828.147619
-100.0,100,5829.978645
-100.0,100,5831.724392
-45.0,100,5833.596734
-100.0,100,5835.288971
-100.0,100,5836.927231
-32.0,100,5838.51179
-4.0,100,5840.258231
-71.0,100,5841.955175
-5.0,100,5843.556048
-86.0,100,5845.138528
-100.0,100,5846.765597
-100.0,100,5848.395137
-100.0,100,5850.096817
-100.0,100,5851.46859
-37.0,100,5852.792967
-100.0,100,5854.196552
-43.0,100,5855.82348
-100.0,100,5857.577491
-5.0,100,5859.447866
-4.0,100,5861.304037
-1.0,100,5862.895783
-36.0,100,5864.722957
-100.0,100,5866.371701
-3.0,100,5868.076434
-100.0,100,5869.675165
-10.0,100,5871.314479
-100.0,100,5872.625026
-46.0,100,5874.274179
-99.0,100,5876.002292
-100.0,100,5877.767142
-100.0,100,5879.236045
-11.0,100,5880.788075
-49.0,100,5882.359355
-25.0,100,5884.031265
-55.0,100,5885.75577
-23.0,100,5887.493275
-100.0,100,5888.98788
-100.0,100,5890.384813
-94.0,100,5892.041445
-5.0,100,5893.701727
-21.0,100,5895.335095
-100.0,100,5896.902839
-17.0,100,5898.479197
-100.0,100,5900.105218
-100.0,100,5901.700115
-100.0,100,5903.292253
-100.0,100,5904.887408
-100.0,100,5906.238183
-17.0,100,5907.611054
-100.0,100,5908.963209
-100.0,100,5910.718782
-100.0,100,5912.357608
-22.0,100,5913.961746
-79.0,100,5915.241568
-73.0,100,5916.745992
-1.0,100,5918.442487
-100.0,100,5920.062906
-100.0,100,5921.676168
-76.0,100,5923.137562
-100.0,100,5924.505979
-100.0,100,5926.150538
-99.0,100,5927.754993
0.0,100,5929.409611
-54.0,100,5931.151783
-8.0,100,5932.602466
-100.0,100,5934.125124
-100.0,100,5935.743166
-10.0,100,5937.237509
-6.0,100,5938.852225
-100.0,100,5940.482557
-4.0,100,5942.052214
-100.0,100,5943.585461
-100.0,100,5945.214974
-100.0,100,5946.861925
-6.0,100,5948.516726
-100.0,100,5950.215364
-100.0,100,5951.849844
-11.0,100,5953.427171
-100.0,100,5955.037977
-100.0,100,5956.672802
-3.0,100,5958.317766
-24.0,100,5959.901685
-98.0,100,5961.370363
-100.0,100,5962.750343
-100.0,100,5964.481443
-100.0,100,5966.260688
-100.0,100,5968.0776
-14.0,100,5969.526427
-6.0,100,5971.051673
-42.0,100,5972.528599
-100.0,100,5974.178377
-100.0,100,5975.881339
-1.0,100,5977.661278
-26.0,100,5979.267359
-31.0,100,5980.873031
0.0,100,5982.502718
-100.0,100,5984.231175
-18.0,100,5985.841467
-24.0,100,5987.303962
-100.0,100,5988.768512
-100.0,100,5990.332845
-100.0,100,5992.008845
-10.0,100,5993.706693
-4.0,100,5995.397336
-100.0,100,5996.990451
-100.0,100,5998.378392
-100.0,100,5999.873406
-28.0,100,6001.506648
-100.0,100,6003.084891
-100.0,100,6004.717974
-50.0,100,6006.194664
-14.0,100,6007.766256
-22.0,100,6009.436875
-100.0,100,6011.052273
-100.0,100,6012.652457
-100.0,100,6014.285167
-100.0,100,6015.761338
-98.0,100,6017.25412
-49.0,100,6018.964021
-92.0,100,6020.673481
-100.0,100,6022.414452
-33.0,100,6024.039623
-69.0,100,6025.496732
-100.0,100,6026.906304
-100.0,100,6028.566734
-9.0,100,6030.206702
-70.0,100,6031.791741
-6.0,100,6033.21026
-5.0,100,6034.663906
-13.0,100,6036.03956
-100.0,100,6037.573143
-100.0,100,6039.231868
-100.0,100,6040.682976
-3.0,100,6041.988413
-69.0,100,6043.315751
-100.0,100,6044.778177
-26.0,100,6046.463405
-2.0,100,6048.061562
-100.0,100,6049.653282
-2.0,100,6051.278984
-100.0,100,6052.709413
-100.0,100,6054.228419
-100.0,100,6055.832216
-100.0,100,6057.437589
-2.0,100,6059.06636
-100.0,100,6060.677445
-94.0,100,6062.327824
-31.0,100,6064.025675
-39.0,100,6065.700148
-100.0,100,6067.338477
-14.0,100,6068.955768
-100.0,100,6070.574841
-100.0,100,6072.091029
-100.0,100,6073.828641
-41.0,100,6075.639852
-51.0,100,6077.324118
-100.0,100,6078.67655
-20.0,100,6080.073079
-14.0,100,6081.503878
-100.0,100,6083.236795
-2.0,100,6084.918718
-21.0,100,6086.350949
-4.0,100,6088.005103
-100.0,100,6089.494865
-100.0,100,6091.084795
-57.0,100,6092.883721
-100.0,100,6094.521443
-100.0,100,6095.929355
-100.0,100,6097.42018
-100.0,100,6098.779717
-51.0,100,6100.301547
-18.0,100,6102.033993
-100.0,100,6103.694165
-100.0,100,6105.254291
-100.0,100,6106.801154
-100.0,100,6108.425536
-100.0,100,6110.082904
-100.0,100,6111.733586
-100.0,100,6113.342817
-23.0,100,6114.968128
-100.0,100,6116.546774
-100.0,100,6118.166504
-100.0,100,6119.771685
-100.0,100,6121.437703
-100.0,100,6123.005342
-23.0,100,6124.420582
0.0,100,6126.004644
-17.0,100,6127.474674
-100.0,100,6129.069507
-6.0,100,6130.697539
-100.0,100,6131.993968
-100.0,100,6133.430867
-100.0,100,6134.876704
-6.0,100,6136.5272
-3.0,100,6138.157155
-75.0,100,6139.686828
-80.0,100,6141.189091
-14.0,100,6142.956282
-77.0,100,6144.648619
-19.0,100,6146.357043
-5.0,100,6147.965392
-100.0,100,6149.348932
-100.0,100,6150.786414
-100.0,100,6152.15652
-100.0,100,6153.815727
-100.0,100,6155.454831
-100.0,100,6157.216965
-100.0,100,6158.872229
-55.0,100,6160.363469
-100.0,100,6161.802438
-68.0,100,6163.406094
-30.0,100,6165.03142
-21.0,100,6166.645042
-6.0,100,6168.213799
-100.0,100,6169.814349
-100.0,100,6171.458493
-83.0,100,6173.047423
-2.0,100,6174.661488
-100.0,100,6176.246274
-37.0,100,6177.845758
-73.0,100,6179.307125
-75.0,100,6181.022141
-28.0,100,6182.673216
-100.0,100,6184.379811
-100.0,100,6185.913666
-33.0,100,6187.485702
-100.0,100,6188.899707
-100.0,100,6190.499218
-3.0,100,6192.208857
-100.0,100,6193.817394
-100.0,100,6195.111932
-1.0,100,6196.574542
-24.0,100,6198.011853
-31.0,100,6199.665075
-33.0,100,6201.296631
-49.0,100,6202.759036
-100.0,100,6204.138983
-73.0,100,6205.521277
-100.0,100,6207.043475
-78.0,100,6208.715039
-17.0,100,6210.371744
-17.0,100,6211.949497
-4.0,100,6213.531179
-100.0,100,6215.178442
-100.0,100,6216.871731
-100.0,100,6218.517233
-21.0,100,6220.187478
-1.0,100,6221.889075
-100.0,100,6223.652603
-100.0,100,6225.315372
-6.0,100,6227.114084
-100.0,100,6228.829084
-22.0,100,6230.4605
-100.0,100,6232.071633
-35.0,100,6233.680752
-88.0,100,6235.378758
-61.0,100,6236.9423
-100.0,100,6238.540394
-1.0,100,6240.165655
-100.0,100,6241.640664
-42.0,100,6243.124067
-100.0,100,6244.933495
-34.0,100,6246.619297
-15.0,100,6248.266906
-79.0,100,6249.774797
-41.0,100,6251.351789
-100.0,100,6253.055356
-24.0,100,6254.874756
-100.0,100,6256.537694
-30.0,100,6257.956681
-56.0,100,6259.363853
-100.0,100,6262.375534
-100.0,100,6264.15057
-2.0,100,6266.010504
-1.0,100,6267.641622
-100.0,100,6269.245037
-100.0,100,6270.85926
-2.0,100,6272.474157
-100.0,100,6274.063658
-100.0,100,6275.722386
-100.0,100,6277.276367
-57.0,100,6278.838544
-100.0,100,6280.438908
-37.0,100,6282.071793
-41.0,100,6283.708954
-11.0,100,6285.374823
-38.0,100,6287.01847
-19.0,100,6288.695743
-100.0,100,6290.31882
-100.0,100,6291.921092
0.0,100,6293.510304
-20.0,100,6295.125845
-13.0,100,6296.746725
-73.0,100,6298.323637
-88.0,100,6299.909208
-36.0,100,6301.559017
-86.0,100,6303.056306
-26.0,100,6304.355314
-85.0,100,6305.761701
-100.0,100,6307.244952
-100.0,100,6308.92544
-10.0,100,6310.525202
-30.0,100,6312.091689
-10.0,100,6313.678131
-44.0,100,6314.990107
-97.0,100,6316.510219
-55.0,100,6318.113245
-100.0,100,6319.666648
-100.0,100,6321.136089
-100.0,100,6322.703147
-14.0,100,6324.268981
-2.0,100,6325.906326
-100.0,100,6327.520255
-100.0,100,6329.079415
-100.0,100,6330.645944
-100.0,100,6332.22333
-100.0,100,6333.72308
-61.0,100,6335.175137
-43.0,100,6336.779374
-52.0,100,6338.439827
-11.0,100,6340.032088
-100.0,100,6341.575387
-28.0,100,6343.182741
-100.0,100,6344.825624
-100.0,100,6346.456922
-74.0,100,6348.01845
-100.0,100,6349.592257
-100.0,100,6351.243713
-100.0,100,6352.85552
-100.0,100,6354.4409
-24.0,100,6356.059132
-100.0,100,6357.419232
-100.0,100,6358.88604
-39.0,100,6360.486046
-100.0,100,6362.4057
-34.0,100,6364.079054
-9.0,100,6365.522571
-28.0,100,6366.819791
-100.0,100,6368.197922
-1.0,100,6369.696442
-14.0,100,6371.386865
-48.0,100,6372.989191
-100.0,100,6374.549008
-63.0,100,6376.117529
-100.0,100,6377.441482
-100.0,100,6379.158864
-100.0,100,6380.791689
-11.0,100,6382.431575
-100.0,100,6384.026097
-24.0,100,6385.845259
-100.0,100,6387.47539
-11.0,100,6389.143067
-100.0,100,6390.735539
-100.0,100,6392.327205
-100.0,100,6393.883933
-49.0,100,6395.485282
-100.0,100,6396.981349
-100.0,100,6398.538855
-100.0,100,6400.179318
-100.0,100,6401.794756
-100.0,100,6403.36077
-24.0,100,6404.946695
-88.0,100,6406.539878
-6.0,100,6408.201803
-100.0,100,6409.819463
-100.0,100,6411.413877
-94.0,100,6412.98319
-15.0,100,6414.613487
-100.0,100,6416.253825
-63.0,100,6418.032094
-100.0,100,6419.700222
-31.0,100,6421.3067
-19.0,100,6422.767883
-72.0,100,6424.194468
-13.0,100,6425.834258
-100.0,100,6427.565603
-100.0,100,6428.934278
-100.0,100,6430.231345
-100.0,100,6431.818356
-11.0,100,6433.50375
-100.0,100,6435.187688
-100.0,100,6436.832647
-2.0,100,6438.415177
-57.0,100,6440.006394
-13.0,100,6441.637871
-5.0,100,6443.257761
-100.0,100,6444.889817
-8.0,100,6446.574887
-29.0,100,6448.137089
-100.0,100,6449.637909
-86.0,100,6451.13026
-100.0,100,6452.820388
-15.0,100,6454.634555
-16.0,100,6456.379443
-100.0,100,6458.021789
-100.0,100,6459.705994
-41.0,100,6461.330943
-12.0,100,6463.181068
-50.0,100,6465.051806
-100.0,100,6466.678629
-100.0,100,6468.294681
-100.0,100,6469.938901
-2.0,100,6471.618002
-100.0,100,6473.316869
-97.0,100,6474.913101
-1.0,100,6476.508417
-100.0,100,6478.136004
-100.0,100,6479.794822
-100.0,100,6481.452882
-3.0,100,6483.155442
-13.0,100,6484.8267
-99.0,100,6486.403883
-3.0,100,6487.719984
-95.0,100,6489.379692
-7.0,100,6491.046902
-27.0,100,6492.73219
-100.0,100,6494.213869
-25.0,100,6495.528229
-100.0,100,6497.126857
-3.0,100,6498.826362
-100.0,100,6500.369022
-3.0,100,6501.970839
-28.0,100,6503.535351
-3.0,100,6505.054224
-11.0,100,6506.770646
-100.0,100,6508.471855
-100.0,100,6510.162606
-100.0,100,6511.914964
-36.0,100,6513.47606
-89.0,100,6515.091469
-11.0,100,6516.746652
-100.0,100,6518.365291
-100.0,100,6519.97882
-100.0,100,6521.561864
-100.0,100,6523.152036
-16.0,100,6524.801142
-55.0,100,6526.410986
-100.0,100,6528.184493
-24.0,100,6529.966817
-46.0,100,6531.453401
-1.0,100,6532.845502
-2.0,100,6534.315637
-100.0,100,6535.920737
-100.0,100,6537.709993
-100.0,100,6539.160125
-2.0,100,6540.471541
-24.0,100,6542.102389
-47.0,100,6543.731478
-92.0,100,6545.350827
-100.0,100,6546.967186
-100.0,100,6548.325002
-100.0,100,6549.702585
-1.0,100,6551.206688
-18.0,100,6552.765442
-14.0,100,6554.477459
-100.0,100,6556.132679
-99.0,100,6557.728874
-6.0,100,6559.313397
-100.0,100,6560.954021
-100.0,100,6562.762231
-86.0,100,6564.348855
-100.0,100,6565.951191
-100.0,100,6567.51783
-100.0,100,6569.121541
-8.0,100,6570.726726
-30.0,100,6572.432956
-97.0,100,6574.084955
-100.0,100,6575.722945
-2.0,100,6577.309886
-100.0,100,6578.908299
-100.0,100,6580.500185
-22.0,100,6582.130969
-13.0,100,6583.733802
-100.0,100,6585.273101
-52.0,100,6586.615529
-100.0,100,6588.174795
-98.0,100,6589.818762
-8.0,100,6591.510422
-100.0,100,6593.156713
-10.0,100,6594.615821
-100.0,100,6595.983109
-9.0,100,6597.765513
-100.0,100,6599.471384
-100.0,100,6601.141777
-100.0,100,6602.719327
-6.0,100,6604.251283
-78.0,100,6605.64648
-100.0,100,6607.271738
-100.0,100,6608.898652
-19.0,100,6610.505315
-100.0,100,6611.874152
-100.0,100,6613.422992
-100.0,100,6615.045211
-1.0,100,6616.70188
-2.0,100,6618.35024
-100.0,100,6620.103727
-100.0,100,6621.697242
-37.0,100,6623.287223
-100.0,100,6624.965704
-100.0,100,6626.59355
-60.0,100,6628.317834
-100.0,100,6629.916963
-100.0,100,6631.679234
-100.0,100,6633.313272
-31.0,100,6635.012291
-100.0,100,6636.670363
-96.0,100,6638.272748
-2.0,100,6639.894881
-12.0,100,6641.412119
-40.0,100,6642.992149
-3.0,100,6644.806561
-100.0,100,6646.480613
-10.0,100,6647.932899
-100.0,100,6649.221824
-24.0,100,6650.637767
-100.0,100,6652.16092
-3.0,100,6653.79171
-38.0,100,6655.577477
-100.0,100,6657.174422
-100.0,100,6658.680788
-100.0,100,6660.190751
-26.0,100,6662.135461
-23.0,100,6663.781279
-2.0,100,6665.418009
-8.0,100,6666.730851
-100.0,100,6668.181452
-2.0,100,6669.696462
-100.0,100,6671.413104
-100.0,100,6673.165289
-32.0,100,6674.751584
-100.0,100,6676.258706
0.0,100,6677.737699
-25.0,100,6679.358669
-84.0,100,6680.960003
-53.0,100,6682.536888
-81.0,100,6684.348961
-21.0,100,6685.939437
-13.0,100,6687.524839
-100.0,100,6689.092358
-32.0,100,6690.694696
-31.0,100,6692.352757
-100.0,100,6693.916879
-2.0,100,6695.490231
-8.0,100,6697.175141
-100.0,100,6698.654004
-100.0,100,6700.510262
-20.0,100,6702.063095
-100.0,100,6703.677056
-100.0,100,6705.304496
-100.0,100,6707.125139
-100.0,100,6708.914917
-100.0,100,6710.60434
-12.0,100,6712.213632
-9.0,100,6713.616054
-10.0,100,6715.179653
-23.0,100,6716.827972
-100.0,100,6718.478421
-6.0,100,6720.058795
-88.0,100,6721.618398
-100.0,100,6723.20359
-16.0,100,6724.80037
-100.0,100,6726.436888
-12.0,100,6728.021781
-100.0,100,6729.594105
-100.0,100,6731.203422
-100.0,100,6732.77215
-100.0,100,6734.392114
-100.0,100,6736.016672
-3.0,100,6737.636039
-23.0,100,6739.203022
-6.0,100,6740.776685
-4.0,100,6742.397271
-16.0,100,6743.991997
-86.0,100,6745.576705
-72.0,100,6747.192143
-100.0,100,6748.786003
-24.0,100,6750.285908
-3.0,100,6752.032862
-32.0,100,6753.758178
-10.0,100,6755.441033
-100.0,100,6756.857309
-18.0,100,6758.237753
-8.0,100,6759.704014
-4.0,100,6761.292416
-100.0,100,6762.903449
-100.0,100,6764.501171
-100.0,100,6766.242854
-100.0,100,6767.763613
-25.0,100,6769.243453
-8.0,100,6771.023254
-100.0,100,6772.802607
-95.0,100,6774.181005
-100.0,100,6775.76787
-100.0,100,6777.372334
-99.0,100,6779.086928
-100.0,100,6780.973133
-100.0,100,6782.659763
-86.0,100,6784.246686
-16.0,100,6785.862512
-10.0,100,6787.534127
-17.0,100,6789.234143
-100.0,100,6790.897315
-100.0,100,6792.684064
-87.0,100,6794.337946
-15.0,100,6795.939618
-100.0,100,6797.692673
-100.0,100,6799.490387
-22.0,100,6801.183146
-14.0,100,6802.847029
-100.0,100,6804.468716
-10.0,100,6806.098703
-26.0,100,6807.901798
-100.0,100,6809.579431
-26.0,100,6811.300191
-10.0,100,6812.604405
-41.0,100,6813.993087
-100.0,100,6815.485777
-100.0,100,6817.299541
-21.0,100,6819.019755
0.0,100,6820.697178
-82.0,100,6822.284969
-100.0,100,6823.794948
-21.0,100,6825.316923
0.0,100,6827.045768
-100.0,100,6828.77673
-57.0,100,6830.389341
-48.0,100,6831.685196
-11.0,100,6833.314193
-100.0,100,6835.089035
-100.0,100,6836.904138
-16.0,100,6838.63758
0.0,100,6840.248167
-9.0,100,6841.85322
-4.0,100,6843.445176
-1.0,100,6845.207983
-100.0,100,6846.946223
-100.0,100,6848.563912
-69.0,100,6850.193947
-6.0,100,6851.773903
-41.0,100,6853.441891
-17.0,100,6855.090729
-14.0,100,6856.717637
-14.0,100,6858.306015
-99.0,100,6859.896565
-100.0,100,6861.491979
-100.0,100,6863.102619
-9.0,100,6864.72321
-4.0,100,6866.377253
-100.0,100,6867.946999
-100.0,100,6869.331582
-100.0,100,6870.992908
-35.0,100,6872.776251
-100.0,100,6874.454758
-75.0,100,6876.052038
-100.0,100,6877.378761
-38.0,100,6878.824465
-2.0,100,6880.282341
-11.0,100,6882.063086
-35.0,100,6883.833572
-3.0,100,6885.463608
-1.0,100,6887.057993
-100.0,100,6888.55938
-100.0,100,6890.281503
-59.0,100,6891.999485
-77.0,100,6893.62362
-100.0,100,6895.03925
-100.0,100,6896.558468
-100.0,100,6898.215968
-36.0,100,6899.822923
-1.0,100,6901.407567
-17.0,100,6903.028789
-11.0,100,6904.647697
-13.0,100,6906.233733
-84.0,100,6907.874983
-11.0,100,6909.551179
-21.0,100,6911.23126
-21.0,100,6912.849356
-13.0,100,6914.43852
-100.0,100,6916.080892
-100.0,100,6917.732228
-16.0,100,6919.383502
-100.0,100,6920.993719
-3.0,100,6922.623206
-28.0,100,6924.261759
-100.0,100,6925.75768
-37.0,100,6927.475325
-24.0,100,6929.267837
-46.0,100,6930.781046
-100.0,100,6932.200032
-100.0,100,6933.68941
-100.0,100,6935.23693
-100.0,100,6937.001792
-5.0,100,6938.786558
-25.0,100,6940.354173
-1.0,100,6941.953949
-10.0,100,6943.334827
-100.0,100,6945.007148
-100.0,100,6946.970131
-31.0,100,6948.871671
-100.0,100,6950.350324
-18.0,100,6951.748023
-100.0,100,6953.165924
-100.0,100,6954.768562
-49.0,100,6956.450666
-100.0,100,6958.103224
-99.0,100,6959.669771
-100.0,100,6961.25966
-93.0,100,6962.905763
-5.0,100,6964.620086
-44.0,100,6966.390137
-100.0,100,6968.024287
-48.0,100,6969.628095
-100.0,100,6971.237293
-38.0,100,6972.868981
-100.0,100,6974.50158
-44.0,100,6976.191639
-23.0,100,6977.757387
-98.0,100,6979.352299
-43.0,100,6980.968359
-100.0,100,6982.619339
-61.0,100,6984.376557
-100.0,100,6985.991368
-18.0,100,6987.468055
-100.0,100,6989.015893
-7.0,100,6990.732249
-100.0,100,6992.527572
-12.0,100,6994.18124
-10.0,100,6995.561145
-1.0,100,6997.032065
-15.0,100,6998.437787
-100.0,100,7000.07527
-100.0,100,7001.834289
-78.0,100,7003.535114
-95.0,100,7005.115971
-100.0,100,7006.4238
-100.0,100,7007.893893
-13.0,100,7009.552274
-100.0,100,7011.269459
-29.0,100,7013.062767
-12.0,100,7014.728057
-100.0,100,7016.302762
-100.0,100,7017.988918
-100.0,100,7019.798401
-15.0,100,7021.45463
-100.0,100,7023.085604
-38.0,100,7024.656849
-19.0,100,7026.252488
-100.0,100,7028.017447
-100.0,100,7029.631615
-100.0,100,7031.273206
-100.0,100,7032.836269
-91.0,100,7034.293618
-100.0,100,7035.903508
-2.0,100,7037.562786
-26.0,100,7039.284219
-98.0,100,7040.989013
-97.0,100,7042.472864
-3.0,100,7043.868879
-17.0,100,7045.623591
-100.0,100,7047.301682
-8.0,100,7048.917943
-16.0,100,7050.320649
-2.0,100,7051.889927
-100.0,100,7053.345463
-20.0,100,7054.931783
-100.0,100,7056.800099
-17.0,100,7058.355665
-56.0,100,7059.772003
-47.0,100,7061.191018
-34.0,100,7062.617237
-100.0,100,7064.339014
-100.0,100,7067.511067
-100.0,100,7069.116078
-100.0,100,7070.714067
-100.0,100,7072.382676
-100.0,100,7074.035477
-4.0,100,7075.712432
-100.0,100,7077.26947
-13.0,100,7078.8603
-17.0,100,7080.534096
-11.0,100,7082.297568
-94.0,100,7083.972833
-100.0,100,7085.650607
-88.0,100,7087.300872
-49.0,100,7088.912364
-35.0,100,7090.537334
-74.0,100,7092.14228
-2.0,100,7093.815743
-100.0,100,7095.392689
-100.0,100,7097.005068
-62.0,100,7098.591943
-13.0,100,7100.206389
-12.0,100,7101.821649
-3.0,100,7103.435227
-100.0,100,7105.009045
-92.0,100,7106.62641
-66.0,100,7108.198211
-100.0,100,7109.839655
-4.0,100,7111.463172
-100.0,100,7113.036591
-100.0,100,7114.440743
-13.0,100,7116.046848
-100.0,100,7117.717474
-100.0,100,7119.379426
-8.0,100,7121.019785
-52.0,100,7122.622367
-100.0,100,7124.196798
-76.0,100,7125.82851
-100.0,100,7127.460505
-21.0,100,7129.090876
-100.0,100,7130.690819
-24.0,100,7132.347052
-1.0,100,7133.954803
-100.0,100,7135.653265
-13.0,100,7137.336416
-100.0,100,7139.079215
-100.0,100,7140.671519
-20.0,100,7142.288289
-7.0,100,7143.921085
-22.0,100,7145.657195
-100.0,100,7147.529459
-100.0,100,7149.285608
-100.0,100,7150.967054
-19.0,100,7152.617631
-100.0,100,7154.285344
-93.0,100,7155.964236
-100.0,100,7157.646148
-100.0,100,7159.302546
-100.0,100,7160.726739
-100.0,100,7162.013167
-3.0,100,7163.882955
-100.0,100,7165.669575
-6.0,100,7167.32805
-100.0,100,7168.86476
-100.0,100,7170.116849
-100.0,100,7171.500077
-1.0,100,7172.980914
-100.0,100,7174.648322
-100.0,100,7176.292451
-100.0,100,7177.927328
-3.0,100,7179.337943
-6.0,100,7180.731083
-100.0,100,7182.365656
-100.0,100,7184.087092
-2.0,100,7185.79391
-29.0,100,7187.375553
-1.0,100,7188.960362
-100.0,100,7190.665101
-1.0,100,7192.276948
-80.0,100,7194.043419
-38.0,100,7195.624223
-100.0,100,7197.184881
-41.0,100,7198.670722
-100.0,100,7200.345325
-5.0,100,7202.00786
-1.0,100,7203.845896
-100.0,100,7205.409024
-100.0,100,7207.013592
-100.0,100,7208.62107
-100.0,100,7210.283207
-10.0,100,7211.941152
-65.0,100,7213.542754
-13.0,100,7215.164897
-12.0,100,7216.801212
-100.0,100,7218.439808
-100.0,100,7220.092798
-100.0,100,7221.711139
-100.0,100,7223.338986
-100.0,100,7224.752257
-2.0,100,7226.184171
-100.0,100,7227.927607
-18.0,100,7229.611827
-100.0,100,7231.431724
-32.0,100,7233.070996
-100.0,100,7234.643991
-100.0,100,7236.317064
-100.0,100,7238.070695
-100.0,100,7239.788281
-95.0,100,7241.371283
-100.0,100,7243.040132
-74.0,100,7244.672879
-100.0,100,7246.33302
-35.0,100,7247.958972
-100.0,100,7249.649127
-30.0,100,7251.229333
-100.0,100,7252.83631
-100.0,100,7254.524052
-100.0,100,7256.185333
-17.0,100,7257.831834
-3.0,100,7259.420612
-12.0,100,7260.904442
-2.0,100,7262.517783
-42.0,100,7264.160647
-100.0,100,7265.808016
-2.0,100,7267.457997
-100.0,100,7269.081955
-33.0,100,7270.682867
-22.0,100,7272.339927
-100.0,100,7274.00159
-3.0,100,7275.708685
-12.0,100,7277.218266
-100.0,100,7278.685938
-2.0,100,7280.174407
-100.0,100,7281.709431
-21.0,100,7283.359768
-100.0,100,7285.003986
-34.0,100,7286.63618
-12.0,100,7288.262536
-1.0,100,7289.87117
-13.0,100,7291.527635
-100.0,100,7293.159687
-100.0,100,7294.78581
-100.0,100,7296.217918
-10.0,100,7297.574014
-100.0,100,7299.256121
-9.0,100,7300.964166
-100.0,100,7302.580169
-13.0,100,7304.168946
-100.0,100,7305.768561
-2.0,100,7307.43448
-100.0,100,7309.084087
-14.0,100,7310.768525
-42.0,100,7312.401798
-6.0,100,7314.030064
-1.0,100,7315.648417
0.0,100,7317.305287
-100.0,100,7318.95457
-100.0,100,7320.630866
-100.0,100,7322.323041
-100.0,100,7323.92896
-100.0,100,7325.73523
-90.0,100,7327.406372
-100.0,100,7329.065344
-100.0,100,7330.658279
-100.0,100,7332.247157
-100.0,100,7333.895612
-100.0,100,7335.574327
-1.0,100,7337.255416
-7.0,100,7338.896885
-9.0,100,7340.573708
-5.0,100,7342.088356
-18.0,100,7343.444474
-34.0,100,7345.085829
-100.0,100,7346.85475
-100.0,100,7348.394447
-5.0,100,7349.706782
-1.0,100,7351.068832
-25.0,100,7352.520222
-48.0,100,7354.20559
-71.0,100,7355.852279
-97.0,100,7357.452322
-98.0,100,7359.07397
-100.0,100,7360.659945
-100.0,100,7362.416733
-12.0,100,7364.066728
-43.0,100,7365.751319
-100.0,100,7367.385745
-100.0,100,7368.952852
-100.0,100,7370.593585
-100.0,100,7372.260341
-100.0,100,7373.94381
-100.0,100,7375.575187
-100.0,100,7377.220618
-2.0,100,7378.872204
-100.0,100,7380.578979
-77.0,100,7382.25673
-100.0,100,7383.927871
-62.0,100,7385.615335
-100.0,100,7387.026655
-100.0,100,7388.479787
-100.0,100,7390.190495
-10.0,100,7391.910816
-100.0,100,7393.709681
-100.0,100,7395.387759
-100.0,100,7397.075815
-12.0,100,7398.775994
-100.0,100,7400.474709
-7.0,100,7402.13831
-63.0,100,7403.776927
-100.0,100,7405.412609
-100.0,100,7406.864348
-100.0,100,7408.354586
-100.0,100,7410.088853
-100.0,100,7411.783444
-100.0,100,7413.456245
-100.0,100,7414.967229
-28.0,100,7416.394993
-2.0,100,7418.128018
-5.0,100,7419.782171
-19.0,100,7421.419125
-100.0,100,7423.032999
-100.0,100,7424.655989
-26.0,100,7426.298772
-3.0,100,7427.932317
-13.0,100,7429.595554
-18.0,100,7431.247129
-94.0,100,7432.856358
-100.0,100,7434.49779
-100.0,100,7436.408092
-9.0,100,7438.162325
-26.0,100,7439.806896
-100.0,100,7441.374856
-16.0,100,7442.958171
-7.0,100,7444.469363
-100.0,100,7446.125773
-100.0,100,7447.785365
-100.0,100,7449.323283
-7.0,100,7450.858549
-100.0,100,7452.6195
-13.0,100,7454.384119
-100.0,100,7456.046369
-34.0,100,7457.673935
-33.0,100,7459.124279
-100.0,100,7460.706758
-2.0,100,7462.38394
-100.0,100,7464.195205
-100.0,100,7465.939345
-100.0,100,7467.612449
-33.0,100,7469.212191
-100.0,100,7470.81287
-81.0,100,7472.489772
-100.0,100,7474.693561
-1.0,100,7476.520219
-22.0,100,7478.147151
-100.0,100,7479.731155
-42.0,100,7481.361809
-49.0,100,7482.967042
-100.0,100,7484.643615
-12.0,100,7486.242731
-13.0,100,7487.831071
-100.0,100,7489.40858
-100.0,100,7491.03027
-1.0,100,7492.647963
-10.0,100,7494.251205
-2.0,100,7495.840674
-100.0,100,7497.488961
-9.0,100,7499.169208
-99.0,100,7500.828715
-100.0,100,7502.448128
-100.0,100,7504.067116
-100.0,100,7505.546381
-100.0,100,7507.207809
-6.0,100,7508.93046
-21.0,100,7510.686941
-21.0,100,7512.285798
-100.0,100,7513.676476
-14.0,100,7515.143837
-98.0,100,7516.597627
-100.0,100,7518.248216
-100.0,100,7520.013679
-100.0,100,7521.695652
-100.0,100,7523.045419
-100.0,100,7524.555031
-100.0,100,7526.291988
-24.0,100,7527.91862
-100.0,100,7529.602614
-100.0,100,7531.035077
-100.0,100,7532.5589
-2.0,100,7534.174172
-58.0,100,7535.807461
-100.0,100,7537.444851
-100.0,100,7539.031412
-37.0,100,7540.599613
-20.0,100,7542.207844
-100.0,100,7543.890178
-40.0,100,7545.720141
-100.0,100,7547.42878
-100.0,100,7549.043751
-1.0,100,7550.657271
-66.0,100,7552.260323
-10.0,100,7553.905158
-100.0,100,7555.580484
-100.0,100,7557.381691
-56.0,100,7559.002434
-100.0,100,7560.49297
-100.0,100,7562.067987
-8.0,100,7563.849185
-100.0,100,7565.579609
-100.0,100,7567.21145
-2.0,100,7568.621565
-31.0,100,7570.069294
-100.0,100,7571.565666
-100.0,100,7573.207678
-100.0,100,7574.86329
-43.0,100,7576.193743
-8.0,100,7577.55257
-13.0,100,7578.976507
-100.0,100,7580.689631
-100.0,100,7582.447631
-25.0,100,7584.086059
-100.0,100,7585.826335
-34.0,100,7587.508722
-19.0,100,7589.24382
-100.0,100,7590.866484
-100.0,100,7592.529262
-100.0,100,7594.211572
-100.0,100,7595.811339
-64.0,100,7597.450845
-98.0,100,7599.166626
-100.0,100,7600.898911
-48.0,100,7602.549054
-100.0,100,7604.180171
-100.0,100,7605.795276
-100.0,100,7607.501096
-4.0,100,7609.169832
-100.0,100,7610.889396
-100.0,100,7612.508509
-100.0,100,7614.164915
-100.0,100,7615.855556
-13.0,100,7617.559707
-5.0,100,7619.478212
-86.0,100,7621.259504
-60.0,100,7622.697119
-3.0,100,7624.061257
-100.0,100,7625.622701
-100.0,100,7627.463059
-29.0,100,7629.179274
-100.0,100,7630.605275
-100.0,100,7631.96442
-95.0,100,7633.369542
-28.0,100,7635.097248
-14.0,100,7637.00391
-94.0,100,7638.657365
-100.0,100,7640.157049
-100.0,100,7641.724429
-10.0,100,7643.483618
-17.0,100,7645.300114
-82.0,100,7647.054112
-100.0,100,7648.685227
-100.0,100,7650.275586
-100.0,100,7651.887595
-34.0,100,7653.577553
-8.0,100,7655.23966
-2.0,100,7657.094096
-17.0,100,7658.76862
-100.0,100,7660.485059
-19.0,100,7662.108672
-28.0,100,7663.755452
-47.0,100,7665.371883
-100.0,100,7667.033904
-78.0,100,7668.661965
-100.0,100,7670.306743
-100.0,100,7671.989813
-20.0,100,7673.664529
-3.0,100,7675.370321
-1.0,100,7676.775133
-6.0,100,7678.101158
-100.0,100,7679.73673
-3.0,100,7681.559055
-12.0,100,7683.223858
-71.0,100,7684.835232
-100.0,100,7686.239752
-100.0,100,7687.761084
-14.0,100,7689.508574
-100.0,100,7691.178042
-84.0,100,7692.883248
-44.0,100,7694.497287
-100.0,100,7695.92585
-100.0,100,7697.342044
-100.0,100,7698.997262
-86.0,100,7700.738953
-49.0,100,7702.368635
-100.0,100,7704.018787
-77.0,100,7705.747226
-100.0,100,7707.385383
-5.0,100,7709.047132
-1.0,100,7710.837025
-100.0,100,7712.488219
-100.0,100,7714.037366
-100.0,100,7715.430855
-100.0,100,7717.193439
-78.0,100,7718.886797
-100.0,100,7720.545699
-13.0,100,7722.129662
-100.0,100,7723.730495
-3.0,100,7725.389345
-49.0,100,7727.040694
-9.0,100,7728.74844
-26.0,100,7730.306289
-99.0,100,7731.662331
-3.0,100,7733.226009
-100.0,100,7734.874644
-100.0,100,7736.569754
-93.0,100,7738.258049
-100.0,100,7739.692353
-100.0,100,7741.063811
-13.0,100,7742.519932
-45.0,100,7744.212411
-98.0,100,7745.990979
-42.0,100,7747.608977
-22.0,100,7749.100843
-5.0,100,7750.739902
-35.0,100,7752.418754
-100.0,100,7754.123061
-100.0,100,7755.781598
-100.0,100,7757.467106
0.0,100,7759.131988
-100.0,100,7760.735693
-82.0,100,7762.430761
-100.0,100,7764.276097
-16.0,100,7765.857367
-48.0,100,7767.348282
-74.0,100,7768.797551
-100.0,100,7770.47403
-7.0,100,7772.084065
-100.0,100,7773.733166
-100.0,100,7775.34551
-17.0,100,7776.97979
-28.0,100,7778.579949
-98.0,100,7780.204922
-100.0,100,7781.847362
-100.0,100,7783.480318
-47.0,100,7785.057967
-100.0,100,7786.65307
-41.0,100,7788.267907
-75.0,100,7789.963777
-32.0,100,7791.70138
-100.0,100,7793.246531
-45.0,100,7794.643928
-12.0,100,7796.095932
-5.0,100,7797.771904
-7.0,100,7799.719469
-2.0,100,7801.499787
-6.0,100,7803.151843
-100.0,100,7804.74858
-100.0,100,7806.3392
-2.0,100,7808.007799
-100.0,100,7809.69693
-4.0,100,7811.296777
-100.0,100,7812.692621
-100.0,100,7814.104872
-100.0,100,7815.735105
-100.0,100,7817.544058
-100.0,100,7819.217652
-34.0,100,7820.872063
-5.0,100,7822.574504
-3.0,100,7824.19347
-100.0,100,7825.833656
-48.0,100,7827.499746
-24.0,100,7829.131306
-10.0,100,7830.744294
-9.0,100,7832.32218
-100.0,100,7833.966619
-4.0,100,7835.661934
-100.0,100,7837.301527
0.0,100,7838.953091
-100.0,100,7840.579497
-20.0,100,7842.263769
-35.0,100,7843.970455
-8.0,100,7845.712096
-26.0,100,7847.298736
-100.0,100,7848.725651
-32.0,100,7850.226555
-100.0,100,7851.89661
-1.0,100,7853.533528
-100.0,100,7855.314441
-100.0,100,7856.966744
-100.0,100,7858.572154
-100.0,100,7860.031142
-100.0,100,7861.594643
-100.0,100,7863.285878
-26.0,100,7864.897465
-100.0,100,7866.202613
-100.0,100,7867.701981
-10.0,100,7869.471238
-98.0,100,7871.253705
-16.0,100,7873.016616
-4.0,100,7874.719463
-100.0,100,7876.302303
-97.0,100,7877.926095
-24.0,100,7879.602272
-100.0,100,7882.763824
-100.0,100,7884.549095
-100.0,100,7886.006556
-100.0,100,7887.543473
-35.0,100,7889.20136
-100.0,100,7890.866082
-49.0,100,7892.483762
-100.0,100,7894.026923
-100.0,100,7895.632916
-3.0,100,7897.30258
-11.0,100,7898.986872
-15.0,100,7900.679928
-100.0,100,7902.374715
-100.0,100,7903.831582
-42.0,100,7905.260414
-13.0,100,7907.208578
-1.0,100,7908.948079
-46.0,100,7910.742821
-100.0,100,7912.354521
-100.0,100,7914.007056
-25.0,100,7915.684583
-100.0,100,7917.368353
-100.0,100,7919.028745
-100.0,100,7920.63476
-16.0,100,7922.275344
-6.0,100,7923.793995
-88.0,100,7925.269774
-26.0,100,7927.112772
-86.0,100,7928.824894
-29.0,100,7930.339406
-100.0,100,7931.644795
-100.0,100,7933.29901
-100.0,100,7935.022114
-100.0,100,7936.665871
-2.0,100,7938.33549
-11.0,100,7940.000443
-100.0,100,7941.681994
-2.0,100,7943.394136
-100.0,100,7945.084906
-100.0,100,7946.756633
-11.0,100,7948.427696
-100.0,100,7950.003711
-31.0,100,7951.777238
-100.0,100,7953.516541
-3.0,100,7955.19775
-100.0,100,7956.826805
-11.0,100,7958.486233
-100.0,100,7960.131525
-90.0,100,7961.86141
-100.0,100,7963.556684
-18.0,100,7965.261631
-56.0,100,7966.938997
-100.0,100,7968.62129
-18.0,100,7970.237168
-100.0,100,7971.915466
-100.0,100,7973.580888
-100.0,100,7975.268421
-100.0,100,7976.888268
-100.0,100,7978.514971
-100.0,100,7980.203548
-100.0,100,7981.919052
-16.0,100,7983.66612
-100.0,100,7985.351006
-50.0,100,7987.013348
-100.0,100,7988.679282
-37.0,100,7990.187327
-16.0,100,7991.827574
-2.0,100,7993.445873
-91.0,100,7995.101401
-100.0,100,7996.685687
-3.0,100,7998.331917
-30.0,100,8000.013156
-48.0,100,8001.688588
-13.0,100,8003.304264
-13.0,100,8004.899748
-95.0,100,8006.486697
-13.0,100,8008.185449
-1.0,100,8009.944669
-100.0,100,8011.595049
-100.0,100,8013.153969
-100.0,100,8014.757652
-1.0,100,8016.430945
-100.0,100,8018.081646
-29.0,100,8019.728165
-21.0,100,8021.370676
-100.0,100,8022.786732
-84.0,100,8024.108443
-100.0,100,8025.766736
-1.0,100,8027.427794
-12.0,100,8029.089891
-7.0,100,8030.696497
-72.0,100,8032.287729
-100.0,100,8033.957321
-100.0,100,8035.555768
-100.0,100,8037.141732
-84.0,100,8038.774481
-13.0,100,8040.396653
-25.0,100,8041.833748
-30.0,100,8043.501417
-100.0,100,8045.235775
-11.0,100,8046.95308
-100.0,100,8048.429686
-100.0,100,8049.722239
-12.0,100,8051.287957
-53.0,100,8052.974408
-100.0,100,8054.667728
-35.0,100,8056.345766
-9.0,100,8058.013537
-57.0,100,8059.643097
-100.0,100,8061.313697
-7.0,100,8062.959741
-24.0,100,8064.611191
-22.0,100,8066.280407
-100.0,100,8067.878012
-56.0,100,8069.513946
-100.0,100,8071.185799
-28.0,100,8072.881705
-1.0,100,8074.528713
-43.0,100,8076.116588
-9.0,100,8077.712537
-100.0,100,8079.404979
-100.0,100,8081.076585
-100.0,100,8082.736893
-100.0,100,8084.338727
-100.0,100,8086.032504
-37.0,100,8087.65333
-3.0,100,8089.465002
-100.0,100,8091.138529
-33.0,100,8092.841615
-28.0,100,8094.308655
-17.0,100,8095.618952
-100.0,100,8097.39326
-100.0,100,8099.183941
-100.0,100,8101.016614
-100.0,100,8102.627458
-100.0,100,8103.986978
-39.0,100,8105.432547
-100.0,100,8107.127787
-3.0,100,8108.828004
-45.0,100,8110.473535
-6.0,100,8112.158743
-5.0,100,8113.820621
-17.0,100,8115.475554
-2.0,100,8117.144524
-90.0,100,8118.876188
-100.0,100,8120.485356
-4.0,100,8122.102052
-100.0,100,8123.781708
-100.0,100,8125.502575
-100.0,100,8127.220547
-100.0,100,8128.905299
-80.0,100,8130.58341
-41.0,100,8132.293161
-61.0,100,8133.978771
-100.0,100,8135.670257
-100.0,100,8137.34519
-20.0,100,8138.967617
-100.0,100,8140.550863
-2.0,100,8142.200969
-100.0,100,8143.870294
-17.0,100,8145.616718
-3.0,100,8147.106184
-100.0,100,8148.485412
-100.0,100,8150.103325
-58.0,100,8151.735422
-99.0,100,8153.301793
-13.0,100,8154.775607
-41.0,100,8156.403201
-98.0,100,8158.057453
-100.0,100,8159.581512
-100.0,100,8161.137769
-62.0,100,8162.863636
-76.0,100,8164.601595
-43.0,100,8166.301177
-36.0,100,8167.928662
-41.0,100,8169.571747
-100.0,100,8171.304001
-99.0,100,8172.955675
-100.0,100,8174.714565
-8.0,100,8176.405666
-1.0,100,8178.107916
-20.0,100,8179.795353
-1.0,100,8181.556287
0.0,100,8183.281465
-100.0,100,8184.98216
-100.0,100,8186.62885
-31.0,100,8188.330848
-1.0,100,8190.04661
-100.0,100,8191.798404
-57.0,100,8193.414535
0.0,100,8195.040787
-24.0,100,8196.692655
-100.0,100,8198.402864
-100.0,100,8200.0835
-100.0,100,8201.579
-25.0,100,8202.933993
-95.0,100,8204.762953
-41.0,100,8206.215162
-39.0,100,8207.84322
-24.0,100,8209.57564
-100.0,100,8211.296308
-1.0,100,8212.748024
-100.0,100,8214.13031
-100.0,100,8215.815219
-100.0,100,8217.48802
-15.0,100,8219.130149
-3.0,100,8220.736146
-100.0,100,8222.33325
-44.0,100,8223.991246
-64.0,100,8225.658591
-88.0,100,8227.358825
-2.0,100,8229.238385
-100.0,100,8230.864704
-99.0,100,8232.475828
-16.0,100,8234.125559
-15.0,100,8235.823486
-100.0,100,8237.530452
-100.0,100,8239.164921
-100.0,100,8240.770336
-4.0,100,8242.386228
-3.0,100,8244.096855
-3.0,100,8245.738591
-97.0,100,8247.379507
-100.0,100,8248.986419
-100.0,100,8250.615892
-21.0,100,8252.451982
-2.0,100,8254.1392
-100.0,100,8255.804381
-4.0,100,8257.467306
-100.0,100,8259.034088
-55.0,100,8260.668352
-4.0,100,8262.321562
-4.0,100,8264.005911
-100.0,100,8265.64682
-13.0,100,8267.263102
-100.0,100,8268.814903
-100.0,100,8270.440018
-26.0,100,8272.27628
-100.0,100,8273.968971
-100.0,100,8275.57152
-17.0,100,8277.199198
-23.0,100,8278.813853
-53.0,100,8280.487724
-64.0,100,8282.152801
-3.0,100,8283.80877
-81.0,100,8285.4021
-64.0,100,8287.032125
-100.0,100,8288.63886
-100.0,100,8290.280744
-100.0,100,8291.925528
-100.0,100,8293.845
-28.0,100,8295.463444
-1.0,100,8297.186743
-100.0,100,8298.910291
-31.0,100,8300.642423
-100.0,100,8302.310352
-100.0,100,8303.915507
-100.0,100,8305.504372
-32.0,100,8307.157028
-100.0,100,8308.775336
-15.0,100,8310.410067
-100.0,100,8311.995166
-3.0,100,8313.469982
-100.0,100,8315.210715
-100.0,100,8316.935859
-76.0,100,8318.586573
-19.0,100,8320.428756
-100.0,100,8322.274658
-1.0,100,8323.981681
-12.0,100,8325.754015
-15.0,100,8327.40573
-100.0,100,8329.085727
0.0,100,8330.783056
-53.0,100,8332.24491
-100.0,100,8333.769243
-2.0,100,8335.749281
-63.0,100,8337.472207
-12.0,100,8338.935464
-100.0,100,8340.263919
-1.0,100,8341.628392
-73.0,100,8343.204772
-100.0,100,8345.046866
-100.0,100,8346.851303
-3.0,100,8348.458949
-28.0,100,8350.086435
-4.0,100,8351.726805
-38.0,100,8353.344465
-100.0,100,8354.983036
-100.0,100,8356.623431
-20.0,100,8358.237799
-100.0,100,8359.849425
-100.0,100,8361.51763
-8.0,100,8363.233027
-45.0,100,8364.85989
-97.0,100,8366.491084
-12.0,100,8368.106729
-25.0,100,8369.773763
-100.0,100,8371.404415
-1.0,100,8373.034304
-19.0,100,8374.635238
-12.0,100,8376.362209
-40.0,100,8378.127587
-61.0,100,8379.883113
-100.0,100,8381.688721
-89.0,100,8383.374536
-100.0,100,8384.845351
-100.0,100,8386.189733
-30.0,100,8387.833685
-3.0,100,8389.586116
-14.0,100,8391.369023
-93.0,100,8392.965944
-23.0,100,8394.392005
-12.0,100,8395.951361
-4.0,100,8397.701523
-24.0,100,8399.480468
-92.0,100,8401.281491
-100.0,100,8402.950035
-54.0,100,8404.677733
-27.0,100,8406.332937
-30.0,100,8407.975596
-15.0,100,8409.649467
-49.0,100,8411.294119
-100.0,100,8412.877323
-27.0,100,8414.543972
-1.0,100,8416.397933
-19.0,100,8418.131147
-4.0,100,8419.798074
-22.0,100,8421.448584
-31.0,100,8423.125904
-28.0,100,8424.813744
-100.0,100,8426.527309
-4.0,100,8428.258678
-11.0,100,8429.916494
-21.0,100,8431.581628
-100.0,100,8433.301306
-91.0,100,8434.974091
-100.0,100,8436.858937
0.0,100,8438.528245
-63.0,100,8440.01209
-42.0,100,8441.328179
-100.0,100,8443.101661
-100.0,100,8444.832037
-100.0,100,8446.548928
-87.0,100,8448.085422
-100.0,100,8449.519292
-100.0,100,8451.18513
-100.0,100,8452.893853
-100.0,100,8454.59753
-100.0,100,8456.281574
-100.0,100,8457.765115
-100.0,100,8459.519001
-100.0,100,8461.248244
-100.0,100,8462.958898
-100.0,100,8464.642248
-1.0,100,8466.308156
-19.0,100,8467.923084
-100.0,100,8469.420538
-3.0,100,8471.232128
-35.0,100,8473.096132
-4.0,100,8474.764882
-100.0,100,8476.39445
-100.0,100,8478.026668
-31.0,100,8479.758851
-88.0,100,8481.445915
-13.0,100,8483.160315
-100.0,100,8484.772092
-100.0,100,8486.60393
-48.0,100,8488.278854
-100.0,100,8490.039711
-13.0,100,8491.793768
-100.0,100,8493.46956
-89.0,100,8495.018949
-100.0,100,8496.474687
-100.0,100,8498.118556
-100.0,100,8499.877722
-100.0,100,8501.518861
-100.0,100,8502.930826
-100.0,100,8504.500797
-15.0,100,8506.123445
-21.0,100,8507.789733
-15.0,100,8509.486968
-75.0,100,8511.109157
-2.0,100,8512.735121
-46.0,100,8514.245384
-4.0,100,8515.801474
-100.0,100,8517.514067
-27.0,100,8519.188462
-100.0,100,8520.795316
-81.0,100,8522.258053
-100.0,100,8523.92221
-3.0,100,8525.605008
-16.0,100,8527.283502
-2.0,100,8528.988979
-17.0,100,8530.62245
-100.0,100,8532.264068
-6.0,100,8533.927493
-27.0,100,8535.572254
-5.0,100,8537.242694
-33.0,100,8539.010935
-100.0,100,8540.694488
-100.0,100,8542.393697
-100.0,100,8544.071276
-100.0,100,8545.725842
-100.0,100,8547.341913
-37.0,100,8549.022907
-100.0,100,8550.655898
-100.0,100,8552.340237
-100.0,100,8554.003597
-100.0,100,8555.674147
-17.0,100,8557.175585
-100.0,100,8558.50414
-100.0,100,8560.090122
-11.0,100,8561.83052
-100.0,100,8563.533055
-23.0,100,8565.04013
-2.0,100,8566.474838
-70.0,100,8568.068116
-15.0,100,8569.775633
-100.0,100,8571.514817
-10.0,100,8573.101058
-1.0,100,8574.509404
-19.0,100,8576.040698
-100.0,100,8577.549651
-21.0,100,8579.191577
-4.0,100,8580.893595
-100.0,100,8582.495482
-100.0,100,8583.932525
-7.0,100,8585.526187
0.0,100,8587.17442
-100.0,100,8588.757838
-34.0,100,8590.272518
-100.0,100,8591.77709
-51.0,100,8593.540223
-57.0,100,8595.248789
-10.0,100,8596.925374
-37.0,100,8598.626118
-100.0,100,8600.342488
-31.0,100,8601.965402
-2.0,100,8603.620221
-18.0,100,8605.463759
-100.0,100,8607.240559
-3.0,100,8608.924561
-100.0,100,8610.555588
-64.0,100,8612.19166
-16.0,100,8613.891922
-100.0,100,8615.558288
-100.0,100,8617.248744
-36.0,100,8618.858328
-100.0,100,8620.393539
-100.0,100,8621.7961
-21.0,100,8623.540265
-100.0,100,8625.465649
-77.0,100,8627.262666
-95.0,100,8628.912333
-100.0,100,8630.575679
-100.0,100,8632.425783
-2.0,100,8634.294015
-99.0,100,8636.188258
-16.0,100,8637.590002
-100.0,100,8639.035879
-2.0,100,8640.664015
-100.0,100,8642.339511
-100.0,100,8644.023478
-100.0,100,8645.708179
-100.0,100,8647.374593
-8.0,100,8649.146245
-100.0,100,8650.7871
-100.0,100,8652.475257
0.0,100,8654.25888
-100.0,100,8655.901115
-2.0,100,8657.513442
-100.0,100,8659.158161
-100.0,100,8660.93619
-100.0,100,8662.688915
-10.0,100,8664.407838
-100.0,100,8665.953431
-100.0,100,8667.405044
-100.0,100,8669.034501
-6.0,100,8670.716037
-59.0,100,8672.40142
-52.0,100,8674.088969
-9.0,100,8675.684412
-25.0,100,8677.224879
-100.0,100,8678.96773
-100.0,100,8680.6512
0.0,100,8682.28572
-100.0,100,8683.691005
-100.0,100,8685.180105
-100.0,100,8686.88323
-38.0,100,8688.54865
-2.0,100,8690.196963
-100.0,100,8691.603338
-35.0,100,8693.034516
-46.0,100,8694.637951
-100.0,100,8696.101485
-100.0,100,8697.73277
-22.0,100,8699.452906
-100.0,100,8701.078453
-3.0,100,8702.797975
-100.0,100,8704.395561
-1.0,100,8707.720167
-11.0,100,8709.411413
-25.0,100,8711.003089
-100.0,100,8712.616756
-99.0,100,8714.321421
-15.0,100,8715.975482
-100.0,100,8717.727316
-100.0,100,8719.412458
-100.0,100,8721.109631
-100.0,100,8722.818081
-100.0,100,8724.508826
-100.0,100,8726.243384
-94.0,100,8727.934669
-100.0,100,8729.557112
-100.0,100,8731.221238
0.0,100,8732.894495
-100.0,100,8734.61564
-22.0,100,8736.304726
-53.0,100,8737.980902
-4.0,100,8739.36007
-100.0,100,8740.859577
-100.0,100,8742.57782
-100.0,100,8744.222549
-100.0,100,8745.851667
-24.0,100,8747.356519
-2.0,100,8748.778042
-100.0,100,8750.394445
-5.0,100,8752.030384
-100.0,100,8753.691417
-8.0,100,8755.309279
-1.0,100,8756.938174
-100.0,100,8758.623061
-43.0,100,8760.298181
-22.0,100,8761.933667
-40.0,100,8763.617219
-100.0,100,8765.218406
-73.0,100,8766.81163
-51.0,100,8768.305134
-57.0,100,8769.978972
-100.0,100,8771.684636
-100.0,100,8773.329096
-100.0,100,8774.950145
-100.0,100,8776.600593
-100.0,100,8778.266228
-100.0,100,8780.009902
-35.0,100,8781.707132
-4.0,100,8783.341176
-98.0,100,8784.937605
-100.0,100,8786.613886
-71.0,100,8788.321125
-100.0,100,8789.976099
-100.0,100,8791.566016
-100.0,100,8792.911237
-27.0,100,8794.467242
-4.0,100,8796.322338
-100.0,100,8798.002525
-9.0,100,8799.660082
-3.0,100,8801.045457
-100.0,100,8802.39526
-92.0,100,8803.88795
-4.0,100,8805.54818
-12.0,100,8807.358891
-100.0,100,8809.056496
-100.0,100,8810.755428
-15.0,100,8812.432629
-100.0,100,8814.207784
-50.0,100,8816.000259
-2.0,100,8817.676328
-100.0,100,8819.329712
-57.0,100,8820.960973
-100.0,100,8822.588714
-100.0,100,8824.243454
-2.0,100,8826.026141
-100.0,100,8827.660856
-13.0,100,8829.311627
-71.0,100,8830.86295
-13.0,100,8832.442297
-4.0,100,8834.146989
-16.0,100,8835.810751
-82.0,100,8837.418725
-100.0,100,8839.073059
-18.0,100,8840.944083
-100.0,100,8842.619648
-100.0,100,8844.292802
-36.0,100,8845.935727
-100.0,100,8847.336108
-36.0,100,8848.697207
-90.0,100,8850.464566
-5.0,100,8852.299164
-100.0,100,8854.113147
-32.0,100,8855.773195
-100.0,100,8857.413023
-100.0,100,8859.097956
-2.0,100,8860.747371
-41.0,100,8862.391889
-94.0,100,8863.997184
-100.0,100,8865.644586
-16.0,100,8867.301119
-100.0,100,8869.018881
-47.0,100,8870.764652
-52.0,100,8872.673947
-33.0,100,8874.383639
-16.0,100,8876.033482
-2.0,100,8877.692403
-10.0,100,8879.37908
-98.0,100,8881.038062
-11.0,100,8882.666267
-100.0,100,8884.308525
-10.0,100,8886.003915
-100.0,100,8887.678771
-100.0,100,8889.373585
-15.0,100,8891.042654
-40.0,100,8892.758832
0.0,100,8894.34521
-77.0,100,8895.988689
-100.0,100,8897.646935
-20.0,100,8899.348636
-100.0,100,8900.987772
-100.0,100,8902.602266
-10.0,100,8904.266804
-33.0,100,8906.086589
-93.0,100,8907.847033
-16.0,100,8909.471544
-100.0,100,8911.0418
-93.0,100,8912.672322
-100.0,100,8914.28787
-8.0,100,8915.933045
-100.0,100,8917.5934
-28.0,100,8919.302898
-100.0,100,8920.905455
-100.0,100,8922.569329
-100.0,100,8924.256854
-100.0,100,8926.009829
-100.0,100,8927.622077
-4.0,100,8929.159235
-100.0,100,8930.64777
-19.0,100,8932.3361
-1.0,100,8934.03552
-100.0,100,8935.696622
-30.0,100,8937.284251
-9.0,100,8938.928435
-100.0,100,8940.595467
-100.0,100,8942.227515
-2.0,100,8943.896721
-32.0,100,8945.631238
-100.0,100,8947.259087
-1.0,100,8948.913337
-28.0,100,8950.586575
-100.0,100,8952.298019
-2.0,100,8953.961818
-13.0,100,8955.62879
-12.0,100,8957.252663
-100.0,100,8958.950805
-100.0,100,8960.62859
-100.0,100,8962.316592
-25.0,100,8963.754586
-5.0,100,8965.127241
-100.0,100,8966.796139
-100.0,100,8968.455548
-100.0,100,8970.121517
-9.0,100,8971.82589
-100.0,100,8973.294244
-97.0,100,8974.605044
-57.0,100,8976.22828
-100.0,100,8977.950157
-23.0,100,8979.747896
-11.0,100,8981.404999
-13.0,100,8983.052469
-100.0,100,8984.752225
-12.0,100,8986.427569
-28.0,100,8988.149805
-31.0,100,8989.907261
-100.0,100,8991.603826
-3.0,100,8993.274983
-100.0,100,8995.018946
-100.0,100,8996.816309
-57.0,100,8998.573737
-49.0,100,9000.250635
-100.0,100,9001.892726
-100.0,100,9003.548967
-51.0,100,9005.262595
-60.0,100,9007.003993
-3.0,100,9008.716327
-97.0,100,9010.381961
-100.0,100,9012.070159
-100.0,100,9013.786318
-12.0,100,9015.505285
-95.0,100,9017.232965
-100.0,100,9018.958945
-100.0,100,9020.598581
-94.0,100,9022.245034
-100.0,100,9024.047226
-16.0,100,9025.816418
-5.0,100,9027.367768
-100.0,100,9028.678595
-95.0,100,9030.113033
-4.0,100,9031.634781
-18.0,100,9033.347263
-39.0,100,9035.222922
-100.0,100,9036.854908
-92.0,100,9038.492965
-100.0,100,9040.079937
-100.0,100,9041.800875
-2.0,100,9043.759593
-100.0,100,9045.467014
-1.0,100,9047.156021
-100.0,100,9048.762339
-19.0,100,9050.388463
-100.0,100,9052.121781
-100.0,100,9053.827186
-8.0,100,9055.733355
-100.0,100,9057.342519
-100.0,100,9058.977461
-12.0,100,9060.657448
-100.0,100,9062.324546
-27.0,100,9063.990151
-100.0,100,9065.613348
-100.0,100,9067.280078
-35.0,100,9068.920478
-15.0,100,9070.592578
-100.0,100,9072.251095
-23.0,100,9073.872226
-100.0,100,9075.491117
-13.0,100,9077.138701
-15.0,100,9078.805212
-3.0,100,9080.546153
-100.0,100,9082.237575
-58.0,100,9083.862693
-100.0,100,9085.548989
-100.0,100,9087.264943
-6.0,100,9088.951038
-100.0,100,9090.837774
0.0,100,9092.601685
-26.0,100,9094.023584
-22.0,100,9095.522676
-8.0,100,9097.421716
-100.0,100,9099.121185
-100.0,100,9100.75804
-100.0,100,9102.373554
-25.0,100,9103.998787
-100.0,100,9105.684944
-9.0,100,9107.3517
-83.0,100,9109.188634
-26.0,100,9110.877912
-100.0,100,9112.580338
-86.0,100,9114.240523
-100.0,100,9115.91029
-100.0,100,9117.617945
-100.0,100,9119.336208
-100.0,100,9121.034766
-100.0,100,9123.166678
-100.0,100,9124.914374
-48.0,100,9126.752615
-30.0,100,9128.578046
-100.0,100,9130.237014
-3.0,100,9131.888795
-100.0,100,9133.539698
0.0,100,9135.205517
-2.0,100,9136.854084
-100.0,100,9138.501719
-26.0,100,9140.176128
-100.0,100,9141.816038
-100.0,100,9143.493776
-57.0,100,9145.219657
-100.0,100,9147.000207
-42.0,100,9148.409878
-83.0,100,9149.827503
-100.0,100,9151.554911
-100.0,100,9153.316899
-32.0,100,9155.053936
-1.0,100,9156.727442
-100.0,100,9158.334581
-89.0,100,9160.064183
-100.0,100,9161.790414
-100.0,100,9163.519536
-100.0,100,9165.191873
-74.0,100,9166.89364
-100.0,100,9168.634176
-100.0,100,9170.304306
-100.0,100,9171.969139
-35.0,100,9173.666909
-98.0,100,9175.307519
-48.0,100,9176.931302
-50.0,100,9178.705615
-100.0,100,9180.391649
-56.0,100,9182.12937
-100.0,100,9183.772689
-100.0,100,9185.546547
-100.0,100,9187.23352
-41.0,100,9188.936521
0.0,100,9190.606175
-100.0,100,9192.28029
-76.0,100,9193.995093
-100.0,100,9195.658477
-100.0,100,9197.335557
-100.0,100,9199.002683
-29.0,100,9200.690847
-98.0,100,9202.291601
-5.0,100,9203.62905
-10.0,100,9205.404407
-100.0,100,9207.15747
-100.0,100,9208.900859
-100.0,100,9210.540617
-25.0,100,9212.186615
-13.0,100,9213.917104
-100.0,100,9215.554613
-3.0,100,9217.234951
-100.0,100,9218.935023
-100.0,100,9220.597769
-100.0,100,9222.248554
-14.0,100,9223.91356
-100.0,100,9225.595563
-10.0,100,9227.309917
-61.0,100,9228.779191
-22.0,100,9230.10923
-46.0,100,9231.825289
-100.0,100,9233.563543
-7.0,100,9235.350579
-60.0,100,9237.044837
-100.0,100,9238.735168
-100.0,100,9240.454354
-43.0,100,9242.13433
-6.0,100,9243.823422
-100.0,100,9245.466383
-5.0,100,9247.113425
-12.0,100,9248.752192
-100.0,100,9250.409073
-11.0,100,9252.08982
-1.0,100,9253.985495
-100.0,100,9255.631543
-4.0,100,9257.247336
-100.0,100,9258.8816
-24.0,100,9260.594953
-100.0,100,9262.283609
-40.0,100,9263.934221
-5.0,100,9265.548643
-85.0,100,9267.216771
-3.0,100,9268.899787
0.0,100,9270.566674
-2.0,100,9272.230083
-18.0,100,9273.867941
-32.0,100,9275.443753
-100.0,100,9277.151466
-100.0,100,9278.815102
-100.0,100,9280.623134
-96.0,100,9282.236331
-100.0,100,9283.553687
-35.0,100,9284.949069
-100.0,100,9286.609767
-52.0,100,9288.277283
-2.0,100,9289.978341
-12.0,100,9291.599127
-2.0,100,9293.22687
-100.0,100,9294.871003
-100.0,100,9296.531547
-34.0,100,9298.221728
-45.0,100,9299.930896
-100.0,100,9301.539149
-7.0,100,9303.172189
-25.0,100,9304.837438
-37.0,100,9306.546496
-100.0,100,9308.237459
-100.0,100,9309.902235
-76.0,100,9311.570808
-3.0,100,9313.232554
-100.0,100,9314.870768
-100.0,100,9316.533004
-37.0,100,9318.215196
-100.0,100,9319.890393
-100.0,100,9321.494144
-100.0,100,9323.150265
-33.0,100,9324.846351
-100.0,100,9326.57733
-100.0,100,9328.014335
-2.0,100,9329.359423
-100.0,100,9330.750664
-100.0,100,9332.364908
0.0,100,9334.029624
-100.0,100,9335.492366
-13.0,100,9337.145217
-40.0,100,9338.827255
-100.0,100,9340.229426
-100.0,100,9341.862444
-100.0,100,9343.56376
-6.0,100,9345.250313
-100.0,100,9346.789456
-37.0,100,9348.096282
-45.0,100,9349.634519
-100.0,100,9351.310729
-100.0,100,9352.963396
-100.0,100,9354.543715
-100.0,100,9356.142809
-100.0,100,9357.748113
-100.0,100,9359.194599
-100.0,100,9360.844842
-10.0,100,9362.500246
-100.0,100,9364.128742
-99.0,100,9365.713078
-100.0,100,9367.329783
-4.0,100,9369.010418
-100.0,100,9370.694208
-93.0,100,9372.325474
-100.0,100,9373.946094
-92.0,100,9375.56856
-100.0,100,9377.25622
-9.0,100,9378.91242
-14.0,100,9380.56789
-91.0,100,9382.170816
-59.0,100,9383.835967
-6.0,100,9385.472139
-84.0,100,9387.103374
-36.0,100,9388.857728
0.0,100,9390.500111
-13.0,100,9391.906628
-1.0,100,9393.429003
-100.0,100,9395.071389
-49.0,100,9396.781011
-11.0,100,9398.454336
-100.0,100,9400.02929
-100.0,100,9401.60863
-100.0,100,9402.970797
-1.0,100,9404.643545
-27.0,100,9406.322593
-100.0,100,9407.950811
-9.0,100,9409.626349
-1.0,100,9411.236048
-100.0,100,9412.901919
-15.0,100,9414.67918
-7.0,100,9416.385275
-100.0,100,9417.988524
-100.0,100,9419.574361
-100.0,100,9421.17155
-4.0,100,9422.884147
-5.0,100,9424.553025
-100.0,100,9426.457652
-100.0,100,9428.162117
-100.0,100,9429.799994
-100.0,100,9431.435141
-25.0,100,9433.086991
-10.0,100,9434.756448
-100.0,100,9436.401574
-100.0,100,9438.042168
-98.0,100,9439.699604
-96.0,100,9441.363201
-39.0,100,9443.056679
-100.0,100,9444.655997
-30.0,100,9446.251837
-4.0,100,9447.886557
-98.0,100,9449.568658
-5.0,100,9451.46966
-100.0,100,9453.176527
-21.0,100,9454.777941
-31.0,100,9456.232768
-6.0,100,9457.760297
-56.0,100,9459.403041
-10.0,100,9461.074255
-100.0,100,9462.72568
-100.0,100,9464.327791
-86.0,100,9465.825878
-100.0,100,9467.321903
-100.0,100,9469.069837
-36.0,100,9470.774801
-6.0,100,9472.441064
-6.0,100,9474.073557
-100.0,100,9475.759781
-100.0,100,9477.552815
-100.0,100,9479.284604
-100.0,100,9480.928852
-10.0,100,9482.603396
-24.0,100,9484.216321
-17.0,100,9485.943158
-100.0,100,9487.586477
-46.0,100,9489.256643
-100.0,100,9491.088788
-100.0,100,9492.75074
-42.0,100,9494.399779
-100.0,100,9496.091763
-54.0,100,9497.802334
-15.0,100,9499.460608
-18.0,100,9501.075021
-69.0,100,9502.733266
-1.0,100,9504.406974
-5.0,100,9506.087221
0.0,100,9507.754446
-100.0,100,9509.420988
-100.0,100,9511.107491
-11.0,100,9512.76819
-13.0,100,9514.462262
-100.0,100,9516.223245
-100.0,100,9517.892169
-43.0,100,9519.483598
-42.0,100,9520.870065
-100.0,100,9522.539603
-100.0,100,9524.254624
-15.0,100,9526.133959
-32.0,100,9527.775701
-100.0,100,9529.471477
-10.0,100,9531.158537
-100.0,100,9532.940706
-100.0,100,9534.898851
-100.0,100,9538.181636
-32.0,100,9539.929258
-14.0,100,9541.624507
-100.0,100,9543.433185
-100.0,100,9545.282735
-36.0,100,9547.028522
-100.0,100,9548.724604
-100.0,100,9550.442345
-94.0,100,9552.180465
-3.0,100,9554.109998
-12.0,100,9555.806231
-4.0,100,9557.37868
-4.0,100,9558.794152
-100.0,100,9560.469825
-29.0,100,9562.139014
-1.0,100,9563.817157
-100.0,100,9565.524795
0.0,100,9566.94097
-18.0,100,9568.464765
-100.0,100,9570.225805
-3.0,100,9571.942974
-3.0,100,9573.4509
-30.0,100,9574.754308
-100.0,100,9576.137998
-38.0,100,9577.774162
-100.0,100,9579.504068
-49.0,100,9581.227459
-3.0,100,9582.929905
-6.0,100,9584.606465
-100.0,100,9586.255713
-86.0,100,9587.739737
-100.0,100,9589.505099
-100.0,100,9591.204978
-100.0,100,9592.855221
-19.0,100,9594.487618
-59.0,100,9596.119023
-40.0,100,9597.801627
-100.0,100,9599.455461
-100.0,100,9601.070465
-43.0,100,9602.84584
-100.0,100,9604.502
-100.0,100,9606.21111
-98.0,100,9607.915799
-100.0,100,9609.594293
-2.0,100,9611.297751
-100.0,100,9612.935613
-99.0,100,9614.66082
-9.0,100,9616.357053
-100.0,100,9618.061036
-75.0,100,9619.563701
-2.0,100,9620.897085
-24.0,100,9622.464427
-27.0,100,9624.25049
-5.0,100,9625.992338
-72.0,100,9627.752328
-27.0,100,9629.421078
-100.0,100,9631.073979
-7.0,100,9632.770334
-7.0,100,9634.437507
-39.0,100,9636.084624
-100.0,100,9637.941522
-17.0,100,9639.358056
-2.0,100,9640.901606
-4.0,100,9642.599527
-21.0,100,9644.29415
-100.0,100,9645.91726
-100.0,100,9647.522318
-16.0,100,9649.176244
-15.0,100,9650.882082
-11.0,100,9652.538108
-100.0,100,9654.22569
-100.0,100,9655.81567
-100.0,100,9657.438765
-100.0,100,9659.250261
-1.0,100,9660.935373
-9.0,100,9662.621638
-2.0,100,9664.304453
-100.0,100,9665.964236
-33.0,100,9667.613788
-99.0,100,9669.285551
-38.0,100,9670.991549
-93.0,100,9672.692951
-6.0,100,9674.353525
-14.0,100,9675.995304
-89.0,100,9677.736319
-43.0,100,9679.453521
-71.0,100,9681.130041
-69.0,100,9682.79931
-8.0,100,9684.485067
-9.0,100,9686.163866
-100.0,100,9687.819167
-90.0,100,9689.490881
-6.0,100,9691.147903
-100.0,100,9692.747156
-100.0,100,9694.398396
-6.0,100,9696.10194
-100.0,100,9697.797627
-100.0,100,9699.311523
-100.0,100,9700.634331
-2.0,100,9702.063232
-100.0,100,9703.544426
-86.0,100,9705.205352
-100.0,100,9706.891257
-100.0,100,9708.522429
-100.0,100,9710.217403
-100.0,100,9711.902926
-100.0,100,9713.588269
-100.0,100,9715.290067
-21.0,100,9717.006788
-32.0,100,9718.514761
-4.0,100,9720.200355
-100.0,100,9721.906669
-4.0,100,9723.687247
-100.0,100,9725.535747
-100.0,100,9727.187848
-1.0,100,9728.837748
-100.0,100,9730.53641
-100.0,100,9732.254999
-74.0,100,9733.992698
-100.0,100,9735.696687
-38.0,100,9737.240294
-13.0,100,9738.738955
-100.0,100,9740.589028
-100.0,100,9742.308767
-95.0,100,9744.029134
-100.0,100,9745.615055
-10.0,100,9746.976545
-100.0,100,9748.448161
-55.0,100,9750.242818
-100.0,100,9751.967641
-8.0,100,9753.671867
-86.0,100,9755.372327
-100.0,100,9757.075046
-100.0,100,9758.706502
-100.0,100,9760.475061
-2.0,100,9762.297478
-33.0,100,9764.037232
-6.0,100,9765.721096
-100.0,100,9767.396271
-100.0,100,9769.117344
-12.0,100,9770.912711
-100.0,100,9772.58361
-100.0,100,9774.247301
-4.0,100,9775.890772
-14.0,100,9777.557353
-6.0,100,9779.255147
-100.0,100,9780.925862
-69.0,100,9782.541262
-100.0,100,9784.185648
-100.0,100,9785.993545
-2.0,100,9787.66257
-94.0,100,9789.348208
-100.0,100,9791.040642
-100.0,100,9792.665012
-11.0,100,9794.313836
-24.0,100,9795.97955
-100.0,100,9797.697144
-27.0,100,9799.429561
-100.0,100,9801.09557
-100.0,100,9802.756863
-33.0,100,9804.614474
-100.0,100,9806.31487
-44.0,100,9807.990404
-100.0,100,9809.625616
-38.0,100,9811.270176
-100.0,100,9812.906172
-3.0,100,9814.555398
-100.0,100,9816.312903
-100.0,100,9818.022768
-26.0,100,9819.74402
-21.0,100,9821.409922
-1.0,100,9823.085441
-3.0,100,9824.808281
-5.0,100,9826.440775
-3.0,100,9828.085242
-21.0,100,9829.719433
-1.0,100,9831.441428
-14.0,100,9833.142424
-15.0,100,9834.879336
-100.0,100,9836.511388
-4.0,100,9838.190922
-42.0,100,9839.800908
-100.0,100,9841.505853
-69.0,100,9843.178381
0.0,100,9844.925761
-54.0,100,9846.644366
-51.0,100,9848.307913
-72.0,100,9850.002457
-15.0,100,9851.750368
-100.0,100,9853.458711
-82.0,100,9855.137362
-100.0,100,9856.763403
-28.0,100,9858.31089
-16.0,100,9860.011132
-17.0,100,9861.814389
-22.0,100,9863.557868
-100.0,100,9865.492417
-1.0,100,9867.232503
-94.0,100,9868.999342
-14.0,100,9870.754
-2.0,100,9872.46383
-23.0,100,9874.010433
0.0,100,9875.362514
-100.0,100,9877.032238
-99.0,100,9878.775168
-24.0,100,9880.502622
-100.0,100,9882.143456
-35.0,100,9883.755958
-46.0,100,9885.460848
-39.0,100,9887.126202
-17.0,100,9888.859875
-100.0,100,9890.539053
-100.0,100,9892.226598
-51.0,100,9893.890902
-100.0,100,9895.562796
-100.0,100,9897.226851
-4.0,100,9898.94086
-100.0,100,9900.592167
-100.0,100,9902.19054
-44.0,100,9903.821585
-2.0,100,9905.499952
-95.0,100,9907.223258
-15.0,100,9908.863703
-100.0,100,9910.497839
-100.0,100,9912.141556
-100.0,100,9913.858315
-6.0,100,9915.543681
-100.0,100,9917.221326
-100.0,100,9918.952281
-100.0,100,9920.440657
0.0,100,9921.933647
-100.0,100,9923.605897
0.0,100,9925.344834
-100.0,100,9926.875429
-100.0,100,9928.186267
-35.0,100,9929.621488
-100.0,100,9931.19017
-97.0,100,9932.953689
-100.0,100,9934.841524
-4.0,100,9936.530238
-2.0,100,9938.206624
-100.0,100,9939.881391
-100.0,100,9941.552074
-27.0,100,9943.239405
-100.0,100,9944.909343
-8.0,100,9946.591021
-10.0,100,9948.258988
-16.0,100,9950.037112
-100.0,100,9951.898555
-100.0,100,9953.587576
-1.0,100,9955.762651
-10.0,100,9957.473501
-43.0,100,9959.214371
-100.0,100,9960.901565
-27.0,100,9962.587924
-41.0,100,9964.290308
-59.0,100,9965.955146
-97.0,100,9967.677113
0.0,100,9969.365606
-100.0,100,9971.041186
-100.0,100,9972.749622
-32.0,100,9974.38921
-33.0,100,9976.070305
-20.0,100,9977.7729
-100.0,100,9979.479075
-28.0,100,9980.982602
-56.0,100,9982.292718
-100.0,100,9983.655691
-100.0,100,9985.201455
-100.0,100,9986.944086
-40.0,100,9988.656108
-90.0,100,9990.174114
-27.0,100,9991.552963
-100.0,100,9993.194643
-100.0,100,9994.908031
-5.0,100,9996.679934
-100.0,100,9998.395295
-100.0,100,9999.972733
-14.0,100,10001.30948
-7.0,100,10003.029887
-11.0,100,10004.787866
-22.0,100,10006.458294
-17.0,100,10008.113472
-100.0,100,10009.786769
-100.0,100,10011.458083
-70.0,100,10013.153276
-33.0,100,10014.834171
-100.0,100,10016.48228
-100.0,100,10018.192148
-100.0,100,10019.801137
-3.0,100,10021.473888
-12.0,100,10023.14017
-19.0,100,10024.854161
-2.0,100,10026.556284
-100.0,100,10028.194166
-13.0,100,10029.82186
-6.0,100,10031.507116
-81.0,100,10033.19932
-100.0,100,10034.873842
-48.0,100,10036.554913
-10.0,100,10038.277751
-100.0,100,10040.069822
-100.0,100,10041.840778
-4.0,100,10043.531779
-5.0,100,10045.052244
-10.0,100,10046.477783
-13.0,100,10048.183162
-44.0,100,10049.867605
0.0,100,10051.606699
-100.0,100,10053.063365
-10.0,100,10054.530808
-18.0,100,10056.236665
-5.0,100,10057.94808
-80.0,100,10059.638813
-90.0,100,10061.322971
-100.0,100,10062.997813
-24.0,100,10064.734819
-100.0,100,10066.457104
-100.0,100,10068.153073
-56.0,100,10069.875911
-8.0,100,10071.585489
-20.0,100,10073.261426
-100.0,100,10074.95024
-100.0,100,10076.63496
-100.0,100,10078.488685
-34.0,100,10080.235288
-33.0,100,10081.95153
-1.0,100,10083.680341
-4.0,100,10085.4493
-7.0,100,10087.160685
-99.0,100,10088.917168
-9.0,100,10090.618667
-100.0,100,10092.292157
-100.0,100,10094.044222
-100.0,100,10095.758943
-100.0,100,10097.530711
-19.0,100,10098.999837
-12.0,100,10100.484224
-100.0,100,10102.075175
-100.0,100,10103.760315
-100.0,100,10105.52247
-40.0,100,10107.080147
-18.0,100,10108.40846
-8.0,100,10109.894138
-17.0,100,10111.571097
-11.0,100,10113.327424
-84.0,100,10115.076708
-27.0,100,10116.650119
-100.0,100,10118.056215
-26.0,100,10119.740848
0.0,100,10121.495694
-100.0,100,10123.237344
-100.0,100,10124.976032
-3.0,100,10126.69608
-74.0,100,10128.436106
-24.0,100,10130.305092
-100.0,100,10132.125238
-100.0,100,10133.879611
-59.0,100,10135.61006
-12.0,100,10137.322122
-100.0,100,10139.094448
-4.0,100,10140.806902
-100.0,100,10142.522704
-11.0,100,10144.237
-41.0,100,10145.97396
-22.0,100,10147.703362
-26.0,100,10149.458034
-37.0,100,10151.210537
-100.0,100,10152.980259
-18.0,100,10154.662444
-17.0,100,10156.346971
-4.0,100,10158.075365
-1.0,100,10159.880234
-100.0,100,10161.726663
-100.0,100,10163.432558
-100.0,100,10165.135412
-34.0,100,10166.848825
-99.0,100,10168.57189
-100.0,100,10170.313652
-14.0,100,10172.039005
-100.0,100,10173.774305
-100.0,100,10175.3596
-100.0,100,10177.037791
-100.0,100,10178.738882
-11.0,100,10180.465307
-22.0,100,10182.152455
-2.0,100,10183.769575
-43.0,100,10185.469264
-100.0,100,10187.177057
-25.0,100,10188.916478
-100.0,100,10190.60418
-77.0,100,10192.278573
0.0,100,10193.967351
-100.0,100,10195.631189
-50.0,100,10197.273015
-89.0,100,10198.932423
-36.0,100,10200.664703
-8.0,100,10202.582488
-100.0,100,10204.288868
-8.0,100,10205.965066
-34.0,100,10207.685724
-12.0,100,10209.345026
-7.0,100,10211.002822
-8.0,100,10212.748943
-49.0,100,10214.508866
-9.0,100,10216.232074
-14.0,100,10217.859639
-25.0,100,10219.378911
-26.0,100,10220.821657
-9.0,100,10222.538353
-38.0,100,10224.397774
-3.0,100,10226.128153
-45.0,100,10227.728058
-100.0,100,10229.222285
-100.0,100,10230.859625
-100.0,100,10232.6808
-37.0,100,10234.500934
-7.0,100,10236.186372
-35.0,100,10237.618666
-100.0,100,10239.048027
-3.0,100,10240.843326
-56.0,100,10242.589359
-34.0,100,10244.295529
-14.0,100,10245.962301
-11.0,100,10247.637956
-100.0,100,10249.342234
-51.0,100,10251.004387
-45.0,100,10252.856863
-100.0,100,10254.630485
-14.0,100,10256.315137
-100.0,100,10258.053553
-1.0,100,10259.789942
-13.0,100,10261.540287
-32.0,100,10263.220528
-100.0,100,10264.895606
-39.0,100,10266.549739
-14.0,100,10268.243866
-82.0,100,10269.963063
-100.0,100,10271.578148
-2.0,100,10273.185523
-41.0,100,10274.88203
-36.0,100,10276.687215
-33.0,100,10278.396424
-3.0,100,10280.054915
-38.0,100,10281.614505
-100.0,100,10283.194902
-2.0,100,10284.904135
-81.0,100,10286.614626
-40.0,100,10288.320048
-86.0,100,10289.901315
-100.0,100,10291.412812
-100.0,100,10292.893398
-100.0,100,10294.759759
-99.0,100,10296.702752
-9.0,100,10298.366743
-42.0,100,10299.838227
-57.0,100,10301.359038
-100.0,100,10303.02401
-11.0,100,10304.728428
-100.0,100,10306.450379
-100.0,100,10308.143461
-100.0,100,10309.794444
-11.0,100,10311.507509
-100.0,100,10313.379937
-100.0,100,10315.129531
-100.0,100,10316.821497
-100.0,100,10318.515479
0.0,100,10320.199227
-34.0,100,10322.086879
-3.0,100,10323.836436
-23.0,100,10325.524258
-5.0,100,10327.20167
-95.0,100,10328.93968
-100.0,100,10330.650929
-2.0,100,10332.333476
-87.0,100,10334.177828
-100.0,100,10335.881502
-6.0,100,10337.567044
-25.0,100,10339.358358
-29.0,100,10341.008081
-41.0,100,10342.841047
-51.0,100,10344.411677
-56.0,100,10345.812413
-100.0,100,10347.457964
-87.0,100,10349.157272
-50.0,100,10350.937787
-20.0,100,10352.496286
-100.0,100,10353.824211
-12.0,100,10355.356983
-29.0,100,10357.025927
-100.0,100,10358.693604
-100.0,100,10360.441551
-8.0,100,10362.17517
-17.0,100,10363.941487
-100.0,100,10365.6223
-91.0,100,10367.436039
-49.0,100,10369.138366
-2.0,100,10370.826703
-20.0,100,10372.490731
-70.0,100,10374.091241
-69.0,100,10377.489296
-4.0,100,10379.280263
-2.0,100,10380.966224
-100.0,100,10382.643102
-100.0,100,10384.422915
-14.0,100,10386.123312
-12.0,100,10387.811754
-100.0,100,10389.479892
-27.0,100,10391.158973
-100.0,100,10392.855416
-100.0,100,10394.625205
-2.0,100,10396.33023
-9.0,100,10397.999984
-98.0,100,10399.65929
-5.0,100,10401.323911
-2.0,100,10403.020076
-100.0,100,10404.80849
-100.0,100,10406.370538
-100.0,100,10407.760567
-9.0,100,10409.187446
-100.0,100,10410.685852
-2.0,100,10412.459435
-2.0,100,10414.139503
-94.0,100,10415.80189
-48.0,100,10417.555955
-2.0,100,10419.231463
-100.0,100,10421.027052
-3.0,100,10422.77722
-9.0,100,10424.540355
-90.0,100,10426.094909
-100.0,100,10427.529575
-100.0,100,10429.140955
-100.0,100,10430.886125
-7.0,100,10432.616759
-83.0,100,10434.296082
-2.0,100,10435.969883
-14.0,100,10437.760596
-100.0,100,10439.441531
-1.0,100,10441.280022
-10.0,100,10442.992532
-100.0,100,10444.712886
-100.0,100,10446.372063
-13.0,100,10448.043908
-93.0,100,10449.721662
-100.0,100,10451.435227
-100.0,100,10453.231337
-5.0,100,10455.073663
-2.0,100,10456.779629
-68.0,100,10458.536787
-45.0,100,10460.237526
-66.0,100,10461.90407
-100.0,100,10463.563626
-12.0,100,10465.287617
-96.0,100,10467.022054
-100.0,100,10468.726338
-100.0,100,10470.33919
-2.0,100,10472.002804
-24.0,100,10473.561469
-31.0,100,10475.290658
-100.0,100,10477.025775
-100.0,100,10478.772236
-100.0,100,10480.403576
-1.0,100,10482.037923
-16.0,100,10483.714996
-100.0,100,10485.482787
-98.0,100,10487.192747
-4.0,100,10488.899072
-100.0,100,10490.592274
-11.0,100,10492.300437
-100.0,100,10494.056615
-100.0,100,10495.753851
-36.0,100,10497.443756
-100.0,100,10499.274592
-13.0,100,10500.969692
-73.0,100,10502.673288
-33.0,100,10504.349217
-100.0,100,10506.049434
-100.0,100,10507.758705
-100.0,100,10509.451377
-11.0,100,10511.141041
-53.0,100,10512.884408
-44.0,100,10514.625777
0.0,100,10516.30276
-26.0,100,10517.971443
-6.0,100,10519.700912
-25.0,100,10521.585503
-100.0,100,10523.35631
-20.0,100,10525.162018
-12.0,100,10526.862606
-2.0,100,10528.531376
-18.0,100,10530.382246
-100.0,100,10532.092613
-8.0,100,10533.808908
0.0,100,10535.310513
-100.0,100,10536.817219
-24.0,100,10538.49738
-100.0,100,10540.269092
-100.0,100,10542.232662
-26.0,100,10543.985648
-100.0,100,10545.717655
-10.0,100,10547.43115
-34.0,100,10549.334744
-33.0,100,10551.05342
-10.0,100,10552.769978
-100.0,100,10554.53764
0.0,100,10556.264757
-100.0,100,10558.089868
-100.0,100,10559.946823
-96.0,100,10561.641585
-22.0,100,10563.299187
-38.0,100,10564.941138
-11.0,100,10566.796205
-100.0,100,10568.601206
-64.0,100,10570.333098
-97.0,100,10571.980321
-3.0,100,10573.646146
-100.0,100,10575.327003
-29.0,100,10576.997376
-2.0,100,10578.737755
-3.0,100,10580.419157
-100.0,100,10582.06971
-6.0,100,10583.716322
-34.0,100,10585.380274
-100.0,100,10587.070582
-12.0,100,10588.859501
-29.0,100,10590.489184
-14.0,100,10592.156523
-100.0,100,10593.85146
-100.0,100,10595.612823
-100.0,100,10597.316056
-100.0,100,10599.049215
-100.0,100,10600.70797
-25.0,100,10602.383332
-100.0,100,10604.066253
-5.0,100,10605.788376
-33.0,100,10607.481616
-21.0,100,10609.215022
-85.0,100,10610.923314
-100.0,100,10612.624679
-100.0,100,10614.516853
-100.0,100,10616.233246
-100.0,100,10617.896571
-32.0,100,10619.546163
-8.0,100,10621.368484
-6.0,100,10623.094776
-30.0,100,10624.795979
-14.0,100,10626.473983
-64.0,100,10628.147617
-48.0,100,10629.896791
-2.0,100,10631.581371
-4.0,100,10633.260648
-100.0,100,10634.916561
-97.0,100,10636.631778
-9.0,100,10638.296266
-9.0,100,10639.947357
-4.0,100,10641.616159
-33.0,100,10643.269209
0.0,100,10644.774989
-100.0,100,10646.084298
-100.0,100,10647.696608
-100.0,100,10649.442921
-100.0,100,10651.330822
-100.0,100,10653.147515
-100.0,100,10654.848787
-100.0,100,10656.570685
-100.0,100,10658.297419
-100.0,100,10659.963323
-100.0,100,10661.609873
-100.0,100,10663.327422
-63.0,100,10664.832643
-11.0,100,10666.443442
-14.0,100,10668.165741
-12.0,100,10669.909428
-45.0,100,10671.581379
-100.0,100,10673.260509
-28.0,100,10674.984543
-2.0,100,10676.69813
-4.0,100,10678.46235
-10.0,100,10680.130049
-67.0,100,10681.86486
-63.0,100,10683.679274
-69.0,100,10685.462031
-53.0,100,10687.263414
-100.0,100,10688.938994
-56.0,100,10690.625031
-1.0,100,10692.28055
-100.0,100,10693.977156
-100.0,100,10695.694966
-15.0,100,10697.412275
-100.0,100,10699.104499
-10.0,100,10700.792029
-13.0,100,10702.504359
-16.0,100,10704.285141
-100.0,100,10706.014746
-29.0,100,10707.730718
-1.0,100,10709.393956
-1.0,100,10711.127314
-30.0,100,10712.798192
-100.0,100,10714.469235
-15.0,100,10716.159693
-100.0,100,10717.73965
-5.0,100,10719.20229
-100.0,100,10720.9553
-6.0,100,10722.846339
-100.0,100,10724.544251
-64.0,100,10726.054516
-100.0,100,10727.386824
-100.0,100,10729.074207
-20.0,100,10730.862282
-56.0,100,10732.56581
-20.0,100,10734.257157
-100.0,100,10735.926543
-36.0,100,10737.606743
-100.0,100,10739.273361
-14.0,100,10740.961407
-45.0,100,10742.660236
-100.0,100,10744.418542
-16.0,100,10746.09884
-100.0,100,10747.82078
-100.0,100,10749.52344
-62.0,100,10751.4088
-100.0,100,10753.179047
-45.0,100,10754.83687
-8.0,100,10756.509444
-44.0,100,10758.24407
-100.0,100,10760.014604
-100.0,100,10761.68138
-100.0,100,10763.362025
-100.0,100,10765.10287
-13.0,100,10766.941733
-100.0,100,10768.841751
-100.0,100,10770.667144
-7.0,100,10772.376093
-2.0,100,10774.02681
-100.0,100,10775.710078
-81.0,100,10777.534497
-93.0,100,10779.291245
-1.0,100,10780.924341
-13.0,100,10782.560508
-14.0,100,10784.239891
-2.0,100,10786.039601
0.0,100,10787.729178
-21.0,100,10789.428491
-100.0,100,10791.054618
-1.0,100,10792.765496
-100.0,100,10794.480658
-100.0,100,10796.144199
-12.0,100,10797.808363
-10.0,100,10799.508153
-20.0,100,10801.205863
-50.0,100,10803.408211
-6.0,100,10805.137969
-100.0,100,10806.828357
-27.0,100,10808.478047
-43.0,100,10810.259569
-100.0,100,10811.976556
-11.0,100,10813.726991
-60.0,100,10815.404359
-8.0,100,10817.081026
-9.0,100,10818.759775
-16.0,100,10820.531561
-16.0,100,10822.285663
-100.0,100,10824.025292
-8.0,100,10825.620428
-100.0,100,10827.286234
-34.0,100,10828.947036
-100.0,100,10830.630213
-27.0,100,10832.303794
-100.0,100,10833.781847
-100.0,100,10835.248609
-100.0,100,10836.856413
-100.0,100,10838.542496
-61.0,100,10840.405131
-100.0,100,10841.886594
-100.0,100,10843.201228
-69.0,100,10844.778793
-100.0,100,10846.422658
-77.0,100,10848.132041
-100.0,100,10849.912183
-100.0,100,10851.672225
-100.0,100,10853.359188
-17.0,100,10855.037765
0.0,100,10856.742942
-100.0,100,10858.423529
-92.0,100,10860.120353
-92.0,100,10861.804187
-10.0,100,10863.463321
-100.0,100,10865.167447
-100.0,100,10866.995481
-16.0,100,10868.708378
-19.0,100,10870.386469
-17.0,100,10872.091857
-29.0,100,10873.947
-21.0,100,10875.659765
-100.0,100,10877.466729
-73.0,100,10879.194565
-28.0,100,10880.99953
-6.0,100,10882.708341
-21.0,100,10884.657302
-100.0,100,10886.428005
-19.0,100,10888.031506
-73.0,100,10889.479177
-100.0,100,10890.923943
-22.0,100,10892.873865
-100.0,100,10894.789689
-100.0,100,10896.428211
0.0,100,10897.803049
-4.0,100,10899.236823
-9.0,100,10900.942042
-100.0,100,10902.6423
-100.0,100,10904.460933
-100.0,100,10905.989286
-9.0,100,10907.394474
-11.0,100,10909.115288
-100.0,100,10910.887429
-34.0,100,10912.687467
-100.0,100,10914.41118
-81.0,100,10916.065712
-24.0,100,10917.704001
-36.0,100,10919.366022
-100.0,100,10921.143208
-100.0,100,10922.836958
-100.0,100,10924.522152
-100.0,100,10926.166151
-100.0,100,10927.855479
-9.0,100,10929.554445
-25.0,100,10931.220977
-2.0,100,10932.909368
-22.0,100,10934.638297
0.0,100,10936.418821
-100.0,100,10938.206496
-100.0,100,10939.934067
-100.0,100,10941.621533
-100.0,100,10943.185899
-18.0,100,10944.825768
-25.0,100,10946.519072
-17.0,100,10948.249624
-10.0,100,10949.952003
-100.0,100,10951.638422
-7.0,100,10953.289682
-100.0,100,10955.022236
-100.0,100,10956.734021
-100.0,100,10958.366742
-100.0,100,10959.726973
-29.0,100,10961.236261
-40.0,100,10962.911468
-33.0,100,10964.757554
-1.0,100,10966.502811
-16.0,100,10968.146836
-8.0,100,10969.812205
0.0,100,10971.504718
-100.0,100,10973.197917
-77.0,100,10974.929259
-100.0,100,10976.636748
-34.0,100,10978.227016
-38.0,100,10980.057594
-44.0,100,10981.801781
-16.0,100,10983.516287
-41.0,100,10985.199378
-37.0,100,10986.868113
-7.0,100,10988.577235
-62.0,100,10990.277621
-1.0,100,10991.946942
-55.0,100,10993.617829
-11.0,100,10995.332163
-100.0,100,10997.018874
-92.0,100,10998.724229
-92.0,100,11000.399668
-100.0,100,11002.132118
-100.0,100,11003.839531
-100.0,100,11005.516439
-6.0,100,11007.224321
-41.0,100,11009.108976
-32.0,100,11010.972985
-66.0,100,11012.69181
-9.0,100,11014.404925
-6.0,100,11016.12888
-100.0,100,11017.998977
-41.0,100,11019.714459
-3.0,100,11021.375919
-24.0,100,11022.846758
0.0,100,11024.267229
-100.0,100,11025.880572
-100.0,100,11027.565825
-2.0,100,11029.344944
-13.0,100,11030.982773
-43.0,100,11032.646978
-8.0,100,11034.350979
-8.0,100,11036.122249
-2.0,100,11037.978907
-100.0,100,11039.692897
-32.0,100,11041.379866
-2.0,100,11043.04968
-60.0,100,11044.759408
-100.0,100,11046.583683
-100.0,100,11048.261011
-91.0,100,11049.966726
-100.0,100,11051.674173
-100.0,100,11053.337809
-28.0,100,11055.048138
-100.0,100,11056.765051
-14.0,100,11058.448503
-100.0,100,11060.096608
-100.0,100,11061.727398
-100.0,100,11063.450176
-13.0,100,11065.230533
-39.0,100,11066.955487
-100.0,100,11068.667547
-11.0,100,11070.379995
-1.0,100,11072.103549
-30.0,100,11073.809152
-100.0,100,11075.539085
-33.0,100,11077.236123
-29.0,100,11078.81344
-12.0,100,11080.344526
-100.0,100,11082.01616
-100.0,100,11083.836929
-30.0,100,11085.551205
-100.0,100,11087.086617
-100.0,100,11088.487674
-100.0,100,11090.246102
-32.0,100,11092.004056
-100.0,100,11093.661264
-57.0,100,11095.355809
-100.0,100,11097.098494
-1.0,100,11098.758875
-100.0,100,11100.43171
-3.0,100,11102.091307
-12.0,100,11103.797824
-100.0,100,11105.476984
-54.0,100,11107.3585
-100.0,100,11109.250386
-20.0,100,11111.146967
-74.0,100,11112.825167
-67.0,100,11114.49501
-63.0,100,11116.201074
-9.0,100,11117.954942
-13.0,100,11119.699931
-100.0,100,11121.374348
-2.0,100,11123.067597
-100.0,100,11124.791081
-15.0,100,11126.55094
-100.0,100,11128.359191
-2.0,100,11130.198498
-9.0,100,11131.694005
-100.0,100,11133.128855
-27.0,100,11134.908591
-3.0,100,11136.779226
-31.0,100,11138.514926
-35.0,100,11140.188616
-93.0,100,11141.847067
-3.0,100,11143.671356
-1.0,100,11145.616992
-100.0,100,11147.368282
-4.0,100,11149.235753
-40.0,100,11150.952541
-100.0,100,11152.718272
-19.0,100,11154.49197
-2.0,100,11156.268288
-9.0,100,11158.12729
-68.0,100,11159.852668
-2.0,100,11161.558671
-5.0,100,11163.26088
-22.0,100,11164.956158
-5.0,100,11166.679774
-5.0,100,11168.195086
-26.0,100,11169.831092
-5.0,100,11171.518875
-96.0,100,11173.285194
-5.0,100,11175.110677
-33.0,100,11176.736776
-98.0,100,11178.58631
-74.0,100,11180.30593
-3.0,100,11181.992037
-10.0,100,11183.467855
-4.0,100,11184.894618
-83.0,100,11186.517272
-100.0,100,11188.136204
-50.0,100,11189.809975
-1.0,100,11191.506989
-1.0,100,11193.226295
-2.0,100,11194.778227
-100.0,100,11196.200791
-6.0,100,11197.781704
-100.0,100,11199.532138
-100.0,100,11201.301985
-100.0,100,11202.933515
-88.0,100,11204.494526
-12.0,100,11206.193494
-27.0,100,11207.98639
-100.0,100,11209.707669
-9.0,100,11211.540824
-36.0,100,11213.292411
-100.0,100,11215.02809
-100.0,100,11216.769606
-11.0,100,11218.658175
-18.0,100,11220.391857
-92.0,100,11222.139251
-100.0,100,11223.811067
-22.0,100,11225.526399
-100.0,100,11228.79536
-17.0,100,11230.490251
-100.0,100,11232.123723
-1.0,100,11233.74206
-99.0,100,11235.441104
-100.0,100,11237.12571
-13.0,100,11238.803064
-6.0,100,11240.458394
0.0,100,11242.154907
-37.0,100,11243.882471
-21.0,100,11245.57542
-29.0,100,11247.256289
-100.0,100,11248.8684
-22.0,100,11250.42731
-10.0,100,11252.112063
-7.0,100,11253.815207
-100.0,100,11255.540608
-100.0,100,11257.051254
-24.0,100,11258.388316
-32.0,100,11259.887228
-41.0,100,11261.439449
-27.0,100,11263.217374
-85.0,100,11264.96031
-3.0,100,11266.492937
-16.0,100,11268.18503
-100.0,100,11269.864158
-9.0,100,11271.554137
-32.0,100,11273.326323
-6.0,100,11275.038074
-100.0,100,11276.72271
-68.0,100,11278.429087
-40.0,100,11280.114335
-100.0,100,11281.863431
-7.0,100,11283.558567
-30.0,100,11285.237119
-20.0,100,11286.889865
-13.0,100,11288.633996
-63.0,100,11290.318733
-100.0,100,11291.993816
-12.0,100,11293.641373
-98.0,100,11295.30353
-34.0,100,11297.125866
-34.0,100,11298.880146
-4.0,100,11300.575842
-100.0,100,11302.30321
-89.0,100,11303.868216
-100.0,100,11305.382179
-5.0,100,11307.112271
-100.0,100,11308.877093
-100.0,100,11310.554751
-84.0,100,11312.204199
-37.0,100,11313.85065
-100.0,100,11315.546061
-100.0,100,11317.245334
-100.0,100,11318.924747
0.0,100,11320.519301
-9.0,100,11322.033627
-63.0,100,11323.612352
-1.0,100,11325.353861
-100.0,100,11327.089638
-100.0,100,11328.813663
-47.0,100,11330.509333
-18.0,100,11332.186931
-100.0,100,11333.874568
-35.0,100,11335.691786
-100.0,100,11337.35964
-100.0,100,11339.044986
-21.0,100,11340.746176
-100.0,100,11342.487754
-52.0,100,11344.121743
-71.0,100,11345.80372
-100.0,100,11347.50977
-100.0,100,11349.183109
-9.0,100,11350.888418
-22.0,100,11352.55717
-18.0,100,11354.266433
-81.0,100,11355.973118
-81.0,100,11357.514946
-100.0,100,11359.045747
-60.0,100,11360.752091
-100.0,100,11362.503902
-21.0,100,11364.062682
-100.0,100,11365.692514
-58.0,100,11367.321029
-95.0,100,11369.036755
-100.0,100,11370.709024
-85.0,100,11372.429114
-100.0,100,11374.063002
-100.0,100,11375.73428
-7.0,100,11377.42551
-11.0,100,11379.16895
-7.0,100,11380.9209
-100.0,100,11382.643665
-75.0,100,11384.184224
-1.0,100,11385.590031
-5.0,100,11387.302355
-57.0,100,11389.04207
-100.0,100,11390.766356
-60.0,100,11392.477118
-20.0,100,11394.186577
-40.0,100,11395.939529
-100.0,100,11397.682497
-9.0,100,11399.559556
-11.0,100,11401.318401
-100.0,100,11403.082045
-6.0,100,11404.865251
-10.0,100,11406.612027
-25.0,100,11408.34237
-24.0,100,11410.086482
-100.0,100,11411.762498
-80.0,100,11413.486768
-26.0,100,11415.170398
-27.0,100,11416.916885
-40.0,100,11418.602401
-60.0,100,11420.306572
-100.0,100,11421.920156
-99.0,100,11423.685797
0.0,100,11425.592016
-28.0,100,11427.365145
-100.0,100,11428.847041
-8.0,100,11430.24885
-39.0,100,11431.902551
-100.0,100,11433.720237
-10.0,100,11435.635457
-2.0,100,11437.255905
-100.0,100,11438.650188
-100.0,100,11440.036828
0.0,100,11441.827251
-15.0,100,11443.616901
-90.0,100,11445.302289
-100.0,100,11446.969656
-26.0,100,11448.657139
-100.0,100,11450.422535
-1.0,100,11452.176102
-10.0,100,11453.97849
0.0,100,11455.702325
-32.0,100,11457.457162
0.0,100,11459.209569
-100.0,100,11460.942792
-100.0,100,11462.677952
-1.0,100,11464.42298
-8.0,100,11466.179409
-100.0,100,11467.923184
-5.0,100,11469.66673
-16.0,100,11471.446613
-100.0,100,11473.174688
-31.0,100,11474.930931
-100.0,100,11476.64512
-26.0,100,11478.378653
-10.0,100,11480.111382
-99.0,100,11481.873116
-26.0,100,11483.533166
-11.0,100,11485.065485
-71.0,100,11486.624654
-16.0,100,11488.473457
-35.0,100,11490.258612
-100.0,100,11492.006475
-99.0,100,11493.542488
-46.0,100,11495.043479
-25.0,100,11496.57638
-16.0,100,11498.330616
-9.0,100,11500.050402
-50.0,100,11501.731919
-100.0,100,11503.430499
-23.0,100,11505.23554
-4.0,100,11506.939421
-12.0,100,11508.79799
-10.0,100,11510.595161
-100.0,100,11512.296841
-11.0,100,11514.031207
-32.0,100,11515.759334
-100.0,100,11517.459926
-100.0,100,11519.229302
-2.0,100,11520.96881
-11.0,100,11522.654805
-100.0,100,11524.34822
-100.0,100,11526.112799
-1.0,100,11527.797922
-91.0,100,11529.498681
-100.0,100,11531.244975
-13.0,100,11532.979803
-10.0,100,11534.699913
-100.0,100,11536.381613
-30.0,100,11538.076164
-3.0,100,11539.803678
-100.0,100,11541.532678
-12.0,100,11543.219785
-13.0,100,11544.946613
-100.0,100,11546.613256
-11.0,100,11548.125472
-19.0,100,11549.534229
-100.0,100,11551.48963
-100.0,100,11553.225513
-45.0,100,11554.944016
-100.0,100,11556.612398
-36.0,100,11558.299529
-11.0,100,11560.213772
-13.0,100,11562.052591
-100.0,100,11563.736006
-33.0,100,11565.447088
-29.0,100,11567.203452
-3.0,100,11568.949422
-7.0,100,11570.691823
-2.0,100,11572.458201
-9.0,100,11574.238141
-100.0,100,11575.912166
-26.0,100,11577.6001
-100.0,100,11579.333477
-13.0,100,11581.198836
-7.0,100,11582.941291
-100.0,100,11584.644137
-15.0,100,11586.357069
-28.0,100,11588.140731
-2.0,100,11589.8822
-29.0,100,11591.560527
-100.0,100,11593.270631
-100.0,100,11594.974809
-67.0,100,11596.71513
-100.0,100,11598.452887
-6.0,100,11600.178253
-100.0,100,11601.893664
-100.0,100,11603.428449
-100.0,100,11604.89227
0.0,100,11606.579063
-100.0,100,11608.327749
-82.0,100,11609.980147
-2.0,100,11611.631189
-12.0,100,11613.363076
-100.0,100,11615.066468
-89.0,100,11616.911227
-6.0,100,11618.648143
-50.0,100,11620.360725
-9.0,100,11622.002156
-52.0,100,11623.820086
-2.0,100,11625.660282
-51.0,100,11627.28295
-100.0,100,11628.874839
-2.0,100,11630.406694
-35.0,100,11631.924903
-4.0,100,11633.720047
-5.0,100,11635.550961
-2.0,100,11637.280912
-100.0,100,11638.958694
-92.0,100,11640.644848
-1.0,100,11642.388799
-3.0,100,11644.08287
-100.0,100,11645.775565
-100.0,100,11647.45529
-93.0,100,11649.167972
0.0,100,11650.942715
-100.0,100,11653.301219
-100.0,100,11655.045377
-37.0,100,11656.718686
-100.0,100,11658.371695
-4.0,100,11660.042808
-10.0,100,11661.708275
-33.0,100,11663.404624
-8.0,100,11665.016099
-2.0,100,11666.694234
-21.0,100,11668.38756
-33.0,100,11670.145228
-3.0,100,11671.668037
-33.0,100,11673.191337
-100.0,100,11674.892802
-27.0,100,11676.624405
-15.0,100,11678.342068
-68.0,100,11680.048304
-37.0,100,11681.766738
-32.0,100,11683.51557
-18.0,100,11685.343478
-38.0,100,11687.048399
-100.0,100,11688.780271
-5.0,100,11690.533099
-3.0,100,11692.113773
-100.0,100,11693.738632
-100.0,100,11695.603958
-100.0,100,11697.392139
-3.0,100,11699.124413
-3.0,100,11700.806756
-100.0,100,11702.481286
-100.0,100,11704.356614
-69.0,100,11706.087606
-100.0,100,11707.817775
-43.0,100,11709.48818
-83.0,100,11711.132032
-92.0,100,11712.837284
-21.0,100,11714.533
-100.0,100,11716.225098
-22.0,100,11717.963327
-59.0,100,11719.661301
-100.0,100,11721.447516
-14.0,100,11723.158157
-100.0,100,11724.960171
-7.0,100,11726.537181
-39.0,100,11728.206637
-100.0,100,11729.845646
-39.0,100,11731.590671
-3.0,100,11733.32939
-52.0,100,11734.989796
-49.0,100,11736.639373
-100.0,100,11738.331175
0.0,100,11740.033959
-100.0,100,11741.80251
-34.0,100,11743.559411
-100.0,100,11745.346708
-4.0,100,11746.936312
-100.0,100,11748.555804
-46.0,100,11750.291864
-100.0,100,11752.094838
-100.0,100,11753.809572
-100.0,100,11755.477664
-33.0,100,11757.431719
-100.0,100,11759.178622
-100.0,100,11760.918145
-21.0,100,11762.758266
-100.0,100,11764.53295
-100.0,100,11766.320683
-52.0,100,11768.076262
-100.0,100,11770.022528
-100.0,100,11771.762755
-2.0,100,11773.507852
-100.0,100,11775.229146
-100.0,100,11776.958569
-10.0,100,11778.697877
-82.0,100,11780.471526
-1.0,100,11782.187258
-36.0,100,11783.878229
-24.0,100,11785.645625
-28.0,100,11787.437564
-75.0,100,11789.213017
-100.0,100,11790.932854
-48.0,100,11792.316952
-20.0,100,11793.933761
-3.0,100,11795.67185
-5.0,100,11797.504781
-100.0,100,11799.186868
-81.0,100,11800.783999
-100.0,100,11802.244392
-1.0,100,11803.894276
-13.0,100,11805.745042
-30.0,100,11807.70661
-100.0,100,11809.458741
-15.0,100,11811.093618
-63.0,100,11812.708111
-100.0,100,11814.451035
-16.0,100,11816.156492
-100.0,100,11817.87302
-6.0,100,11819.536614
-1.0,100,11821.227409
-100.0,100,11822.9412
-100.0,100,11824.672542
-1.0,100,11826.4311
-72.0,100,11828.184434
-100.0,100,11829.901616
-1.0,100,11831.619187
-2.0,100,11833.358451
-11.0,100,11835.092619
-18.0,100,11836.767401
-46.0,100,11838.50808
-4.0,100,11840.333951
-100.0,100,11842.136652
-100.0,100,11843.888152
-33.0,100,11845.633315
-49.0,100,11847.113992
-28.0,100,11848.72915
-100.0,100,11850.569596
-21.0,100,11852.527745
-100.0,100,11854.231602
-100.0,100,11855.620689
-34.0,100,11857.194665
-100.0,100,11858.889114
-39.0,100,11860.631607
-35.0,100,11862.360837
-33.0,100,11864.105604
-100.0,100,11865.835841
-100.0,100,11867.634461
-100.0,100,11869.51371
-96.0,100,11871.401062
-96.0,100,11873.187508
-100.0,100,11874.894708
-31.0,100,11876.580165
-100.0,100,11878.304791
-18.0,100,11880.136872
-29.0,100,11881.853539
-100.0,100,11883.565763
-100.0,100,11885.275079
-20.0,100,11886.958039
-3.0,100,11888.649501
-100.0,100,11890.360296
-31.0,100,11892.00955
-18.0,100,11893.681115
-19.0,100,11895.356812
-1.0,100,11897.074275
-30.0,100,11898.796897
-11.0,100,11900.483486
-7.0,100,11902.170478
-4.0,100,11903.875041
-51.0,100,11905.600141
-100.0,100,11907.334589
-13.0,100,11908.96334
-20.0,100,11910.648132
-100.0,100,11912.260107
-100.0,100,11913.898148
-100.0,100,11915.563973
-30.0,100,11917.292485
-100.0,100,11918.83244
-1.0,100,11920.29708
-2.0,100,11922.068251
-100.0,100,11923.816396
-91.0,100,11925.531198
0.0,100,11927.230264
-90.0,100,11928.92832
-100.0,100,11930.66946
-37.0,100,11932.367716
-100.0,100,11934.123443
-100.0,100,11935.815276
-48.0,100,11937.528204
-64.0,100,11939.238711
-19.0,100,11940.940279
-100.0,100,11942.631988
-100.0,100,11944.37071
-15.0,100,11946.216182
-2.0,100,11947.906785
0.0,100,11949.623511
-37.0,100,11951.382853
-13.0,100,11953.155165
-100.0,100,11954.911525
-9.0,100,11956.61033
-100.0,100,11958.407981
-5.0,100,11960.169474
-100.0,100,11961.861257
-59.0,100,11963.59004
-100.0,100,11965.327597
-100.0,100,11967.190477
-18.0,100,11968.998326
-100.0,100,11970.717079
-4.0,100,11972.45501
-13.0,100,11974.000706
-100.0,100,11975.473643
-30.0,100,11977.117874
-100.0,100,11978.882007
-49.0,100,11980.629092
-9.0,100,11982.267556
-17.0,100,11983.662349
-100.0,100,11985.345975
-34.0,100,11987.093225
-10.0,100,11988.808637
-99.0,100,11990.408096
-79.0,100,11992.062615
-17.0,100,11993.768484
-100.0,100,11995.469309
-100.0,100,11997.191093
-86.0,100,11998.909089
-24.0,100,12000.567992
-5.0,100,12002.272693
-100.0,100,12004.073002
-43.0,100,12005.97466
-9.0,100,12007.680751
-1.0,100,12009.341261
-100.0,100,12011.117093
-3.0,100,12012.925207
-13.0,100,12014.634819
-100.0,100,12016.333545
-25.0,100,12018.146442
-60.0,100,12019.881601
-30.0,100,12021.593747
-44.0,100,12023.502202
-33.0,100,12025.441969
-35.0,100,12027.071318
-100.0,100,12028.60999
-100.0,100,12030.397293
-15.0,100,12032.175534
-100.0,100,12033.878072
-100.0,100,12035.426986
-100.0,100,12036.897324
-14.0,100,12038.636273
-97.0,100,12040.504191
-10.0,100,12042.23763
-60.0,100,12043.953524
-13.0,100,12045.590541
-100.0,100,12047.25065
-100.0,100,12048.997154
-100.0,100,12050.668661
-31.0,100,12052.301604
-4.0,100,12053.97603
-36.0,100,12055.612032
-100.0,100,12057.51091
-21.0,100,12059.335501
0.0,100,12061.185018
-44.0,100,12062.825132
-3.0,100,12064.529757
-100.0,100,12066.220256
-12.0,100,12067.955248
-24.0,100,12069.645658
-100.0,100,12071.304973
-23.0,100,12072.965755
-43.0,100,12074.712538
-100.0,100,12076.454037
-11.0,100,12078.215415
-9.0,100,12079.926894
-57.0,100,12083.190053
-29.0,100,12085.130266
0.0,100,12086.827131
-100.0,100,12088.493748
-50.0,100,12090.193325
-3.0,100,12091.78828
-100.0,100,12093.460561
-3.0,100,12095.171062
-4.0,100,12096.942155
-1.0,100,12098.491714
-21.0,100,12100.111356
-100.0,100,12101.761513
-26.0,100,12103.459703
-2.0,100,12105.208447
-8.0,100,12106.96991
-45.0,100,12108.68898
-100.0,100,12110.464321
-30.0,100,12112.192918
-2.0,100,12114.064656
-100.0,100,12115.892874
-100.0,100,12117.725039
-96.0,100,12119.526495
-4.0,100,12121.416573
-11.0,100,12123.307721
-100.0,100,12125.187694
-24.0,100,12126.947673
-100.0,100,12128.631418
-100.0,100,12130.321662
-100.0,100,12132.071661
-100.0,100,12133.969948
-93.0,100,12135.77701
-100.0,100,12137.491972
-79.0,100,12139.223893
-11.0,100,12140.966224
-100.0,100,12142.691676
-12.0,100,12144.388461
-100.0,100,12146.104071
-3.0,100,12147.746813
-12.0,100,12149.454968
-100.0,100,12151.159961
-37.0,100,12152.888523
-100.0,100,12154.562727
-1.0,100,12156.247124
-100.0,100,12157.955812
-16.0,100,12159.668286
-93.0,100,12161.458781
-5.0,100,12163.171751
-100.0,100,12164.890962
-1.0,100,12166.636775
-100.0,100,12168.429296
-100.0,100,12170.38161
-100.0,100,12172.056159
-100.0,100,12173.771721
-100.0,100,12175.60571
-100.0,100,12177.361617
-100.0,100,12179.060376
-100.0,100,12180.755093
-100.0,100,12182.454128
-8.0,100,12184.146111
-100.0,100,12185.880752
-100.0,100,12187.629938
-18.0,100,12189.362686
-100.0,100,12191.114469
-33.0,100,12192.878621
-9.0,100,12194.698996
-21.0,100,12196.677162
-100.0,100,12198.480059
-14.0,100,12200.232973
-100.0,100,12201.996592
-95.0,100,12203.741442
-57.0,100,12205.507057
-17.0,100,12207.447383
-100.0,100,12209.034169
-100.0,100,12210.498216
-77.0,100,12211.88774
-97.0,100,12213.738462
-100.0,100,12215.503276
-88.0,100,12217.47835
-11.0,100,12219.246331
-14.0,100,12221.226913
-65.0,100,12223.067722
-64.0,100,12225.072681
-100.0,100,12226.946039
-5.0,100,12228.724819
0.0,100,12230.51402
-100.0,100,12232.362548
-100.0,100,12234.2626
-66.0,100,12236.207734
-100.0,100,12237.983909
-100.0,100,12239.650513
-100.0,100,12241.362329
-100.0,100,12243.122196
-100.0,100,12244.907468
-2.0,100,12246.622631
-88.0,100,12248.292482
-100.0,100,12249.968957
-100.0,100,12251.744696
-9.0,100,12253.46284
-100.0,100,12255.190369
-26.0,100,12256.871579
-28.0,100,12258.593896
-100.0,100,12260.287546
-20.0,100,12262.02249
-28.0,100,12263.744442
-100.0,100,12265.539717
-7.0,100,12267.258571
-100.0,100,12269.013196
-100.0,100,12270.725849
-6.0,100,12272.44899
-100.0,100,12274.108819
-42.0,100,12275.794463
-3.0,100,12277.497933
-98.0,100,12279.423709
-36.0,100,12281.299823
-1.0,100,12283.020476
-62.0,100,12284.735918
-13.0,100,12286.530797
-100.0,100,12288.317591
0.0,100,12290.140327
-98.0,100,12291.983771
-20.0,100,12293.719562
-9.0,100,12295.441069
-31.0,100,12297.134095
-100.0,100,12298.851781
-5.0,100,12300.634835
-39.0,100,12302.335499
-18.0,100,12303.976329
-100.0,100,12305.653948
-18.0,100,12307.41476
-46.0,100,12309.1613
-7.0,100,12310.873493
-80.0,100,12312.607629
-27.0,100,12314.321672
-40.0,100,12316.288508
-20.0,100,12318.019258
-70.0,100,12319.743721
-25.0,100,12321.454946
-100.0,100,12323.184902
-100.0,100,12325.001852
-5.0,100,12326.761316
-100.0,100,12328.538199
-95.0,100,12330.149196
0.0,100,12331.752872
-78.0,100,12333.434255
-100.0,100,12335.184575
-100.0,100,12336.897659
-100.0,100,12338.572406
-45.0,100,12340.250273
-2.0,100,12342.009253
-41.0,100,12343.813585
-30.0,100,12345.759359
-99.0,100,12347.454789
-100.0,100,12349.195174
-17.0,100,12350.904702
-12.0,100,12352.662732
-100.0,100,12354.39341
-28.0,100,12356.127166
-100.0,100,12357.916128
-100.0,100,12359.601138
-100.0,100,12361.27844
-100.0,100,12363.065345
-100.0,100,12364.757256
-100.0,100,12366.406773
-4.0,100,12368.085566
-18.0,100,12369.822294
-98.0,100,12371.536448
-100.0,100,12373.265556
-100.0,100,12374.948032
-100.0,100,12376.653806
-100.0,100,12378.482675
-100.0,100,12380.294442
-40.0,100,12381.992759
-2.0,100,12383.746433
-100.0,100,12385.423371
-100.0,100,12387.118615
-25.0,100,12388.850751
-29.0,100,12390.599575
-12.0,100,12392.155259
-12.0,100,12393.55189
-100.0,100,12395.188435
-18.0,100,12396.899346
-2.0,100,12398.647159
-23.0,100,12400.345818
-6.0,100,12402.040602
-8.0,100,12403.829536
-12.0,100,12405.576633
-4.0,100,12407.352114
-100.0,100,12409.063704
-30.0,100,12410.781907
-25.0,100,12412.399224
-100.0,100,12414.103119
-20.0,100,12415.840083
-7.0,100,12417.592815
-19.0,100,12419.164492
-28.0,100,12420.812161
-100.0,100,12422.550627
-27.0,100,12424.324701
-100.0,100,12426.037305
-35.0,100,12427.724402
-98.0,100,12429.394636
-100.0,100,12431.076004
-100.0,100,12432.900869
-15.0,100,12434.604634
-2.0,100,12436.353683
-99.0,100,12438.088219
-2.0,100,12439.784681
-51.0,100,12441.49411
-93.0,100,12443.16108
-100.0,100,12444.919579
-100.0,100,12446.578229
-100.0,100,12448.242996
-14.0,100,12449.952808
-100.0,100,12451.713834
-100.0,100,12453.515535
-32.0,100,12455.247079
-12.0,100,12456.957138
-16.0,100,12458.720047
-100.0,100,12460.65784
-16.0,100,12462.415166
-100.0,100,12464.103732
-13.0,100,12465.830319
-4.0,100,12467.534943
-3.0,100,12469.276765
-44.0,100,12471.011865
-100.0,100,12472.905271
-100.0,100,12474.582088
-12.0,100,12476.259685
-100.0,100,12477.968179
-100.0,100,12479.743149
-55.0,100,12481.411697
-13.0,100,12483.060578
-35.0,100,12484.729331
-2.0,100,12486.486462
-13.0,100,12488.230133
-14.0,100,12489.962747
-100.0,100,12491.644539
-100.0,100,12493.395048
-72.0,100,12495.341586
-19.0,100,12497.162467
-33.0,100,12498.878181
-100.0,100,12500.635733
-6.0,100,12502.343067
-18.0,100,12504.054038
-100.0,100,12505.828064
-100.0,100,12507.627404
-2.0,100,12509.322799
-100.0,100,12511.025876
-90.0,100,12512.695266
-10.0,100,12514.442501
-100.0,100,12516.16122
-2.0,100,12518.634313
-13.0,100,12520.260909
-18.0,100,12521.962486
-2.0,100,12523.650792
-100.0,100,12525.345589
-100.0,100,12527.06376
-100.0,100,12528.810644
-71.0,100,12530.448371
-17.0,100,12532.253281
-100.0,100,12533.942428
-10.0,100,12535.655715
-15.0,100,12537.268907
-29.0,100,12538.625062
-100.0,100,12540.330709
-9.0,100,12542.116187
-15.0,100,12543.892754
-46.0,100,12545.595632
-9.0,100,12547.279658
-79.0,100,12549.030215
-100.0,100,12550.707797
-100.0,100,12552.588431
-56.0,100,12554.3104
-37.0,100,12556.038662
-100.0,100,12557.714561
-10.0,100,12559.463057
-2.0,100,12561.209011
-3.0,100,12562.977967
-24.0,100,12564.703264
-67.0,100,12566.407145
-100.0,100,12568.238544
-42.0,100,12569.981999
-70.0,100,12571.726119
-100.0,100,12573.428701
-25.0,100,12575.149369
-100.0,100,12576.956189
-100.0,100,12578.682183
-16.0,100,12580.364166
-99.0,100,12581.919207
-100.0,100,12583.34131
-100.0,100,12585.065273
-54.0,100,12586.775192
-3.0,100,12588.512953
-9.0,100,12590.139038
-100.0,100,12591.690122
-100.0,100,12593.24788
-1.0,100,12595.071721
-4.0,100,12596.891503
-4.0,100,12598.466927
-2.0,100,12599.895088
-39.0,100,12601.611292
-6.0,100,12603.436806
-42.0,100,12605.21345
-37.0,100,12607.238864
-5.0,100,12609.032674
-100.0,100,12610.804502
-20.0,100,12612.496509
-100.0,100,12614.258248
-57.0,100,12616.037157
-30.0,100,12617.78445
-3.0,100,12619.46381
-100.0,100,12621.148626
-9.0,100,12622.88909
-100.0,100,12624.606449
-20.0,100,12626.311625
-3.0,100,12628.042087
-77.0,100,12629.765374
-100.0,100,12631.525632
-100.0,100,12633.260909
-100.0,100,12634.975617
-23.0,100,12636.683184
-27.0,100,12638.429541
-77.0,100,12640.213247
-40.0,100,12641.994381
-1.0,100,12643.821587
-12.0,100,12645.628417
-10.0,100,12647.395781
-21.0,100,12649.12623
0.0,100,12650.862854
-13.0,100,12652.655605
-100.0,100,12654.362758
-100.0,100,12655.830251
-24.0,100,12657.324174
-33.0,100,12659.213741
-100.0,100,12660.97068
-51.0,100,12662.726038
-18.0,100,12664.474422
-7.0,100,12666.220915
-15.0,100,12668.0027
-100.0,100,12669.730072
-100.0,100,12671.417784
-26.0,100,12673.222557
-100.0,100,12674.917654
-100.0,100,12676.588931
-32.0,100,12678.308829
-35.0,100,12680.03538
-22.0,100,12681.705233
-85.0,100,12683.375274
-42.0,100,12685.074845
-100.0,100,12686.804711
-38.0,100,12688.502483
-1.0,100,12690.188319
-18.0,100,12691.859886
-73.0,100,12693.678351
-3.0,100,12695.661078
0.0,100,12697.485119
-100.0,100,12699.230132
-100.0,100,12700.937688
-100.0,100,12702.681854
-18.0,100,12704.575973
-23.0,100,12706.398503
-34.0,100,12708.083607
-69.0,100,12709.720045
-100.0,100,12711.441306
-100.0,100,12713.216401
-19.0,100,12715.114195
-5.0,100,12716.62189
-1.0,100,12718.103326
-2.0,100,12719.904359
-56.0,100,12721.71189
-15.0,100,12723.493658
-47.0,100,12725.278527
-29.0,100,12727.064899
-7.0,100,12728.702563
-12.0,100,12730.443085
-10.0,100,12732.215484
0.0,100,12733.992423
-4.0,100,12735.791689
-100.0,100,12737.475398
-100.0,100,12739.275643
-100.0,100,12741.048529
-100.0,100,12742.832211
-35.0,100,12744.511998
-7.0,100,12746.250888
-16.0,100,12748.004374
-100.0,100,12749.766413
-87.0,100,12751.54226
-53.0,100,12753.252775
-2.0,100,12754.956724
-5.0,100,12756.702166
-91.0,100,12758.467778
-24.0,100,12760.213022
-16.0,100,12761.998055
-16.0,100,12763.570649
-14.0,100,12765.241644
-2.0,100,12767.06643
-100.0,100,12768.961097
-100.0,100,12770.722882
-100.0,100,12772.390966
-3.0,100,12774.069608
-7.0,100,12775.821399
-5.0,100,12777.624013
-87.0,100,12779.374487
-100.0,100,12781.12888
-100.0,100,12782.88457
-100.0,100,12784.676852
-100.0,100,12786.463995
-100.0,100,12788.227343
-100.0,100,12789.973423
-3.0,100,12791.754982
-100.0,100,12793.511169
-28.0,100,12795.346814
-11.0,100,12797.3638
-18.0,100,12799.250789
-10.0,100,12800.922976
-81.0,100,12802.60538
-100.0,100,12804.365328
-100.0,100,12806.128564
-13.0,100,12807.889982
-100.0,100,12809.658303
-32.0,100,12811.668976
-6.0,100,12813.518427
-12.0,100,12815.342735
-5.0,100,12817.099525
-16.0,100,12818.818415
-38.0,100,12820.600986
-11.0,100,12822.337881
-12.0,100,12824.108155
-21.0,100,12825.898462
-100.0,100,12827.693463
-30.0,100,12829.249923
-100.0,100,12830.766915
-100.0,100,12832.375146
-100.0,100,12834.183758
-13.0,100,12836.01764
-62.0,100,12837.789915
-100.0,100,12839.489945
-34.0,100,12841.18854
-16.0,100,12842.991987
-19.0,100,12844.832169
-2.0,100,12846.416774
-7.0,100,12848.097225
-23.0,100,12849.895154
-100.0,100,12851.77436
-35.0,100,12853.672063
-63.0,100,12855.460777
-100.0,100,12857.209274
-3.0,100,12858.924569
-100.0,100,12860.71409
-1.0,100,12862.496963
-100.0,100,12864.188548
-100.0,100,12865.914081
-17.0,100,12867.621479
-100.0,100,12869.369346
-1.0,100,12871.115945
-100.0,100,12872.940248
-100.0,100,12874.697639
-100.0,100,12876.4437
-100.0,100,12878.171777
-3.0,100,12879.893644
-100.0,100,12881.608748
-76.0,100,12883.339625
-37.0,100,12885.012794
-100.0,100,12886.734263
-37.0,100,12888.458433
-100.0,100,12890.247524
-100.0,100,12891.883345
-5.0,100,12893.481182
-50.0,100,12895.35447
-27.0,100,12897.190537
-51.0,100,12898.964817
-100.0,100,12900.603174
-15.0,100,12902.089604
-9.0,100,12903.646072
-100.0,100,12905.450895
-18.0,100,12907.284332
-54.0,100,12908.944725
-38.0,100,12910.601318
-100.0,100,12912.265824
-15.0,100,12913.986322
-18.0,100,12915.749956
-46.0,100,12917.556669
-100.0,100,12919.301274
-37.0,100,12921.145373
-55.0,100,12923.005812
-100.0,100,12924.823225
-100.0,100,12926.609928
-10.0,100,12928.26889
-10.0,100,12929.9456
-100.0,100,12931.739964
-15.0,100,12933.539705
-1.0,100,12935.428076
-72.0,100,12937.300736
-41.0,100,12939.028615
0.0,100,12940.734482
-100.0,100,12942.475981
-15.0,100,12944.348994
-18.0,100,12946.145163
-100.0,100,12947.722609
-31.0,100,12949.424262
-1.0,100,12951.24231
-100.0,100,12954.665582
-7.0,100,12956.264568
-39.0,100,12957.89632
-100.0,100,12959.609504
-48.0,100,12961.379037
-44.0,100,12963.365214
-2.0,100,12965.196952
0.0,100,12966.726855
-19.0,100,12968.44303
-69.0,100,12970.173567
-1.0,100,12971.88324
-24.0,100,12973.579714
-16.0,100,12975.291827
-11.0,100,12976.993924
-5.0,100,12978.696164
-75.0,100,12980.428151
-79.0,100,12982.227199
-100.0,100,12983.893438
-6.0,100,12985.562209
-100.0,100,12987.395308
-21.0,100,12989.205819
-100.0,100,12990.985031
-100.0,100,12992.658144
-92.0,100,12994.376125
-74.0,100,12996.119725
-10.0,100,12997.842962
-22.0,100,12999.527815
-100.0,100,13001.189358
-12.0,100,13002.910198
-18.0,100,13004.640498
-24.0,100,13006.360271
-100.0,100,13008.061629
-7.0,100,13009.809744
0.0,100,13011.438595
-100.0,100,13013.127611
-39.0,100,13014.858457
-100.0,100,13016.624586
-11.0,100,13018.223159
-100.0,100,13019.707775
-4.0,100,13021.162467
-49.0,100,13022.892882
-9.0,100,13024.609895
-100.0,100,13026.307678
-100.0,100,13027.973074
-76.0,100,13029.689085
-100.0,100,13031.356437
-12.0,100,13033.236733
-64.0,100,13035.007246
-20.0,100,13036.784369
-100.0,100,13038.40012
-36.0,100,13040.054644
-100.0,100,13041.723015
-35.0,100,13043.443741
-100.0,100,13045.130433
-100.0,100,13046.796789
-29.0,100,13048.516446
-34.0,100,13050.257189
-100.0,100,13052.03933
-100.0,100,13053.678271
-13.0,100,13055.341134
-10.0,100,13057.054049
-19.0,100,13058.786095
-99.0,100,13060.491851
-4.0,100,13062.173118
-76.0,100,13063.897457
-9.0,100,13065.625496
-100.0,100,13067.33929
-18.0,100,13069.061772
-100.0,100,13070.775121
-12.0,100,13072.356293
-100.0,100,13073.823398
-21.0,100,13075.371737
-100.0,100,13077.166778
-88.0,100,13079.056203
-25.0,100,13080.770741
-5.0,100,13082.493357
-6.0,100,13084.229907
-72.0,100,13085.995589
-11.0,100,13087.738243
-100.0,100,13089.606776
-100.0,100,13091.254781
-39.0,100,13092.923038
-100.0,100,13094.659268
-2.0,100,13096.412782
-100.0,100,13098.152011
-100.0,100,13099.798362
-100.0,100,13101.528298
-100.0,100,13103.330388
-17.0,100,13105.135676
-100.0,100,13106.904665
-100.0,100,13108.596189
-61.0,100,13110.282626
-12.0,100,13112.071463
-70.0,100,13113.824331
-13.0,100,13115.528938
-100.0,100,13117.186845
-100.0,100,13118.906493
-31.0,100,13120.632879
-100.0,100,13122.336067
-100.0,100,13124.026318
-2.0,100,13125.720474
-20.0,100,13127.439956
-24.0,100,13129.135692
-32.0,100,13130.853066
-100.0,100,13132.653837
-63.0,100,13134.262989
-37.0,100,13135.788583
-100.0,100,13137.164884
-49.0,100,13138.872375
-17.0,100,13140.678036
-15.0,100,13142.433657
-100.0,100,13144.226637
-100.0,100,13145.954636
-26.0,100,13147.686701
-13.0,100,13149.526876
-100.0,100,13151.224775
-24.0,100,13153.005434
-28.0,100,13154.562255
-6.0,100,13156.242243
-95.0,100,13157.929595
-100.0,100,13159.688227
-29.0,100,13161.458832
-37.0,100,13163.151406
-2.0,100,13164.86889
-19.0,100,13166.641477
-100.0,100,13168.380374
-11.0,100,13170.075048
-10.0,100,13171.75247
-100.0,100,13173.531902
-23.0,100,13175.299246
-11.0,100,13177.05285
-1.0,100,13178.775192
-99.0,100,13180.492683
-2.0,100,13182.15161
-100.0,100,13183.893701
-58.0,100,13185.727128
-10.0,100,13187.504313
-44.0,100,13189.329739
-1.0,100,13191.207661
-2.0,100,13193.031164
-100.0,100,13194.919779
-98.0,100,13196.762209
-100.0,100,13198.447951
-5.0,100,13200.155273
-100.0,100,13201.929452
-72.0,100,13203.693585
-100.0,100,13205.48729
-4.0,100,13207.1919
-100.0,100,13208.908574
-100.0,100,13210.604159
-23.0,100,13212.334438
-100.0,100,13214.048449
-100.0,100,13215.768647
-97.0,100,13217.325634
-100.0,100,13218.745942
-100.0,100,13220.39148
-25.0,100,13222.187546
-11.0,100,13224.074767
-16.0,100,13225.827546
-100.0,100,13227.495739
-42.0,100,13229.232252
-16.0,100,13230.989207
-30.0,100,13232.718231
-40.0,100,13234.394663
-1.0,100,13236.148866
-100.0,100,13237.926182
-83.0,100,13239.631608
-36.0,100,13241.376334
-9.0,100,13243.076803
-100.0,100,13244.773029
-14.0,100,13246.497376
-100.0,100,13248.181818
-31.0,100,13249.952443
-100.0,100,13251.722335
-100.0,100,13253.454063
-47.0,100,13255.134416
-80.0,100,13257.079912
-45.0,100,13258.874299
-30.0,100,13260.579914
-19.0,100,13262.092402
-18.0,100,13263.503924
-100.0,100,13265.146768
-4.0,100,13266.838075
-100.0,100,13268.56243
-100.0,100,13270.339789
-7.0,100,13272.103029
-19.0,100,13273.82069
-45.0,100,13275.638997
-10.0,100,13277.399004
-11.0,100,13279.047485
-3.0,100,13280.535596
-82.0,100,13281.940815
-100.0,100,13283.882057
-100.0,100,13285.649136
-100.0,100,13287.405833
-4.0,100,13289.167795
-44.0,100,13290.916603
-99.0,100,13292.632052
-100.0,100,13294.372179
-100.0,100,13296.099207
-100.0,100,13297.824194
-40.0,100,13299.52377
-7.0,100,13301.249499
-100.0,100,13303.0007
-100.0,100,13304.757785
-16.0,100,13306.4393
-100.0,100,13308.149607
-100.0,100,13309.847227
-7.0,100,13311.626374
-2.0,100,13313.396424
-100.0,100,13315.105432
-100.0,100,13316.831503
-23.0,100,13318.565791
-100.0,100,13320.388703
-34.0,100,13322.127239
-15.0,100,13323.865877
-17.0,100,13325.573474
-4.0,100,13327.23394
-17.0,100,13328.968615
-6.0,100,13330.686992
-3.0,100,13332.428041
-100.0,100,13334.036902
-15.0,100,13335.449636
-43.0,100,13337.171328
-24.0,100,13338.992309
-15.0,100,13340.997616
-100.0,100,13342.762784
-11.0,100,13344.482987
-100.0,100,13346.306483
-27.0,100,13348.071282
-2.0,100,13349.973212
-100.0,100,13351.744888
-100.0,100,13353.564874
-15.0,100,13355.440121
-100.0,100,13357.227217
-100.0,100,13358.991547
-100.0,100,13360.796689
-100.0,100,13362.567814
-100.0,100,13364.333509
-100.0,100,13366.151674
-2.0,100,13367.920477
-55.0,100,13369.699425
0.0,100,13371.505881
-100.0,100,13373.26046
-100.0,100,13375.081477
-6.0,100,13376.922405
-100.0,100,13378.679188
-2.0,100,13380.434855
-8.0,100,13382.201733
-14.0,100,13383.948667
-100.0,100,13386.576392
-3.0,100,13388.372556
-2.0,100,13390.012445
-100.0,100,13391.639115
-16.0,100,13393.453522
-100.0,100,13395.334051
-82.0,100,13397.215629
-62.0,100,13398.796577
-8.0,100,13400.373649
-43.0,100,13401.88921
-4.0,100,13403.713391
-20.0,100,13405.603874
-51.0,100,13407.334133
-19.0,100,13409.073989
-100.0,100,13410.859601
-24.0,100,13412.68449
0.0,100,13414.495941
-100.0,100,13416.201221
-22.0,100,13417.983557
-2.0,100,13419.761534
-21.0,100,13421.528602
-10.0,100,13423.466238
-11.0,100,13425.288589
-100.0,100,13426.999365
-100.0,100,13428.811269
-37.0,100,13430.599746
-100.0,100,13432.352733
-100.0,100,13434.062207
-70.0,100,13435.765766
-3.0,100,13437.490418
-3.0,100,13439.256904
-35.0,100,13441.017032
-100.0,100,13442.602137
-14.0,100,13444.284911
-16.0,100,13446.02749
-12.0,100,13447.82964
-1.0,100,13449.760159
-5.0,100,13451.507743
-1.0,100,13453.158254
-25.0,100,13454.707792
-44.0,100,13456.415214
-100.0,100,13458.218729
-8.0,100,13460.048784
-2.0,100,13461.850155
-47.0,100,13463.597758
-100.0,100,13465.440003
-53.0,100,13467.211409
-40.0,100,13468.99173
-36.0,100,13470.72962
-100.0,100,13472.465374
-2.0,100,13474.281408
-12.0,100,13476.079901
-100.0,100,13477.847476
-1.0,100,13479.560612
-1.0,100,13481.282307
-7.0,100,13483.116637
-68.0,100,13484.890481
-100.0,100,13486.799214
-100.0,100,13488.656833
-89.0,100,13490.528275
-100.0,100,13492.370362
-54.0,100,13494.129466
-100.0,100,13495.991024
-100.0,100,13497.746406
-13.0,100,13499.463652
-10.0,100,13501.106319
-76.0,100,13502.861858
-1.0,100,13504.739169
-3.0,100,13506.378796
-7.0,100,13507.964926
-100.0,100,13509.642831
-2.0,100,13511.478888
-19.0,100,13513.208669
-12.0,100,13514.929177
-7.0,100,13516.666533
-3.0,100,13518.369903
-100.0,100,13520.238158
-37.0,100,13522.097388
-4.0,100,13523.886221
-40.0,100,13525.611052
-42.0,100,13527.403776
-24.0,100,13529.327104
-3.0,100,13531.178437
-37.0,100,13532.977421
-100.0,100,13534.764195
-26.0,100,13536.648856
-19.0,100,13538.46507
-100.0,100,13540.219338
-23.0,100,13542.078264
-25.0,100,13544.010158
-10.0,100,13545.83732
-4.0,100,13547.615785
-30.0,100,13549.40612
-100.0,100,13551.266351
-100.0,100,13553.0349
-17.0,100,13554.815529
-100.0,100,13556.524935
-38.0,100,13558.238718
-18.0,100,13560.150213
-40.0,100,13561.724527
-100.0,100,13563.217656
-100.0,100,13564.84973
-100.0,100,13566.635673
-100.0,100,13568.399299
-100.0,100,13569.994296
-24.0,100,13571.611378
-95.0,100,13573.224472
-100.0,100,13574.985412
-100.0,100,13576.743871
-100.0,100,13578.461503
-100.0,100,13580.113627
-100.0,100,13581.87921
-100.0,100,13583.752174
-18.0,100,13585.561592
-100.0,100,13587.375406
-29.0,100,13588.970686
-29.0,100,13590.692033
-45.0,100,13592.581646
-1.0,100,13594.379073
-15.0,100,13596.158694
0.0,100,13597.885721
-62.0,100,13599.617398
-14.0,100,13601.386883
-2.0,100,13603.137339
-3.0,100,13604.864821
-27.0,100,13606.622546
-99.0,100,13608.420422
-58.0,100,13610.306013
-100.0,100,13612.105505
-100.0,100,13613.846349
-100.0,100,13615.598548
-100.0,100,13617.336435
-8.0,100,13619.06309
-100.0,100,13620.722371
-100.0,100,13622.546943
-100.0,100,13624.247317
-99.0,100,13625.812738
-2.0,100,13627.319888
-21.0,100,13629.124696
-13.0,100,13630.868022
-100.0,100,13632.473065
-35.0,100,13634.123678
-13.0,100,13635.899975
-16.0,100,13637.86915
-100.0,100,13639.798659
-67.0,100,13641.496671
-54.0,100,13643.14465
-54.0,100,13644.840951
-100.0,100,13646.703518
-11.0,100,13648.438369
-100.0,100,13650.221409
-93.0,100,13651.971053
-100.0,100,13653.835793
-100.0,100,13655.572827
-4.0,100,13657.342888
-100.0,100,13659.104743
-42.0,100,13660.877495
-25.0,100,13662.649353
-59.0,100,13664.473106
-100.0,100,13666.336623
-100.0,100,13668.128114
-23.0,100,13669.84965
-23.0,100,13671.591578
-80.0,100,13673.383235
-100.0,100,13675.25419
-100.0,100,13677.136273
-100.0,100,13678.988016
-25.0,100,13680.715115
-100.0,100,13682.491213
-19.0,100,13684.34201
-14.0,100,13686.195791
-21.0,100,13687.888168
-57.0,100,13689.463793
-53.0,100,13691.314451
-28.0,100,13693.112031
-100.0,100,13694.843474
-69.0,100,13696.5308
-100.0,100,13698.125904
-100.0,100,13699.996854
-23.0,100,13701.772523
-87.0,100,13703.674995
-100.0,100,13705.316485
-13.0,100,13707.023309
-15.0,100,13708.874964
-38.0,100,13710.718129
-3.0,100,13712.722548
-100.0,100,13714.47118
-56.0,100,13716.204429
-6.0,100,13717.897177
-99.0,100,13719.769197
-61.0,100,13721.583501
-21.0,100,13723.317417
-2.0,100,13725.022705
-68.0,100,13726.73001
-100.0,100,13728.505739
-12.0,100,13730.216944
-100.0,100,13731.965986
-20.0,100,13733.745697
-100.0,100,13735.523166
-100.0,100,13737.295573
-50.0,100,13739.018364
-22.0,100,13740.734524
-42.0,100,13742.510992
-100.0,100,13744.183266
-11.0,100,13745.879549
-100.0,100,13747.728173
-20.0,100,13749.687068
-34.0,100,13751.311065
-100.0,100,13752.946336
-100.0,100,13754.615314
-2.0,100,13756.440939
-100.0,100,13758.140476
-9.0,100,13759.721039
-3.0,100,13761.400206
-100.0,100,13763.145781
0.0,100,13764.952065
-62.0,100,13766.614945
-13.0,100,13768.237794
-3.0,100,13769.928813
-1.0,100,13771.707153
-100.0,100,13773.704
-47.0,100,13775.561581
-11.0,100,13777.386174
-100.0,100,13779.222786
-100.0,100,13781.105192
-100.0,100,13783.028883
-99.0,100,13784.85588
-40.0,100,13786.651395
-100.0,100,13788.439478
-88.0,100,13790.23157
-100.0,100,13792.168309
-99.0,100,13794.034778
-100.0,100,13795.851558
-10.0,100,13797.692803
-24.0,100,13799.544105
-9.0,100,13801.458463
-4.0,100,13803.294719
-9.0,100,13804.887258
-47.0,100,13806.538372
-48.0,100,13808.29429
-5.0,100,13810.027074
-9.0,100,13811.752605
-100.0,100,13813.272552
-100.0,100,13814.920651
-100.0,100,13816.598604
-6.0,100,13818.346862
-5.0,100,13820.237047
-36.0,100,13821.925834
-100.0,100,13823.593709
-42.0,100,13825.278409
-7.0,100,13828.758875
-100.0,100,13830.57231
-46.0,100,13832.51896
-43.0,100,13834.250643
-14.0,100,13836.045521
-4.0,100,13837.817321
-100.0,100,13839.55262
-48.0,100,13841.244408
-12.0,100,13843.005427
-100.0,100,13844.784187
-64.0,100,13846.593746
-2.0,100,13848.284056
-55.0,100,13850.008636
-100.0,100,13851.715665
-100.0,100,13853.461208
-11.0,100,13855.204198
-100.0,100,13856.97241
-14.0,100,13858.650789
-11.0,100,13860.36408
-100.0,100,13862.101425
-100.0,100,13863.895591
-34.0,100,13865.671417
-35.0,100,13867.404445
-25.0,100,13868.985255
-11.0,100,13870.707299
-14.0,100,13872.42966
-7.0,100,13874.169296
-49.0,100,13875.810322
-1.0,100,13877.215349
-3.0,100,13878.860741
-100.0,100,13880.572877
-33.0,100,13882.296595
-68.0,100,13884.046304
-31.0,100,13885.627336
-100.0,100,13887.170884
-11.0,100,13888.848976
-2.0,100,13890.633961
-100.0,100,13892.40388
-3.0,100,13894.178617
-81.0,100,13895.941023
-100.0,100,13897.726022
0.0,100,13899.484486
-52.0,100,13901.272578
-100.0,100,13903.074356
-28.0,100,13904.904192
-12.0,100,13906.651753
0.0,100,13908.451608
-100.0,100,13910.247358
-100.0,100,13912.029956
-16.0,100,13913.784425
-86.0,100,13915.548261
-3.0,100,13917.325843
-2.0,100,13919.157511
-16.0,100,13920.914045
-19.0,100,13922.679544
-100.0,100,13924.404551
-1.0,100,13926.177001
-100.0,100,13927.89587
-10.0,100,13929.770455
-35.0,100,13931.49507
-4.0,100,13933.21494
-100.0,100,13934.937468
-100.0,100,13936.62398
-100.0,100,13938.364567
-10.0,100,13940.067423
-100.0,100,13941.775358
-20.0,100,13943.467087
-2.0,100,13945.19399
-8.0,100,13946.985521
-30.0,100,13948.615044
-97.0,100,13950.284954
-75.0,100,13951.971659
-13.0,100,13953.735101
-15.0,100,13955.472278
-52.0,100,13957.173364
-100.0,100,13958.892253
-15.0,100,13960.653909
-100.0,100,13962.41108
-17.0,100,13964.159909
-3.0,100,13965.873323
-12.0,100,13967.625741
-100.0,100,13969.290731
-12.0,100,13971.024647
-46.0,100,13972.796339
-3.0,100,13974.571423
-4.0,100,13976.349073
-41.0,100,13978.113049
-100.0,100,13979.883941
-100.0,100,13981.669339
-11.0,100,13983.466923
-19.0,100,13985.256691
-100.0,100,13987.026998
-100.0,100,13988.822125
-100.0,100,13990.642454
-14.0,100,13992.513904
-78.0,100,13994.318324
-100.0,100,13996.127228
-24.0,100,13997.742281
-13.0,100,13999.4653
-100.0,100,14001.201385
-100.0,100,14002.94193
-8.0,100,14004.833442
-77.0,100,14006.490736
-28.0,100,14008.223616
-16.0,100,14010.030296
-14.0,100,14011.910455
-100.0,100,14013.595382
-16.0,100,14015.289055
-36.0,100,14017.048141
-45.0,100,14018.781711
-100.0,100,14020.521015
-100.0,100,14022.259839
-4.0,100,14024.011442
-14.0,100,14025.889475
-4.0,100,14027.638381
-100.0,100,14029.365916
-12.0,100,14031.251351
0.0,100,14033.082963
0.0,100,14034.788756
-14.0,100,14036.535669
-9.0,100,14038.32157
-100.0,100,14040.041364
-98.0,100,14041.76154
-22.0,100,14043.475166
-7.0,100,14045.27079
-40.0,100,14047.052635
-30.0,100,14048.775948
-100.0,100,14050.500427
-7.0,100,14052.212551
-16.0,100,14054.144181
-100.0,100,14056.001863
-98.0,100,14057.733936
-32.0,100,14059.501717
-3.0,100,14061.189903
-12.0,100,14062.869324
-20.0,100,14064.644186
-27.0,100,14066.41698
-3.0,100,14068.020176
-1.0,100,14069.682114
-2.0,100,14071.391596
-4.0,100,14073.179105
-50.0,100,14074.971662
-42.0,100,14076.70617
-100.0,100,14078.477998
-29.0,100,14080.282617
-22.0,100,14082.073406
-100.0,100,14083.878697
-100.0,100,14085.688666
-100.0,100,14087.417501
-100.0,100,14089.137848
-47.0,100,14090.881308
-10.0,100,14092.611967
0.0,100,14094.369576
-27.0,100,14096.059979
-100.0,100,14097.775854
-100.0,100,14099.492756
-29.0,100,14101.265985
-10.0,100,14103.052161
-31.0,100,14104.752767
-65.0,100,14106.483083
-100.0,100,14108.249465
-32.0,100,14109.980161
-21.0,100,14111.710686
-2.0,100,14113.422088
-100.0,100,14115.191495
-47.0,100,14116.920085
-100.0,100,14118.67145
-2.0,100,14120.421356
-52.0,100,14122.181736
0.0,100,14123.848221
-12.0,100,14125.537041
-100.0,100,14127.302707
-4.0,100,14129.085619
-100.0,100,14130.732423
-13.0,100,14132.400821
-2.0,100,14134.114554
-1.0,100,14135.90121
-100.0,100,14137.784781
-44.0,100,14139.535741
-100.0,100,14141.308113
-100.0,100,14143.124253
-4.0,100,14144.910892
-74.0,100,14146.695884
-100.0,100,14148.543171
-22.0,100,14150.318197
-26.0,100,14152.076578
-2.0,100,14153.848679
-54.0,100,14155.595966
0.0,100,14157.399564
-57.0,100,14159.118826
-18.0,100,14160.911027
-100.0,100,14162.656492
-100.0,100,14164.415503
-67.0,100,14166.216168
-1.0,100,14167.948521
-5.0,100,14169.916357
-7.0,100,14171.810667
-7.0,100,14173.587637
-40.0,100,14175.313689
-100.0,100,14176.995048
-100.0,100,14178.676241
-16.0,100,14180.39783
-24.0,100,14182.079973
0.0,100,14183.797415
-100.0,100,14185.567036
-83.0,100,14187.136264
-14.0,100,14188.611143
-100.0,100,14190.265295
-22.0,100,14191.998324
-100.0,100,14193.754201
-100.0,100,14195.53933
-100.0,100,14197.321098
-48.0,100,14199.134512
-93.0,100,14200.896992
-9.0,100,14202.701352
-100.0,100,14204.453095
0.0,100,14206.266552
-47.0,100,14208.087931
-100.0,100,14209.901008
-100.0,100,14211.692188
-17.0,100,14213.439659
-13.0,100,14215.186156
-60.0,100,14216.935906
-100.0,100,14218.710888
-100.0,100,14220.534427
-35.0,100,14222.340434
-35.0,100,14224.111059
-51.0,100,14225.899961
-100.0,100,14227.712126
-81.0,100,14229.509158
-100.0,100,14231.291481
-9.0,100,14233.050553
-30.0,100,14234.822087
-62.0,100,14236.606473
-100.0,100,14238.380238
-100.0,100,14240.186016
-21.0,100,14241.976395
-100.0,100,14243.716129
-100.0,100,14245.558147
-100.0,100,14247.334518
-45.0,100,14249.135904
-11.0,100,14250.790989
-19.0,100,14252.322274
-48.0,100,14254.1778
-3.0,100,14256.029807
-100.0,100,14257.770573
-24.0,100,14259.517901
-16.0,100,14261.066277
-5.0,100,14262.731948
-100.0,100,14264.456277
-37.0,100,14266.826872
-100.0,100,14268.560976
-70.0,100,14270.207443
-100.0,100,14271.902885
-7.0,100,14273.650487
-23.0,100,14275.401043
-67.0,100,14277.198931
-43.0,100,14278.90636
-51.0,100,14280.642248
-100.0,100,14282.372391
-100.0,100,14284.185121
-34.0,100,14286.004027
-2.0,100,14287.986163
-50.0,100,14289.73852
-99.0,100,14291.555122
-77.0,100,14293.589596
-13.0,100,14295.413404
-100.0,100,14297.12569
-7.0,100,14298.911776
-79.0,100,14300.650451
-100.0,100,14302.367506
-98.0,100,14304.046105
-1.0,100,14305.835223
-61.0,100,14307.453207
-6.0,100,14309.194738
-64.0,100,14310.933236
-100.0,100,14312.702181
-11.0,100,14314.317888
-100.0,100,14315.993081
-18.0,100,14317.707043
-26.0,100,14319.483159
-33.0,100,14321.261379
-100.0,100,14322.963012
-100.0,100,14324.658595
-100.0,100,14326.410204
-2.0,100,14328.165454
-25.0,100,14329.901142
-99.0,100,14331.617705
-24.0,100,14333.374654
-31.0,100,14335.081663
-26.0,100,14336.843895
-100.0,100,14338.575722
-25.0,100,14340.332006
-100.0,100,14342.073654
-63.0,100,14343.785588
-5.0,100,14345.523667
-3.0,100,14347.342064
-1.0,100,14349.062102
-3.0,100,14350.780195
-100.0,100,14352.475532
-6.0,100,14354.246561
-10.0,100,14355.954752
-2.0,100,14357.712905
-100.0,100,14359.407614
-100.0,100,14361.256205
-19.0,100,14363.048172
-100.0,100,14364.789491
-77.0,100,14366.579062
-100.0,100,14368.323798
-19.0,100,14370.041233
-7.0,100,14371.739421
-20.0,100,14373.441066
-10.0,100,14375.201566
-100.0,100,14376.804198
-62.0,100,14378.459007
-100.0,100,14380.176316
-4.0,100,14381.931402
-40.0,100,14383.647213
-55.0,100,14385.397877
-16.0,100,14387.136297
-25.0,100,14388.905087
-18.0,100,14390.684638
-34.0,100,14392.389
-100.0,100,14393.896479
-27.0,100,14395.512784
-16.0,100,14397.186604
-24.0,100,14398.860278
-100.0,100,14400.812609
-20.0,100,14402.285567
-1.0,100,14403.687134
-10.0,100,14405.206447
-1.0,100,14406.867717
-4.0,100,14408.55801
-100.0,100,14410.274344
-3.0,100,14411.969572
-53.0,100,14413.658697
-100.0,100,14415.394796
-42.0,100,14417.151688
-14.0,100,14418.876369
-54.0,100,14420.64866
-33.0,100,14422.408715
-100.0,100,14424.281463
-49.0,100,14426.147095
-100.0,100,14427.951717
-14.0,100,14429.664653
-100.0,100,14431.322863
-97.0,100,14432.985387
-24.0,100,14434.847265
-100.0,100,14436.683933
-97.0,100,14438.489198
-100.0,100,14440.180948
-100.0,100,14442.018801
-100.0,100,14443.863712
-45.0,100,14445.620594
-1.0,100,14447.353038
-100.0,100,14449.056712
-46.0,100,14450.717226
-47.0,100,14452.280459
-17.0,100,14453.898807
-4.0,100,14455.726422
-15.0,100,14457.014855
-81.0,100,14458.406671
-100.0,100,14460.056442
-15.0,100,14461.827537
-13.0,100,14463.591006
-23.0,100,14465.277382
-95.0,100,14466.942023
-37.0,100,14468.409513
-2.0,100,14469.906441
-81.0,100,14471.565113
-11.0,100,14472.965993
-9.0,100,14474.520128
-22.0,100,14476.212232
-100.0,100,14477.934053
-100.0,100,14479.649965
-100.0,100,14481.456514
-59.0,100,14483.235614
-11.0,100,14484.977893
-100.0,100,14486.773094
-2.0,100,14488.550357
-11.0,100,14490.29106
-37.0,100,14492.011461
-100.0,100,14493.76048
-7.0,100,14495.534137
-10.0,100,14497.309837
-57.0,100,14499.052959
-100.0,100,14500.888803
-5.0,100,14502.453242
0.0,100,14504.134836
-4.0,100,14505.838479
-37.0,100,14507.545637
-9.0,100,14509.24008
-2.0,100,14510.942823
-100.0,100,14512.455742
-7.0,100,14514.116746
-100.0,100,14515.899488
-100.0,100,14517.644736
-100.0,100,14519.372438
-31.0,100,14521.141573
-38.0,100,14522.875365
-28.0,100,14524.616441
-53.0,100,14526.525064
-43.0,100,14528.287552
-100.0,100,14530.039064
-100.0,100,14531.783807
-8.0,100,14533.535628
-100.0,100,14535.282189
-3.0,100,14537.063943
-40.0,100,14538.797417
-16.0,100,14540.533127
-100.0,100,14542.295702
-100.0,100,14544.086836
-43.0,100,14545.97107
-100.0,100,14547.638322
-100.0,100,14549.218334
-4.0,100,14550.919121
-27.0,100,14552.757397
-75.0,100,14554.542101
-27.0,100,14556.047994
-100.0,100,14557.488947
-77.0,100,14559.235677
-22.0,100,14561.055419
-23.0,100,14563.025753
-32.0,100,14564.766391
-31.0,100,14566.303029
-3.0,100,14567.840862
-48.0,100,14569.558823
-100.0,100,14571.414567
-6.0,100,14573.112846
-10.0,100,14574.748314
-25.0,100,14576.334548
-11.0,100,14578.181415
-7.0,100,14580.001432
0.0,100,14581.748809
-100.0,100,14583.450015
-38.0,100,14585.135466
-25.0,100,14586.967217
-11.0,100,14588.861732
-3.0,100,14590.650576
-2.0,100,14592.378458
-4.0,100,14594.1401
-86.0,100,14595.935596
-13.0,100,14597.768487
-29.0,100,14599.594974
-100.0,100,14601.40574
-4.0,100,14603.107376
-8.0,100,14604.839168
-92.0,100,14606.587675
-3.0,100,14608.39135
-10.0,100,14610.320731
-6.0,100,14611.871796
-100.0,100,14613.390591
-2.0,100,14615.136121
-1.0,100,14616.93912
-100.0,100,14618.794606
-100.0,100,14620.771858
-2.0,100,14622.372892
-100.0,100,14624.003273
-100.0,100,14625.833395
-100.0,100,14627.719318
-100.0,100,14629.643975
-100.0,100,14631.188902
-34.0,100,14632.874314
-1.0,100,14634.682775
-100.0,100,14636.589062
-79.0,100,14638.386214
-11.0,100,14640.059384
-100.0,100,14641.820676
-100.0,100,14643.75339
-73.0,100,14645.714523
-8.0,100,14647.526236
-100.0,100,14649.288582
-100.0,100,14651.052922
-94.0,100,14652.809396
-45.0,100,14654.808757
-26.0,100,14656.714536
-100.0,100,14658.757908
-58.0,100,14660.627351
-100.0,100,14662.546302
-41.0,100,14664.41347
-2.0,100,14666.269765
-29.0,100,14668.088101
-23.0,100,14669.867379
-46.0,100,14671.644534
-100.0,100,14673.588697
-100.0,100,14675.415787
-14.0,100,14677.01929
-100.0,100,14678.454914
-100.0,100,14680.029552
-3.0,100,14681.747916
-7.0,100,14683.481581
-12.0,100,14685.099815
-100.0,100,14686.791638
-21.0,100,14688.526122
-34.0,100,14690.247455
-100.0,100,14692.111385
-100.0,100,14693.892738
-5.0,100,14695.580053
-100.0,100,14697.278716
-44.0,100,14698.961548
0.0,100,14702.408545
-14.0,100,14704.114907
-5.0,100,14705.854458
-7.0,100,14707.626324
-14.0,100,14709.443554
-9.0,100,14711.251805
-8.0,100,14713.208135
-100.0,100,14715.000436
-100.0,100,14716.811374
-14.0,100,14718.638065
-100.0,100,14720.46264
-6.0,100,14722.276603
-100.0,100,14724.092742
-100.0,100,14725.891927
-18.0,100,14727.703738
-100.0,100,14729.532963
-100.0,100,14731.328439
-43.0,100,14733.23792
-100.0,100,14735.006054
-40.0,100,14736.793478
-19.0,100,14738.653192
-22.0,100,14740.618395
-13.0,100,14742.414936
-100.0,100,14744.169567
-100.0,100,14745.990339
-2.0,100,14747.805363
-13.0,100,14749.803852
-1.0,100,14751.621533
-3.0,100,14753.484344
-25.0,100,14755.342879
-100.0,100,14757.152752
-15.0,100,14758.977782
-39.0,100,14760.954055
-79.0,100,14762.743307
-100.0,100,14764.529114
-99.0,100,14766.42452
-17.0,100,14768.267642
-95.0,100,14770.093086
-51.0,100,14772.017169
-30.0,100,14773.913136
-100.0,100,14775.729793
-27.0,100,14777.43374
-100.0,100,14779.161509
-100.0,100,14780.847524
-14.0,100,14782.560115
-100.0,100,14784.243082
-13.0,100,14785.942411
-100.0,100,14787.62707
-100.0,100,14789.349345
-100.0,100,14791.042181
-10.0,100,14792.749946
-7.0,100,14794.544909
-71.0,100,14796.314766
-10.0,100,14798.19946
-91.0,100,14800.064403
-100.0,100,14801.922533
-15.0,100,14803.702085
-2.0,100,14805.454852
-35.0,100,14807.224083
-9.0,100,14809.02509
-21.0,100,14810.799555
-20.0,100,14812.616673
-32.0,100,14814.728992
-72.0,100,14816.53273
-3.0,100,14818.280101
-98.0,100,14819.792479
-10.0,100,14821.581625
-13.0,100,14823.477561
-2.0,100,14825.329553
-51.0,100,14827.302277
-20.0,100,14830.146403
-9.0,100,14833.075755
-91.0,100,14835.884588
-100.0,100,14838.670015
-100.0,100,14841.57481
-17.0,100,14844.590067
-13.0,100,14847.682911
-10.0,100,14850.54248
-2.0,100,14853.529121
-100.0,100,14856.456044
-52.0,100,14859.401293
-3.0,100,14862.392028
-11.0,100,14865.355057
0.0,100,14868.359574
-12.0,100,14871.36953
-100.0,100,14874.402496
-100.0,100,14877.395079
0.0,100,14880.379259
-37.0,100,14883.306944
-28.0,100,14886.306593
-2.0,100,14889.24247
-100.0,100,14892.226523
-98.0,100,14895.158931
-100.0,100,14898.094329
-12.0,100,14901.094105
-42.0,100,14904.138892
-2.0,100,14907.175215
-100.0,100,14910.182127
-3.0,100,14913.207058
-100.0,100,14916.128894
-13.0,100,14919.051908
-3.0,100,14922.093117
-100.0,100,14925.109696
-100.0,100,14928.125572
-100.0,100,14931.142688
-100.0,100,14933.969682
-57.0,100,14936.928667
-100.0,100,14939.889901
-12.0,100,14942.81196
-100.0,100,14945.749783
-29.0,100,14948.654783
-100.0,100,14951.616847
-100.0,100,14954.480057
-7.0,100,14957.389274
-100.0,100,14960.378149
-100.0,100,14963.357034
-31.0,100,14966.394504
-25.0,100,14969.33204
-100.0,100,14972.286371
-12.0,100,14975.184233
-100.0,100,14978.08512
-66.0,100,14981.010975
-100.0,100,14984.056072
-30.0,100,14987.039556
-56.0,100,14990.022406
-2.0,100,14993.010708
-34.0,100,14996.004788
-14.0,100,14998.87931
-13.0,100,15001.861217
-23.0,100,15004.815139
-68.0,100,15007.766867
-100.0,100,15010.682168
-13.0,100,15013.640927
-1.0,100,15016.585929
-100.0,100,15019.494067
-100.0,100,15022.46643
-2.0,100,15025.431246
-4.0,100,15028.354495
-100.0,100,15031.261042
-28.0,100,15034.235565
-100.0,100,15037.220064
-5.0,100,15040.164071
-99.0,100,15043.068148
-100.0,100,15045.967621
-2.0,100,15048.869324
-27.0,100,15051.804491
-36.0,100,15054.761431
-1.0,100,15057.708269
-100.0,100,15060.638456
-22.0,100,15063.631147
-7.0,100,15066.585242
-26.0,100,15069.57041
-100.0,100,15072.528455
0.0,100,15075.452697
-3.0,100,15078.41391
-35.0,100,15081.335057
-7.0,100,15084.27727
-33.0,100,15087.248578
-100.0,100,15090.172423
-100.0,100,15093.15139
-11.0,100,15096.127857
-24.0,100,15099.07194
-89.0,100,15102.021309
-21.0,100,15104.944593
-12.0,100,15107.918235
-100.0,100,15110.846589
-12.0,100,15113.805639
-2.0,100,15116.774033
-100.0,100,15119.672575
-100.0,100,15122.623347
-35.0,100,15125.526112
-57.0,100,15128.438527
-6.0,100,15131.42691
-100.0,100,15134.345171
-2.0,100,15137.266416
-2.0,100,15140.175103
-6.0,100,15143.123037
-100.0,100,15146.119979
-100.0,100,15149.04074
-21.0,100,15151.973021
-32.0,100,15154.923932
-12.0,100,15157.879997
-100.0,100,15160.797099
-2.0,100,15163.77206
-21.0,100,15166.707226
-60.0,100,15169.698075
-18.0,100,15172.639545
-100.0,100,15175.587859
-43.0,100,15178.604254
-15.0,100,15181.589994
-2.0,100,15184.508045
-3.0,100,15187.450194
-100.0,100,15190.38572
-100.0,100,15193.306635
-1.0,100,15196.251935
-100.0,100,15199.216092
-100.0,100,15202.120172
-100.0,100,15205.001067
-96.0,100,15208.033474
-6.0,100,15211.046536
-6.0,100,15214.131564
-24.0,100,15217.319183
-100.0,100,15220.322358
-99.0,100,15223.340993
-86.0,100,15226.258986
-25.0,100,15229.275551
-100.0,100,15232.276335
-3.0,100,15235.275444
-15.0,100,15238.241654
-100.0,100,15241.265585
-11.0,100,15244.283037
-100.0,100,15247.284725
-13.0,100,15250.298455
-97.0,100,15253.249635
-25.0,100,15256.214698
-100.0,100,15259.165861
-23.0,100,15262.219975
-26.0,100,15265.153064
0.0,100,15268.147929
-100.0,100,15271.169977
-7.0,100,15274.171263
-100.0,100,15277.085492
-3.0,100,15280.109063
-22.0,100,15283.124265
-50.0,100,15286.118516
-100.0,100,15289.037542
-39.0,100,15292.028656
-98.0,100,15294.973247
-16.0,100,15297.970299
-55.0,100,15300.949921
-73.0,100,15303.917003
-28.0,100,15306.822953
-100.0,100,15309.769052
-67.0,100,15312.711614
-100.0,100,15315.66418
-38.0,100,15318.574735
-1.0,100,15321.540593
-95.0,100,15324.505671
-4.0,100,15327.464204
-27.0,100,15330.408482
-10.0,100,15333.344045
-100.0,100,15336.3016
-1.0,100,15339.229933
-100.0,100,15342.196374
-70.0,100,15345.125415
-84.0,100,15348.049236
-9.0,100,15351.038912
-22.0,100,15353.966251
-13.0,100,15356.904299
-26.0,100,15359.846237
-70.0,100,15363.797566
-100.0,100,15366.68882
-22.0,100,15369.59083
-6.0,100,15372.511657
-100.0,100,15375.425628
-100.0,100,15378.315675
-18.0,100,15381.188618
-13.0,100,15384.093147
-38.0,100,15386.937412
-100.0,100,15389.799719
-100.0,100,15392.64742
-41.0,100,15395.524226
-17.0,100,15398.408852
-100.0,100,15401.319319
-100.0,100,15404.248639
-79.0,100,15407.114516
-100.0,100,15409.949468
-13.0,100,15412.82783
-100.0,100,15415.729611
-100.0,100,15418.639132
-100.0,100,15421.485001
-100.0,100,15424.364656
-100.0,100,15427.230572
-32.0,100,15430.081583
-100.0,100,15432.989825
-4.0,100,15435.860488
-53.0,100,15438.707356
-6.0,100,15441.651514
-6.0,100,15444.506457
-2.0,100,15447.384331
-4.0,100,15450.292647
-100.0,100,15453.193748
-100.0,100,15456.177876
-45.0,100,15459.062948
-100.0,100,15461.99192
-100.0,100,15464.874451
-67.0,100,15467.932769
-100.0,100,15470.86595
-100.0,100,15473.73403
-2.0,100,15476.673981
-100.0,100,15479.693429
-100.0,100,15482.538866
-2.0,100,15485.421948
-100.0,100,15488.295196
-11.0,100,15491.235759
-8.0,100,15494.158988
-51.0,100,15497.050511
-68.0,100,15499.958037
-100.0,100,15502.802974
-14.0,100,15505.75221
-34.0,100,15508.691138
-91.0,100,15511.568806
-63.0,100,15514.494213
-87.0,100,15517.486003
-8.0,100,15520.399192
-35.0,100,15523.284489
-55.0,100,15526.182193
-58.0,100,15529.072958
-100.0,100,15532.000104
-9.0,100,15534.898103
-33.0,100,15537.786929
-100.0,100,15540.677311
-5.0,100,15543.598608
-2.0,100,15546.533109
-3.0,100,15549.441773
-100.0,100,15552.404375
-100.0,100,15555.331733
-100.0,100,15558.273029
-100.0,100,15561.158678
-6.0,100,15564.097895
-11.0,100,15567.020972
-8.0,100,15569.957179
-14.0,100,15572.855705
-18.0,100,15575.749228
-47.0,100,15578.58359
-100.0,100,15581.475345
-100.0,100,15584.43299
-12.0,100,15587.34459
-20.0,100,15590.265904
0.0,100,15593.181004
-61.0,100,15596.113401
-13.0,100,15599.047081
-23.0,100,15601.93789
-100.0,100,15604.811931
-100.0,100,15607.666435
-32.0,100,15610.604872
-1.0,100,15613.527391
-39.0,100,15616.445954
-24.0,100,15619.363808
-100.0,100,15622.21833
-100.0,100,15625.17842
-25.0,100,15628.082953
-100.0,100,15630.978047
-3.0,100,15633.881032
-8.0,100,15636.806931
-43.0,100,15639.663949
-100.0,100,15642.562773
-3.0,100,15645.459861
-19.0,100,15648.377108
-4.0,100,15651.298837
-40.0,100,15654.178475
-21.0,100,15657.05674
-15.0,100,15660.015582
-100.0,100,15662.929942
-40.0,100,15665.815392
-100.0,100,15668.690995
-25.0,100,15671.582471
-4.0,100,15674.494579
0.0,100,15677.436946
-17.0,100,15680.362212
-100.0,100,15683.27649
-100.0,100,15686.191736
-2.0,100,15689.094645
-100.0,100,15692.007971
-2.0,100,15694.96683
-100.0,100,15697.819236
-100.0,100,15700.726958
-100.0,100,15703.658956
-100.0,100,15706.52039
-100.0,100,15709.415661
-19.0,100,15712.346675
-9.0,100,15715.262463
-100.0,100,15718.172452
-100.0,100,15721.108429
-100.0,100,15723.985671
-23.0,100,15726.90919
-100.0,100,15729.822048
-13.0,100,15732.76782
-1.0,100,15735.693438
-11.0,100,15738.558793
-9.0,100,15741.482501
-1.0,100,15744.439275
-7.0,100,15747.373431
-62.0,100,15750.268158
-11.0,100,15753.169133
-32.0,100,15756.107003
-12.0,100,15758.973396
-9.0,100,15761.901339
-12.0,100,15764.855538
-10.0,100,15767.748813
-2.0,100,15770.686661
-100.0,100,15773.597591
-4.0,100,15776.497323
-100.0,100,15779.443426
-7.0,100,15782.32024
-53.0,100,15785.247864
-16.0,100,15788.195162
-100.0,100,15791.100637
-4.0,100,15794.012511
-100.0,100,15796.987159
-11.0,100,15799.866409
-100.0,100,15802.773978
-5.0,100,15805.729753
-35.0,100,15808.742504
-94.0,100,15811.617446
-96.0,100,15814.529457
-73.0,100,15817.473461
-100.0,100,15820.412404
-12.0,100,15823.381912
-100.0,100,15826.293329
-100.0,100,15829.172333
-11.0,100,15832.094682
-14.0,100,15834.966893
-14.0,100,15837.891441
-100.0,100,15840.754222
-28.0,100,15842.399824
-45.0,100,15844.122264
-18.0,100,15845.957774
-29.0,100,15847.618354
-100.0,100,15849.267179
-100.0,100,15851.071812
-26.0,100,15852.796958
-8.0,100,15854.546159
-63.0,100,15856.27563
-97.0,100,15857.987779
-22.0,100,15859.691113
-98.0,100,15861.387409
-82.0,100,15863.103945
-100.0,100,15865.047602
-90.0,100,15866.809628
-51.0,100,15868.554559
-100.0,100,15870.288695
-47.0,100,15872.063186
-61.0,100,15873.852218
-1.0,100,15875.603037
-10.0,100,15877.323682
-100.0,100,15879.052808
-24.0,100,15880.775156
-100.0,100,15882.544826
-100.0,100,15884.259165
-38.0,100,15885.997308
-7.0,100,15887.769836
-39.0,100,15889.532803
-97.0,100,15891.317092
-16.0,100,15893.107886
-13.0,100,15894.860929
-25.0,100,15896.534313
-3.0,100,15898.271793
-4.0,100,15900.040473
-100.0,100,15901.772836
-99.0,100,15903.518613
-22.0,100,15905.235986
-11.0,100,15907.006424
-15.0,100,15908.754019
-56.0,100,15910.529992
-7.0,100,15912.28824
-2.0,100,15914.07328
-41.0,100,15915.836695
-100.0,100,15917.572927
0.0,100,15919.335421
-1.0,100,15921.150905
-35.0,100,15922.85853
-100.0,100,15924.582406
-100.0,100,15926.311062
-100.0,100,15928.063173
-26.0,100,15929.770369
-100.0,100,15931.512729
-100.0,100,15933.231417
-77.0,100,15934.983218
-100.0,100,15936.706073
-100.0,100,15938.399026
-100.0,100,15940.101837
-9.0,100,15941.810797
-51.0,100,15943.504046
-1.0,100,15945.526315
-94.0,100,15947.58991
-100.0,100,15949.416536
-100.0,100,15951.207361
-100.0,100,15952.911825
-30.0,100,15954.655386
-2.0,100,15956.446254
-53.0,100,15958.191528
-31.0,100,15959.931538
-14.0,100,15961.679123
-77.0,100,15963.423779
-100.0,100,15965.163845
-48.0,100,15966.907459
-100.0,100,15968.643259
-14.0,100,15970.375376
-100.0,100,15972.110674
-34.0,100,15973.885726
-100.0,100,15975.649525
-12.0,100,15977.450406
-1.0,100,15979.197802
-17.0,100,15980.856334
-88.0,100,15982.624005
-4.0,100,15984.406448
-100.0,100,15986.292661
-100.0,100,15988.132157
-100.0,100,15990.061885
-9.0,100,15993.604667
-14.0,100,15995.31542
-2.0,100,15997.031585
-33.0,100,15998.731821
-25.0,100,16000.607775
-100.0,100,16002.378946
-22.0,100,16004.393179
-5.0,100,16006.201484
-2.0,100,16008.044446
-15.0,100,16010.007266
-95.0,100,16011.86773
-10.0,100,16013.694388
-2.0,100,16015.465106
-85.0,100,16017.215809
-100.0,100,16019.017443
-100.0,100,16021.038203
-99.0,100,16022.963791
-100.0,100,16024.55916
-100.0,100,16026.092618
-15.0,100,16027.782757
-11.0,100,16029.677841
-100.0,100,16031.455243
-97.0,100,16033.242325
-22.0,100,16034.964158
-10.0,100,16036.825255
-100.0,100,16038.569371
-14.0,100,16040.338138
-39.0,100,16042.148356
-45.0,100,16043.922812
-100.0,100,16045.664357
-27.0,100,16047.416157
-20.0,100,16049.172057
-20.0,100,16050.962254
-12.0,100,16052.681321
-97.0,100,16054.386181
-100.0,100,16056.149992
-100.0,100,16057.974511
-100.0,100,16059.724093
-1.0,100,16061.454743
-96.0,100,16063.203816
-9.0,100,16065.004528
-100.0,100,16066.771692
-4.0,100,16068.50274
0.0,100,16070.237821
-73.0,100,16072.028929
-100.0,100,16073.930886
-100.0,100,16075.719908
-22.0,100,16077.461231
-100.0,100,16079.175901
-33.0,100,16080.825603
-98.0,100,16082.453355
-1.0,100,16084.197947
-13.0,100,16086.182243
-100.0,100,16087.958329
-22.0,100,16089.795851
-100.0,100,16091.621938
-13.0,100,16093.423675
-100.0,100,16095.242667
-12.0,100,16096.79654
-9.0,100,16098.194508
-100.0,100,16099.806964
-24.0,100,16101.618085
-4.0,100,16103.485746
-100.0,100,16105.25975
-11.0,100,16107.024642
-100.0,100,16108.735576
-68.0,100,16110.451612
-23.0,100,16112.267532
-38.0,100,16114.088102
-100.0,100,16115.833893
-11.0,100,16117.516092
-100.0,100,16119.51689
-2.0,100,16121.355864
-100.0,100,16123.13565
-100.0,100,16124.893771
-7.0,100,16126.61193
-84.0,100,16128.401243
-23.0,100,16130.279802
-2.0,100,16132.088572
-23.0,100,16133.86685
-100.0,100,16135.610107
-3.0,100,16137.378193
-100.0,100,16139.132727
-28.0,100,16140.881741
-29.0,100,16142.610056
-87.0,100,16144.192459
-100.0,100,16146.021816
-100.0,100,16147.78119
-65.0,100,16149.610765
-33.0,100,16151.365957
-100.0,100,16153.098869
-47.0,100,16154.937505
-100.0,100,16156.924678
-26.0,100,16158.759937
-14.0,100,16160.543769
-100.0,100,16162.319548
-21.0,100,16164.011309
-100.0,100,16165.923764
-22.0,100,16167.941216
-10.0,100,16169.857827
-100.0,100,16171.670695
-25.0,100,16173.415585
0.0,100,16175.23586
-2.0,100,16176.979294
-4.0,100,16178.737895
-51.0,100,16180.49566
-11.0,100,16182.225813
-54.0,100,16184.11532
-100.0,100,16185.934254
-15.0,100,16187.729752
-87.0,100,16189.465274
-85.0,100,16191.230068
-3.0,100,16193.161315
-1.0,100,16195.044565
-100.0,100,16196.903052
-23.0,100,16198.687288
-10.0,100,16200.463956
-100.0,100,16202.248467
-9.0,100,16204.040139
-4.0,100,16205.752218
0.0,100,16207.530173
-100.0,100,16209.330506
-24.0,100,16211.098897
-100.0,100,16212.890437
-17.0,100,16214.654913
-20.0,100,16216.35549
-100.0,100,16218.02507
-100.0,100,16219.894196
-15.0,100,16221.660093
-100.0,100,16223.421664
-3.0,100,16225.123573
-16.0,100,16226.531726
-100.0,100,16228.030931
-28.0,100,16229.74493
-100.0,100,16231.551178
-34.0,100,16233.311921
-11.0,100,16235.119278
-98.0,100,16237.759854
-100.0,100,16240.68984
-13.0,100,16243.6767
-42.0,100,16246.735074
-100.0,100,16249.702239
-100.0,100,16252.78164
-20.0,100,16255.78863
-19.0,100,16258.876496
-100.0,100,16261.867573
-21.0,100,16264.917526
-18.0,100,16267.894992
-25.0,100,16270.966649
-100.0,100,16273.966948
-9.0,100,16276.982181
-22.0,100,16280.042137
-100.0,100,16283.094629
-64.0,100,16286.099481
-13.0,100,16289.158544
-100.0,100,16292.232064
-4.0,100,16295.379498
-100.0,100,16298.406458
-11.0,100,16301.399215
-32.0,100,16304.467286
-35.0,100,16307.478873
-2.0,100,16310.60378
-2.0,100,16313.629372
-7.0,100,16316.672621
-100.0,100,16319.670301
-100.0,100,16322.709918
-13.0,100,16325.695513
-100.0,100,16328.693754
-55.0,100,16331.801899
-13.0,100,16334.790317
-13.0,100,16337.844226
-6.0,100,16340.909624
-1.0,100,16343.922828
-4.0,100,16346.997566
-29.0,100,16349.990817
-100.0,100,16352.969951
-100.0,100,16356.098162
-3.0,100,16359.077881
-9.0,100,16362.153018
-92.0,100,16365.156597
-10.0,100,16368.217192
-14.0,100,16371.218575
-23.0,100,16374.292434
-23.0,100,16377.307454
-100.0,100,16380.310722
-2.0,100,16383.311371
-100.0,100,16386.335232
-4.0,100,16389.370896
-8.0,100,16392.369873
-9.0,100,16395.421069
-5.0,100,16398.434547
-41.0,100,16401.482358
-27.0,100,16404.532718
-4.0,100,16407.530593
-100.0,100,16410.545492
-6.0,100,16413.624924
-100.0,100,16416.674864
-24.0,100,16419.735838
-23.0,100,16422.761708
-18.0,100,16425.803556
-67.0,100,16428.857276
-79.0,100,16431.927561
-100.0,100,16434.942008
-100.0,100,16437.921743
-9.0,100,16441.000898
-12.0,100,16443.971602
-100.0,100,16446.965604
-26.0,100,16449.973515
-8.0,100,16453.024875
-100.0,100,16456.056605
-1.0,100,16459.120254
-8.0,100,16462.123777
-100.0,100,16465.150471
-100.0,100,16468.154297
-15.0,100,16471.21503
-45.0,100,16474.228616
-8.0,100,16477.276015
-36.0,100,16480.279513
-100.0,100,16483.335799
-100.0,100,16486.34302
-8.0,100,16489.405373
-15.0,100,16492.422398
-61.0,100,16495.484118
-16.0,100,16498.489887
-20.0,100,16501.5472
-2.0,100,16504.566397
-6.0,100,16507.546596
-2.0,100,16510.61542
-12.0,100,16513.679271
-22.0,100,16516.689007
-7.0,100,16519.712299
-100.0,100,16522.724574
-100.0,100,16525.759496
-23.0,100,16528.77
-96.0,100,16531.758577
-60.0,100,16534.78981
-100.0,100,16537.784979
-10.0,100,16540.824203
-15.0,100,16543.829444
-100.0,100,16546.859002
-36.0,100,16549.868515
-18.0,100,16552.955863
-32.0,100,16555.929705
-21.0,100,16558.940234
-40.0,100,16561.927383
-28.0,100,16564.939889
-53.0,100,16567.966474
-100.0,100,16571.002601
-100.0,100,16574.071261
-31.0,100,16577.066315
-100.0,100,16581.122709
-98.0,100,16583.212515
-88.0,100,16585.003424
-45.0,100,16586.72251
-50.0,100,16588.465821
-21.0,100,16590.315269
-10.0,100,16592.134508
-100.0,100,16593.723551
-3.0,100,16595.243106
-90.0,100,16596.769394
-13.0,100,16598.347911
-100.0,100,16600.138128
-31.0,100,16601.823206
-46.0,100,16603.53481
-17.0,100,16605.250538
-12.0,100,16607.042968
-100.0,100,16608.826071
-21.0,100,16610.651996
-100.0,100,16612.458841
-19.0,100,16614.247553
-27.0,100,16616.058419
-9.0,100,16617.833291
-12.0,100,16619.716947
-100.0,100,16621.483468
-94.0,100,16623.173854
-2.0,100,16624.95512
-100.0,100,16626.717382
-5.0,100,16628.489708
-69.0,100,16630.250278
-2.0,100,16632.018586
-2.0,100,16633.8091
-18.0,100,16635.633105
-100.0,100,16637.434553
-18.0,100,16639.243076
-100.0,100,16641.048637
-7.0,100,16642.860509
-100.0,100,16644.512875
-100.0,100,16646.170534
-42.0,100,16647.921217
-88.0,100,16649.501022
-3.0,100,16651.088051
-93.0,100,16652.712207
-100.0,100,16654.574644
-2.0,100,16656.361562
-95.0,100,16658.124967
-45.0,100,16659.843256
-100.0,100,16661.633534
-30.0,100,16663.437677
-89.0,100,16665.253042
-1.0,100,16667.087581
-21.0,100,16668.878227
-11.0,100,16670.7029
0.0,100,16672.531539
-100.0,100,16674.372481
-100.0,100,16676.140801
-100.0,100,16677.910468
-6.0,100,16679.72131
-100.0,100,16681.476066
-100.0,100,16683.27418
-100.0,100,16685.113615
0.0,100,16686.911166
-16.0,100,16688.726269
-54.0,100,16690.502989
-9.0,100,16692.366435
-49.0,100,16694.109482
-100.0,100,16695.886585
-100.0,100,16697.74749
-100.0,100,16699.609396
-100.0,100,16701.431109
-97.0,100,16703.228292
-65.0,100,16705.046111
-100.0,100,16706.865896
-2.0,100,16708.708182
-100.0,100,16710.545131
-17.0,100,16712.348599
-43.0,100,16713.865777
-100.0,100,16715.382951
-37.0,100,16717.243015
-10.0,100,16719.165028
-78.0,100,16720.821338
-20.0,100,16722.297639
-32.0,100,16723.84598
-12.0,100,16725.811156
-15.0,100,16727.33854
-100.0,100,16728.830214
-100.0,100,16730.483982
0.0,100,16732.082321
-39.0,100,16733.788595
-1.0,100,16735.621114
-100.0,100,16737.427206
-100.0,100,16739.136262
-2.0,100,16740.767392
-100.0,100,16742.520882
-4.0,100,16744.297244
-22.0,100,16746.066504
-10.0,100,16747.823608
-100.0,100,16749.576215
-37.0,100,16751.318785
-2.0,100,16753.104576
-6.0,100,16754.89778
-23.0,100,16756.344047
-5.0,100,16757.784792
-56.0,100,16759.405164
-10.0,100,16761.091415
0.0,100,16762.83699
-100.0,100,16764.58355
-44.0,100,16766.337892
-100.0,100,16768.0824
-100.0,100,16769.834447
-18.0,100,16771.621815
-100.0,100,16773.38251
-96.0,100,16775.121301
-6.0,100,16776.854148
-5.0,100,16778.615474
-20.0,100,16780.411755
-100.0,100,16782.13581
-84.0,100,16783.821384
-9.0,100,16785.237441
-13.0,100,16786.685007
-3.0,100,16788.292594
-32.0,100,16790.052445
-100.0,100,16791.807978
-3.0,100,16793.597439
-11.0,100,16795.375314
-50.0,100,16797.157364
-16.0,100,16798.970046
-82.0,100,16800.759674
-100.0,100,16802.496497
-6.0,100,16804.261195
-26.0,100,16806.064654
-3.0,100,16807.857333
-36.0,100,16809.632211
-69.0,100,16811.397819
-100.0,100,16813.167127
-61.0,100,16814.980712
-16.0,100,16816.779703
-11.0,100,16818.569574
-100.0,100,16820.595997
-6.0,100,16822.44364
-22.0,100,16824.27902
-11.0,100,16826.112278
-5.0,100,16827.899851
-41.0,100,16829.710126
-10.0,100,16831.373497
-53.0,100,16833.018106
-50.0,100,16834.764312
-9.0,100,16836.564328
-5.0,100,16838.346798
-100.0,100,16840.128122
-34.0,100,16841.934516
-100.0,100,16843.809587
-100.0,100,16845.646367
-19.0,100,16847.476269
-89.0,100,16849.314842
-79.0,100,16851.069251
-100.0,100,16852.861856
0.0,100,16854.702323
-11.0,100,16856.200681
-94.0,100,16857.644426
-6.0,100,16859.216318
-100.0,100,16860.978754
-2.0,100,16862.773044
-100.0,100,16864.287316
-10.0,100,16865.713561
-89.0,100,16867.316011
-100.0,100,16868.919555
-17.0,100,16870.379295
-35.0,100,16871.812867
-27.0,100,16873.480869
-1.0,100,16875.204862
-100.0,100,16876.937611
-23.0,100,16878.488202
-81.0,100,16879.963909
-31.0,100,16881.493151
-100.0,100,16883.242594
-100.0,100,16884.965908
-100.0,100,16886.766058
-89.0,100,16888.560498
-100.0,100,16890.504806
-2.0,100,16892.348499
-50.0,100,16894.160596
-26.0,100,16895.871083
-10.0,100,16897.661754
-95.0,100,16899.474602
-16.0,100,16901.224906
-100.0,100,16902.808172
-8.0,100,16904.382029
-100.0,100,16906.215151
-22.0,100,16907.965365
-100.0,100,16909.729939
-29.0,100,16911.439674
-100.0,100,16913.026006
-24.0,100,16914.735397
-89.0,100,16916.496508
-29.0,100,16918.300251
-19.0,100,16919.885124
-51.0,100,16921.588025
-16.0,100,16923.372926
-7.0,100,16925.18138
-100.0,100,16926.976055
-12.0,100,16928.73234
-33.0,100,16930.460933
-7.0,100,16932.234461
-14.0,100,16933.980306
-25.0,100,16935.685184
-6.0,100,16937.452844
-100.0,100,16939.141701
-4.0,100,16940.865493
-37.0,100,16942.649231
-100.0,100,16944.422549
-100.0,100,16946.207418
-11.0,100,16948.025954
-15.0,100,16949.748634
-100.0,100,16951.478558
-22.0,100,16953.302616
-3.0,100,16954.92859
-3.0,100,16956.350704
-16.0,100,16957.950263
-100.0,100,16959.67985
-4.0,100,16961.429
-66.0,100,16963.223816
-100.0,100,16965.014168
-8.0,100,16966.65978
-23.0,100,16968.407675
-100.0,100,16970.218644
-18.0,100,16971.838824
-100.0,100,16973.594681
-4.0,100,16975.092935
-18.0,100,16976.743528
-17.0,100,16978.520692
-100.0,100,16980.347738
-3.0,100,16982.007476
-6.0,100,16983.712628
-10.0,100,16985.428183
-100.0,100,16987.194968
-37.0,100,16989.001021
-100.0,100,16990.696017
-100.0,100,16992.418726
-2.0,100,16994.171909
-11.0,100,16995.895574
-8.0,100,16997.993574
-2.0,100,16999.810789
-42.0,100,17001.514759
-17.0,100,17003.264298
-16.0,100,17005.053648
-28.0,100,17006.884562
-66.0,100,17008.714262
-4.0,100,17010.530315
-1.0,100,17012.340388
-4.0,100,17014.185027
-11.0,100,17017.832894
-2.0,100,17019.610359
-2.0,100,17021.395219
-59.0,100,17023.192045
-57.0,100,17025.033738
-50.0,100,17026.81224
-61.0,100,17028.559719
0.0,100,17030.361201
-100.0,100,17032.280069
-56.0,100,17034.082462
-8.0,100,17035.881029
-11.0,100,17037.421402
-70.0,100,17038.913562
-82.0,100,17040.773151
-34.0,100,17042.607873
-99.0,100,17044.394808
-85.0,100,17046.183526
-5.0,100,17047.97137
-62.0,100,17049.802736
0.0,100,17051.593868
-100.0,100,17053.417433
-100.0,100,17055.198036
0.0,100,17056.966978
-37.0,100,17058.781682
-100.0,100,17060.646371
-20.0,100,17062.384683
-100.0,100,17063.834438
-2.0,100,17065.354096
-11.0,100,17067.067744
-1.0,100,17068.89718
-100.0,100,17070.746767
-89.0,100,17072.604958
-62.0,100,17074.436613
-27.0,100,17076.264037
-30.0,100,17078.139644
-12.0,100,17079.927193
-1.0,100,17081.779407
-12.0,100,17083.641178
-2.0,100,17085.462907
-87.0,100,17087.267326
-100.0,100,17089.076129
-11.0,100,17090.912785
-100.0,100,17092.569426
-76.0,100,17094.241026
-44.0,100,17096.029265
-100.0,100,17097.832209
-19.0,100,17099.598909
-19.0,100,17101.216036
-7.0,100,17102.847852
-100.0,100,17104.684302
-45.0,100,17106.521029
-19.0,100,17108.388251
-100.0,100,17110.233221
-100.0,100,17112.080554
-22.0,100,17113.921046
-48.0,100,17115.762714
-100.0,100,17117.564455
-18.0,100,17119.344587
-69.0,100,17121.154243
-30.0,100,17122.977116
-100.0,100,17124.812872
-2.0,100,17126.662834
-6.0,100,17128.520062
-56.0,100,17130.343447
-100.0,100,17132.175116
-48.0,100,17134.033134
-100.0,100,17135.855763
-19.0,100,17137.687312
-39.0,100,17139.531517
-28.0,100,17141.320035
0.0,100,17143.178876
-100.0,100,17144.917506
-56.0,100,17146.609093
-100.0,100,17148.352672
-100.0,100,17150.182591
-3.0,100,17152.011738
-11.0,100,17153.908688
-70.0,100,17155.770808
-100.0,100,17157.605416
-100.0,100,17159.305069
-54.0,100,17161.124627
-24.0,100,17162.90837
-12.0,100,17164.662328
-19.0,100,17166.320637
-8.0,100,17168.006324
-100.0,100,17169.875967
-4.0,100,17171.775339
-100.0,100,17173.804301
-100.0,100,17175.647712
-35.0,100,17177.492455
-100.0,100,17179.31257
-100.0,100,17181.140638
-2.0,100,17183.009146
-28.0,100,17184.806515
-34.0,100,17186.653006
-5.0,100,17188.508295
-38.0,100,17190.30161
-7.0,100,17192.141649
-10.0,100,17193.959662
-100.0,100,17195.805574
-4.0,100,17197.648497
-11.0,100,17199.523055
-10.0,100,17201.325068
-7.0,100,17203.109079
-10.0,100,17204.92139
-98.0,100,17206.711351
-42.0,100,17208.548222
-23.0,100,17210.325999
-100.0,100,17212.134161
-100.0,100,17213.956516
-100.0,100,17215.775417
-100.0,100,17217.615308
-12.0,100,17219.43536
-100.0,100,17221.270396
-100.0,100,17223.06292
-100.0,100,17224.931927
-13.0,100,17226.866578
-25.0,100,17228.716399
-24.0,100,17230.505716
-38.0,100,17232.321475
-70.0,100,17234.171463
-4.0,100,17236.016004
-37.0,100,17237.904105
-100.0,100,17239.759761
-26.0,100,17241.652308
-100.0,100,17243.504
-100.0,100,17245.361866
-100.0,100,17247.221177
-100.0,100,17249.025976
-100.0,100,17250.866078
-100.0,100,17252.671972
-100.0,100,17254.544273
-1.0,100,17256.376081
-45.0,100,17258.191412
-10.0,100,17260.040786
-97.0,100,17261.851804
-100.0,100,17263.74769
-100.0,100,17265.562628
-88.0,100,17267.318194
-100.0,100,17269.101694
-56.0,100,17270.965818
0.0,100,17272.857825
-100.0,100,17274.748467
-100.0,100,17276.56423
-3.0,100,17278.423647
0.0,100,17280.311369
-12.0,100,17282.227522
-15.0,100,17284.051311
-51.0,100,17285.6885
-6.0,100,17287.227017
-100.0,100,17288.937992
-100.0,100,17290.799681
-2.0,100,17292.6901
-29.0,100,17294.512966
-48.0,100,17296.314342
-100.0,100,17298.107292
-100.0,100,17299.96926
-14.0,100,17301.955907
-54.0,100,17303.823419
-33.0,100,17305.67822
-100.0,100,17307.524643
-52.0,100,17309.374051
-75.0,100,17311.171718
-13.0,100,17312.951591
-100.0,100,17314.66463
-100.0,100,17316.482817
-31.0,100,17318.312618
-11.0,100,17320.185472
-11.0,100,17321.964533
-12.0,100,17323.704379
-88.0,100,17325.454925
-20.0,100,17327.278924
-100.0,100,17329.0958
-23.0,100,17330.897998
-9.0,100,17332.684669
-10.0,100,17334.512648
-25.0,100,17336.354377
-10.0,100,17338.182976
-2.0,100,17339.966626
-76.0,100,17341.76058
-21.0,100,17343.593857
-100.0,100,17345.376368
-100.0,100,17347.183539
-100.0,100,17348.78974
-23.0,100,17350.541101
-1.0,100,17352.392856
-8.0,100,17354.223445
-100.0,100,17355.942409
-100.0,100,17357.528526
-20.0,100,17358.98526
-5.0,100,17360.881805
-98.0,100,17362.61647
-99.0,100,17364.213453
-100.0,100,17365.756092
-2.0,100,17367.310922
-33.0,100,17368.883675
-4.0,100,17370.665339
-10.0,100,17372.357219
-100.0,100,17374.135855
-100.0,100,17375.876405
-7.0,100,17377.555291
-36.0,100,17379.240607
-100.0,100,17381.062809
-10.0,100,17382.871843
-62.0,100,17384.66872
-10.0,100,17386.441473
-100.0,100,17388.222378
-35.0,100,17390.015257
-12.0,100,17391.804262
-22.0,100,17393.272074
-97.0,100,17394.739622
-28.0,100,17396.251242
-25.0,100,17398.008704
-100.0,100,17399.794692
-60.0,100,17401.389734
-9.0,100,17402.908576
-2.0,100,17404.708549
-67.0,100,17406.559386
-28.0,100,17408.468413
-14.0,100,17410.248836
-17.0,100,17411.950006
-100.0,100,17413.621616
-1.0,100,17415.488988
-100.0,100,17417.340974
-100.0,100,17419.000772
-36.0,100,17420.691378
-8.0,100,17422.386195
-100.0,100,17424.152674
-100.0,100,17425.975709
-97.0,100,17427.777602
-56.0,100,17429.538712
-36.0,100,17430.980618
-7.0,100,17432.603643
-8.0,100,17434.270587
-36.0,100,17436.030116
-18.0,100,17437.785588
-100.0,100,17439.584722
-7.0,100,17441.403131
-2.0,100,17443.396396
-100.0,100,17445.304842
-30.0,100,17447.119391
-100.0,100,17448.919844
-21.0,100,17450.76213
-5.0,100,17452.66776
-10.0,100,17454.54517
-100.0,100,17456.394104
-6.0,100,17458.21938
-29.0,100,17460.055694
-100.0,100,17461.899441
-15.0,100,17463.664661
-49.0,100,17466.157646
-15.0,100,17467.85638
-17.0,100,17469.69436
-4.0,100,17471.456893
-2.0,100,17473.151162
-13.0,100,17474.656218
-100.0,100,17476.4007
-40.0,100,17478.222089
-8.0,100,17480.114083
-100.0,100,17481.940335
-100.0,100,17483.732426
-100.0,100,17485.542552
-37.0,100,17487.391839
-18.0,100,17489.214602
-4.0,100,17491.020598
-2.0,100,17492.820172
-4.0,100,17494.64567
-3.0,100,17496.49348
-7.0,100,17498.346007
-17.0,100,17500.15611
-25.0,100,17501.991783
-21.0,100,17503.758321
-5.0,100,17505.572713
-41.0,100,17507.383495
-100.0,100,17509.230277
-1.0,100,17511.124825
-7.0,100,17513.005063
-13.0,100,17514.885929
-3.0,100,17516.805946
-17.0,100,17518.658196
-100.0,100,17520.420611
-35.0,100,17522.253162
-7.0,100,17524.130769
-28.0,100,17525.975833
-45.0,100,17527.86528
-43.0,100,17529.508212
-7.0,100,17531.062636
-56.0,100,17532.910282
-7.0,100,17534.814465
-100.0,100,17536.590728
-3.0,100,17538.274413
-35.0,100,17540.132372
-100.0,100,17541.919647
-95.0,100,17543.755964
-1.0,100,17545.479283
-74.0,100,17547.252721
-3.0,100,17549.120888
-12.0,100,17550.992893
0.0,100,17552.876462
-11.0,100,17554.684893
-100.0,100,17556.528466
-12.0,100,17558.316963
-13.0,100,17560.140697
-12.0,100,17561.984905
-92.0,100,17563.858091
-100.0,100,17565.683172
-26.0,100,17567.48838
-58.0,100,17569.398013
-100.0,100,17571.267516
-6.0,100,17573.063733
-31.0,100,17574.857352
-76.0,100,17576.662682
-9.0,100,17578.491116
-100.0,100,17580.351774
-9.0,100,17582.031687
-11.0,100,17583.830695
-100.0,100,17585.621857
-21.0,100,17587.329226
-10.0,100,17589.144036
-5.0,100,17590.954349
-2.0,100,17592.735527
-79.0,100,17594.56516
-23.0,100,17596.416671
-1.0,100,17598.298021
-51.0,100,17600.136341
-17.0,100,17601.738126
-2.0,100,17603.261747
-5.0,100,17604.925086
-100.0,100,17606.797866
-84.0,100,17608.569659
-100.0,100,17610.310368
-22.0,100,17612.099888
-64.0,100,17613.828244
-31.0,100,17615.581295
-100.0,100,17617.337057
-100.0,100,17618.982295
-100.0,100,17620.784504
-42.0,100,17622.469227
-100.0,100,17624.183447
-10.0,100,17625.97295
-100.0,100,17627.755956
-100.0,100,17629.543746
-11.0,100,17631.121248
-100.0,100,17632.59303
-100.0,100,17634.208
-100.0,100,17636.014204
-64.0,100,17637.753128
-86.0,100,17639.487597
-100.0,100,17641.275117
-100.0,100,17643.140551
-63.0,100,17644.977289
-100.0,100,17646.748272
-12.0,100,17648.528039
-100.0,100,17650.333177
-100.0,100,17652.123095
-4.0,100,17653.982037
-100.0,100,17655.79493
-100.0,100,17657.57933
-100.0,100,17659.224485
-17.0,100,17661.125686
-65.0,100,17662.999194
-52.0,100,17664.676399
-100.0,100,17666.332162
-4.0,100,17668.127463
-100.0,100,17669.976187
-100.0,100,17671.811076
-1.0,100,17673.414445
-100.0,100,17674.824544
-100.0,100,17676.424715
-100.0,100,17678.181309
-77.0,100,17680.044242
-11.0,100,17681.832915
-14.0,100,17683.56476
-1.0,100,17685.219877
-100.0,100,17686.987591
-21.0,100,17688.786245
-13.0,100,17690.566927
-100.0,100,17692.333824
-100.0,100,17694.137483
-100.0,100,17695.955344
-11.0,100,17697.7007
-100.0,100,17699.449732
-41.0,100,17701.218797
-27.0,100,17703.008504
-8.0,100,17704.787554
-53.0,100,17706.554157
-3.0,100,17708.355473
-23.0,100,17710.145771
-12.0,100,17712.007976
-10.0,100,17713.831326
-1.0,100,17715.669929
-100.0,100,17717.11823
-42.0,100,17718.560919
-100.0,100,17720.130922
-70.0,100,17721.97948
-47.0,100,17723.746753
-99.0,100,17725.560125
-54.0,100,17727.374218
-1.0,100,17729.234954
-100.0,100,17731.052343
-100.0,100,17732.869557
-100.0,100,17734.661813
0.0,100,17736.466382
-1.0,100,17738.261067
-8.0,100,17740.117526
-9.0,100,17741.95267
-100.0,100,17743.774247
-2.0,100,17745.612374
-100.0,100,17747.417217
-100.0,100,17749.247938
-10.0,100,17751.112892
-3.0,100,17752.956694
-1.0,100,17754.799101
-18.0,100,17756.628958
-79.0,100,17758.436717
-38.0,100,17760.288835
-100.0,100,17762.132551
-37.0,100,17763.954456
-59.0,100,17765.778774
-100.0,100,17767.55567
-89.0,100,17769.420542
-31.0,100,17771.226512
-100.0,100,17772.996235
-33.0,100,17774.841241
-100.0,100,17776.728746
-51.0,100,17778.580356
-10.0,100,17780.371281
-2.0,100,17781.979703
-10.0,100,17783.577489
-100.0,100,17785.274804
-3.0,100,17787.313402
-100.0,100,17789.259699
-45.0,100,17791.099162
0.0,100,17792.94045
-10.0,100,17794.764856
-41.0,100,17796.548658
-100.0,100,17798.36899
-41.0,100,17799.963218
-13.0,100,17801.545517
-15.0,100,17803.16975
-18.0,100,17804.971379
-62.0,100,17806.796599
-6.0,100,17808.549595
-49.0,100,17810.323824
-53.0,100,17812.154857
-13.0,100,17814.029538
-100.0,100,17815.817744
-100.0,100,17817.581259
-3.0,100,17819.389297
-14.0,100,17821.189234
-11.0,100,17822.985646
-100.0,100,17824.785588
0.0,100,17826.531697
-100.0,100,17828.213167
-12.0,100,17830.02265
-67.0,100,17831.822993
-94.0,100,17833.624294
-2.0,100,17835.394006
-1.0,100,17837.217537
-100.0,100,17839.006853
-100.0,100,17840.922096
-16.0,100,17842.735458
-69.0,100,17844.529516
-53.0,100,17846.11632
-16.0,100,17847.946302
-100.0,100,17849.818272
-56.0,100,17851.703915
-100.0,100,17853.501267
-88.0,100,17855.117962
-99.0,100,17856.80739
-100.0,100,17858.626614
-30.0,100,17860.485796
-100.0,100,17862.33327
-100.0,100,17864.144647
-100.0,100,17866.003136
-1.0,100,17867.834082
-100.0,100,17869.646943
-25.0,100,17871.479011
-30.0,100,17873.250039
-28.0,100,17875.040248
-41.0,100,17876.852048
-16.0,100,17878.669887
0.0,100,17880.466552
-100.0,100,17882.271661
-1.0,100,17884.123744
-61.0,100,17885.959716
-100.0,100,17887.733371
-14.0,100,17889.533216
-100.0,100,17891.364818
-28.0,100,17893.16337
-16.0,100,17894.839748
-14.0,100,17896.540109
-15.0,100,17898.359057
-19.0,100,17900.11148
-38.0,100,17901.856406
-23.0,100,17903.434701
-24.0,100,17905.230283
-2.0,100,17906.992265
-6.0,100,17908.749507
-15.0,100,17910.488528
